file,window,spectrogram,label,signal_type,sample_rate,snr_db,sir_db
Combined_LTE_DSSS_frame_1,0,spectrograms/Combined_LTE_DSSS_frame_1_w0.npy,1,LTE_DSSS,7680000.0,0.0,0.0
Combined_LTE_DSSS_frame_1,1,spectrograms/Combined_LTE_DSSS_frame_1_w1.npy,1,LTE_DSSS,7680000.0,0.0,0.0
Combined_LTE_DSSS_frame_1,2,spectrograms/Combined_LTE_DSSS_frame_1_w2.npy,1,LTE_DSSS,7680000.0,0.0,0.0
Combined_LTE_DSSS_frame_1,3,spectrograms/Combined_LTE_DSSS_frame_1_w3.npy,1,LTE_DSSS,7680000.0,0.0,0.0
Combined_LTE_DSSS_frame_10,0,spectrograms/Combined_LTE_DSSS_frame_10_w0.npy,1,LTE_DSSS,7680000.0,5.0,5.0
Combined_LTE_DSSS_frame_10,1,spectrograms/Combined_LTE_DSSS_frame_10_w1.npy,1,LTE_DSSS,7680000.0,5.0,5.0
Combined_LTE_DSSS_frame_10,2,spectrograms/Combined_LTE_DSSS_frame_10_w2.npy,1,LTE_DSSS,7680000.0,5.0,5.0
Combined_LTE_DSSS_frame_10,3,spectrograms/Combined_LTE_DSSS_frame_10_w3.npy,1,LTE_DSSS,7680000.0,5.0,5.0
Combined_LTE_DSSS_frame_100,0,spectrograms/Combined_LTE_DSSS_frame_100_w0.npy,1,LTE_DSSS,15360000.0,5.0,5.0
Combined_LTE_DSSS_frame_100,1,spectrograms/Combined_LTE_DSSS_frame_100_w1.npy,1,LTE_DSSS,15360000.0,5.0,5.0
Combined_LTE_DSSS_frame_100,2,spectrograms/Combined_LTE_DSSS_frame_100_w2.npy,1,LTE_DSSS,15360000.0,5.0,5.0
Combined_LTE_DSSS_frame_100,3,spectrograms/Combined_LTE_DSSS_frame_100_w3.npy,1,LTE_DSSS,15360000.0,5.0,5.0
Combined_LTE_DSSS_frame_101,0,spectrograms/Combined_LTE_DSSS_frame_101_w0.npy,1,LTE_DSSS,15360000.0,5.0,10.0
Combined_LTE_DSSS_frame_101,1,spectrograms/Combined_LTE_DSSS_frame_101_w1.npy,1,LTE_DSSS,15360000.0,5.0,10.0
Combined_LTE_DSSS_frame_101,2,spectrograms/Combined_LTE_DSSS_frame_101_w2.npy,1,LTE_DSSS,15360000.0,5.0,10.0
Combined_LTE_DSSS_frame_101,3,spectrograms/Combined_LTE_DSSS_frame_101_w3.npy,1,LTE_DSSS,15360000.0,5.0,10.0
Combined_LTE_DSSS_frame_102,0,spectrograms/Combined_LTE_DSSS_frame_102_w0.npy,1,LTE_DSSS,15360000.0,5.0,10.0
Combined_LTE_DSSS_frame_102,1,spectrograms/Combined_LTE_DSSS_frame_102_w1.npy,1,LTE_DSSS,15360000.0,5.0,10.0
Combined_LTE_DSSS_frame_102,2,spectrograms/Combined_LTE_DSSS_frame_102_w2.npy,1,LTE_DSSS,15360000.0,5.0,10.0
Combined_LTE_DSSS_frame_102,3,spectrograms/Combined_LTE_DSSS_frame_102_w3.npy,1,LTE_DSSS,15360000.0,5.0,10.0
Combined_LTE_DSSS_frame_103,0,spectrograms/Combined_LTE_DSSS_frame_103_w0.npy,1,LTE_DSSS,15360000.0,10.0,0.0
Combined_LTE_DSSS_frame_103,1,spectrograms/Combined_LTE_DSSS_frame_103_w1.npy,1,LTE_DSSS,15360000.0,10.0,0.0
Combined_LTE_DSSS_frame_103,2,spectrograms/Combined_LTE_DSSS_frame_103_w2.npy,1,LTE_DSSS,15360000.0,10.0,0.0
Combined_LTE_DSSS_frame_103,3,spectrograms/Combined_LTE_DSSS_frame_103_w3.npy,1,LTE_DSSS,15360000.0,10.0,0.0
Combined_LTE_DSSS_frame_104,0,spectrograms/Combined_LTE_DSSS_frame_104_w0.npy,1,LTE_DSSS,15360000.0,10.0,0.0
Combined_LTE_DSSS_frame_104,1,spectrograms/Combined_LTE_DSSS_frame_104_w1.npy,1,LTE_DSSS,15360000.0,10.0,0.0
Combined_LTE_DSSS_frame_104,2,spectrograms/Combined_LTE_DSSS_frame_104_w2.npy,1,LTE_DSSS,15360000.0,10.0,0.0
Combined_LTE_DSSS_frame_104,3,spectrograms/Combined_LTE_DSSS_frame_104_w3.npy,1,LTE_DSSS,15360000.0,10.0,0.0
Combined_LTE_DSSS_frame_105,0,spectrograms/Combined_LTE_DSSS_frame_105_w0.npy,1,LTE_DSSS,15360000.0,10.0,5.0
Combined_LTE_DSSS_frame_105,1,spectrograms/Combined_LTE_DSSS_frame_105_w1.npy,1,LTE_DSSS,15360000.0,10.0,5.0
Combined_LTE_DSSS_frame_105,2,spectrograms/Combined_LTE_DSSS_frame_105_w2.npy,1,LTE_DSSS,15360000.0,10.0,5.0
Combined_LTE_DSSS_frame_105,3,spectrograms/Combined_LTE_DSSS_frame_105_w3.npy,1,LTE_DSSS,15360000.0,10.0,5.0
Combined_LTE_DSSS_frame_106,0,spectrograms/Combined_LTE_DSSS_frame_106_w0.npy,1,LTE_DSSS,15360000.0,10.0,5.0
Combined_LTE_DSSS_frame_106,1,spectrograms/Combined_LTE_DSSS_frame_106_w1.npy,1,LTE_DSSS,15360000.0,10.0,5.0
Combined_LTE_DSSS_frame_106,2,spectrograms/Combined_LTE_DSSS_frame_106_w2.npy,1,LTE_DSSS,15360000.0,10.0,5.0
Combined_LTE_DSSS_frame_106,3,spectrograms/Combined_LTE_DSSS_frame_106_w3.npy,1,LTE_DSSS,15360000.0,10.0,5.0
Combined_LTE_DSSS_frame_107,0,spectrograms/Combined_LTE_DSSS_frame_107_w0.npy,1,LTE_DSSS,15360000.0,10.0,10.0
Combined_LTE_DSSS_frame_107,1,spectrograms/Combined_LTE_DSSS_frame_107_w1.npy,1,LTE_DSSS,15360000.0,10.0,10.0
Combined_LTE_DSSS_frame_107,2,spectrograms/Combined_LTE_DSSS_frame_107_w2.npy,1,LTE_DSSS,15360000.0,10.0,10.0
Combined_LTE_DSSS_frame_107,3,spectrograms/Combined_LTE_DSSS_frame_107_w3.npy,1,LTE_DSSS,15360000.0,10.0,10.0
Combined_LTE_DSSS_frame_108,0,spectrograms/Combined_LTE_DSSS_frame_108_w0.npy,1,LTE_DSSS,15360000.0,10.0,10.0
Combined_LTE_DSSS_frame_108,1,spectrograms/Combined_LTE_DSSS_frame_108_w1.npy,1,LTE_DSSS,15360000.0,10.0,10.0
Combined_LTE_DSSS_frame_108,2,spectrograms/Combined_LTE_DSSS_frame_108_w2.npy,1,LTE_DSSS,15360000.0,10.0,10.0
Combined_LTE_DSSS_frame_108,3,spectrograms/Combined_LTE_DSSS_frame_108_w3.npy,1,LTE_DSSS,15360000.0,10.0,10.0
Combined_LTE_DSSS_frame_109,0,spectrograms/Combined_LTE_DSSS_frame_109_w0.npy,1,LTE_DSSS,15360000.0,0.0,0.0
Combined_LTE_DSSS_frame_109,1,spectrograms/Combined_LTE_DSSS_frame_109_w1.npy,1,LTE_DSSS,15360000.0,0.0,0.0
Combined_LTE_DSSS_frame_109,2,spectrograms/Combined_LTE_DSSS_frame_109_w2.npy,1,LTE_DSSS,15360000.0,0.0,0.0
Combined_LTE_DSSS_frame_109,3,spectrograms/Combined_LTE_DSSS_frame_109_w3.npy,1,LTE_DSSS,15360000.0,0.0,0.0
Combined_LTE_DSSS_frame_11,0,spectrograms/Combined_LTE_DSSS_frame_11_w0.npy,1,LTE_DSSS,7680000.0,5.0,10.0
Combined_LTE_DSSS_frame_11,1,spectrograms/Combined_LTE_DSSS_frame_11_w1.npy,1,LTE_DSSS,7680000.0,5.0,10.0
Combined_LTE_DSSS_frame_11,2,spectrograms/Combined_LTE_DSSS_frame_11_w2.npy,1,LTE_DSSS,7680000.0,5.0,10.0
Combined_LTE_DSSS_frame_11,3,spectrograms/Combined_LTE_DSSS_frame_11_w3.npy,1,LTE_DSSS,7680000.0,5.0,10.0
Combined_LTE_DSSS_frame_110,0,spectrograms/Combined_LTE_DSSS_frame_110_w0.npy,1,LTE_DSSS,15360000.0,0.0,0.0
Combined_LTE_DSSS_frame_110,1,spectrograms/Combined_LTE_DSSS_frame_110_w1.npy,1,LTE_DSSS,15360000.0,0.0,0.0
Combined_LTE_DSSS_frame_110,2,spectrograms/Combined_LTE_DSSS_frame_110_w2.npy,1,LTE_DSSS,15360000.0,0.0,0.0
Combined_LTE_DSSS_frame_110,3,spectrograms/Combined_LTE_DSSS_frame_110_w3.npy,1,LTE_DSSS,15360000.0,0.0,0.0
Combined_LTE_DSSS_frame_111,0,spectrograms/Combined_LTE_DSSS_frame_111_w0.npy,1,LTE_DSSS,15360000.0,0.0,5.0
Combined_LTE_DSSS_frame_111,1,spectrograms/Combined_LTE_DSSS_frame_111_w1.npy,1,LTE_DSSS,15360000.0,0.0,5.0
Combined_LTE_DSSS_frame_111,2,spectrograms/Combined_LTE_DSSS_frame_111_w2.npy,1,LTE_DSSS,15360000.0,0.0,5.0
Combined_LTE_DSSS_frame_111,3,spectrograms/Combined_LTE_DSSS_frame_111_w3.npy,1,LTE_DSSS,15360000.0,0.0,5.0
Combined_LTE_DSSS_frame_112,0,spectrograms/Combined_LTE_DSSS_frame_112_w0.npy,1,LTE_DSSS,15360000.0,0.0,5.0
Combined_LTE_DSSS_frame_112,1,spectrograms/Combined_LTE_DSSS_frame_112_w1.npy,1,LTE_DSSS,15360000.0,0.0,5.0
Combined_LTE_DSSS_frame_112,2,spectrograms/Combined_LTE_DSSS_frame_112_w2.npy,1,LTE_DSSS,15360000.0,0.0,5.0
Combined_LTE_DSSS_frame_112,3,spectrograms/Combined_LTE_DSSS_frame_112_w3.npy,1,LTE_DSSS,15360000.0,0.0,5.0
Combined_LTE_DSSS_frame_113,0,spectrograms/Combined_LTE_DSSS_frame_113_w0.npy,1,LTE_DSSS,15360000.0,0.0,10.0
Combined_LTE_DSSS_frame_113,1,spectrograms/Combined_LTE_DSSS_frame_113_w1.npy,1,LTE_DSSS,15360000.0,0.0,10.0
Combined_LTE_DSSS_frame_113,2,spectrograms/Combined_LTE_DSSS_frame_113_w2.npy,1,LTE_DSSS,15360000.0,0.0,10.0
Combined_LTE_DSSS_frame_113,3,spectrograms/Combined_LTE_DSSS_frame_113_w3.npy,1,LTE_DSSS,15360000.0,0.0,10.0
Combined_LTE_DSSS_frame_114,0,spectrograms/Combined_LTE_DSSS_frame_114_w0.npy,1,LTE_DSSS,15360000.0,0.0,10.0
Combined_LTE_DSSS_frame_114,1,spectrograms/Combined_LTE_DSSS_frame_114_w1.npy,1,LTE_DSSS,15360000.0,0.0,10.0
Combined_LTE_DSSS_frame_114,2,spectrograms/Combined_LTE_DSSS_frame_114_w2.npy,1,LTE_DSSS,15360000.0,0.0,10.0
Combined_LTE_DSSS_frame_114,3,spectrograms/Combined_LTE_DSSS_frame_114_w3.npy,1,LTE_DSSS,15360000.0,0.0,10.0
Combined_LTE_DSSS_frame_115,0,spectrograms/Combined_LTE_DSSS_frame_115_w0.npy,1,LTE_DSSS,15360000.0,5.0,0.0
Combined_LTE_DSSS_frame_115,1,spectrograms/Combined_LTE_DSSS_frame_115_w1.npy,1,LTE_DSSS,15360000.0,5.0,0.0
Combined_LTE_DSSS_frame_115,2,spectrograms/Combined_LTE_DSSS_frame_115_w2.npy,1,LTE_DSSS,15360000.0,5.0,0.0
Combined_LTE_DSSS_frame_115,3,spectrograms/Combined_LTE_DSSS_frame_115_w3.npy,1,LTE_DSSS,15360000.0,5.0,0.0
Combined_LTE_DSSS_frame_116,0,spectrograms/Combined_LTE_DSSS_frame_116_w0.npy,1,LTE_DSSS,15360000.0,5.0,0.0
Combined_LTE_DSSS_frame_116,1,spectrograms/Combined_LTE_DSSS_frame_116_w1.npy,1,LTE_DSSS,15360000.0,5.0,0.0
Combined_LTE_DSSS_frame_116,2,spectrograms/Combined_LTE_DSSS_frame_116_w2.npy,1,LTE_DSSS,15360000.0,5.0,0.0
Combined_LTE_DSSS_frame_116,3,spectrograms/Combined_LTE_DSSS_frame_116_w3.npy,1,LTE_DSSS,15360000.0,5.0,0.0
Combined_LTE_DSSS_frame_117,0,spectrograms/Combined_LTE_DSSS_frame_117_w0.npy,1,LTE_DSSS,15360000.0,5.0,5.0
Combined_LTE_DSSS_frame_117,1,spectrograms/Combined_LTE_DSSS_frame_117_w1.npy,1,LTE_DSSS,15360000.0,5.0,5.0
Combined_LTE_DSSS_frame_117,2,spectrograms/Combined_LTE_DSSS_frame_117_w2.npy,1,LTE_DSSS,15360000.0,5.0,5.0
Combined_LTE_DSSS_frame_117,3,spectrograms/Combined_LTE_DSSS_frame_117_w3.npy,1,LTE_DSSS,15360000.0,5.0,5.0
Combined_LTE_DSSS_frame_118,0,spectrograms/Combined_LTE_DSSS_frame_118_w0.npy,1,LTE_DSSS,15360000.0,5.0,5.0
Combined_LTE_DSSS_frame_118,1,spectrograms/Combined_LTE_DSSS_frame_118_w1.npy,1,LTE_DSSS,15360000.0,5.0,5.0
Combined_LTE_DSSS_frame_118,2,spectrograms/Combined_LTE_DSSS_frame_118_w2.npy,1,LTE_DSSS,15360000.0,5.0,5.0
Combined_LTE_DSSS_frame_118,3,spectrograms/Combined_LTE_DSSS_frame_118_w3.npy,1,LTE_DSSS,15360000.0,5.0,5.0
Combined_LTE_DSSS_frame_119,0,spectrograms/Combined_LTE_DSSS_frame_119_w0.npy,1,LTE_DSSS,15360000.0,5.0,10.0
Combined_LTE_DSSS_frame_119,1,spectrograms/Combined_LTE_DSSS_frame_119_w1.npy,1,LTE_DSSS,15360000.0,5.0,10.0
Combined_LTE_DSSS_frame_119,2,spectrograms/Combined_LTE_DSSS_frame_119_w2.npy,1,LTE_DSSS,15360000.0,5.0,10.0
Combined_LTE_DSSS_frame_119,3,spectrograms/Combined_LTE_DSSS_frame_119_w3.npy,1,LTE_DSSS,15360000.0,5.0,10.0
Combined_LTE_DSSS_frame_12,0,spectrograms/Combined_LTE_DSSS_frame_12_w0.npy,1,LTE_DSSS,7680000.0,5.0,10.0
Combined_LTE_DSSS_frame_12,1,spectrograms/Combined_LTE_DSSS_frame_12_w1.npy,1,LTE_DSSS,7680000.0,5.0,10.0
Combined_LTE_DSSS_frame_12,2,spectrograms/Combined_LTE_DSSS_frame_12_w2.npy,1,LTE_DSSS,7680000.0,5.0,10.0
Combined_LTE_DSSS_frame_12,3,spectrograms/Combined_LTE_DSSS_frame_12_w3.npy,1,LTE_DSSS,7680000.0,5.0,10.0
Combined_LTE_DSSS_frame_120,0,spectrograms/Combined_LTE_DSSS_frame_120_w0.npy,1,LTE_DSSS,15360000.0,5.0,10.0
Combined_LTE_DSSS_frame_120,1,spectrograms/Combined_LTE_DSSS_frame_120_w1.npy,1,LTE_DSSS,15360000.0,5.0,10.0
Combined_LTE_DSSS_frame_120,2,spectrograms/Combined_LTE_DSSS_frame_120_w2.npy,1,LTE_DSSS,15360000.0,5.0,10.0
Combined_LTE_DSSS_frame_120,3,spectrograms/Combined_LTE_DSSS_frame_120_w3.npy,1,LTE_DSSS,15360000.0,5.0,10.0
Combined_LTE_DSSS_frame_121,0,spectrograms/Combined_LTE_DSSS_frame_121_w0.npy,1,LTE_DSSS,15360000.0,10.0,0.0
Combined_LTE_DSSS_frame_121,1,spectrograms/Combined_LTE_DSSS_frame_121_w1.npy,1,LTE_DSSS,15360000.0,10.0,0.0
Combined_LTE_DSSS_frame_121,2,spectrograms/Combined_LTE_DSSS_frame_121_w2.npy,1,LTE_DSSS,15360000.0,10.0,0.0
Combined_LTE_DSSS_frame_121,3,spectrograms/Combined_LTE_DSSS_frame_121_w3.npy,1,LTE_DSSS,15360000.0,10.0,0.0
Combined_LTE_DSSS_frame_122,0,spectrograms/Combined_LTE_DSSS_frame_122_w0.npy,1,LTE_DSSS,15360000.0,10.0,0.0
Combined_LTE_DSSS_frame_122,1,spectrograms/Combined_LTE_DSSS_frame_122_w1.npy,1,LTE_DSSS,15360000.0,10.0,0.0
Combined_LTE_DSSS_frame_122,2,spectrograms/Combined_LTE_DSSS_frame_122_w2.npy,1,LTE_DSSS,15360000.0,10.0,0.0
Combined_LTE_DSSS_frame_122,3,spectrograms/Combined_LTE_DSSS_frame_122_w3.npy,1,LTE_DSSS,15360000.0,10.0,0.0
Combined_LTE_DSSS_frame_123,0,spectrograms/Combined_LTE_DSSS_frame_123_w0.npy,1,LTE_DSSS,15360000.0,10.0,5.0
Combined_LTE_DSSS_frame_123,1,spectrograms/Combined_LTE_DSSS_frame_123_w1.npy,1,LTE_DSSS,15360000.0,10.0,5.0
Combined_LTE_DSSS_frame_123,2,spectrograms/Combined_LTE_DSSS_frame_123_w2.npy,1,LTE_DSSS,15360000.0,10.0,5.0
Combined_LTE_DSSS_frame_123,3,spectrograms/Combined_LTE_DSSS_frame_123_w3.npy,1,LTE_DSSS,15360000.0,10.0,5.0
Combined_LTE_DSSS_frame_124,0,spectrograms/Combined_LTE_DSSS_frame_124_w0.npy,1,LTE_DSSS,15360000.0,10.0,5.0
Combined_LTE_DSSS_frame_124,1,spectrograms/Combined_LTE_DSSS_frame_124_w1.npy,1,LTE_DSSS,15360000.0,10.0,5.0
Combined_LTE_DSSS_frame_124,2,spectrograms/Combined_LTE_DSSS_frame_124_w2.npy,1,LTE_DSSS,15360000.0,10.0,5.0
Combined_LTE_DSSS_frame_124,3,spectrograms/Combined_LTE_DSSS_frame_124_w3.npy,1,LTE_DSSS,15360000.0,10.0,5.0
Combined_LTE_DSSS_frame_125,0,spectrograms/Combined_LTE_DSSS_frame_125_w0.npy,1,LTE_DSSS,15360000.0,10.0,10.0
Combined_LTE_DSSS_frame_125,1,spectrograms/Combined_LTE_DSSS_frame_125_w1.npy,1,LTE_DSSS,15360000.0,10.0,10.0
Combined_LTE_DSSS_frame_125,2,spectrograms/Combined_LTE_DSSS_frame_125_w2.npy,1,LTE_DSSS,15360000.0,10.0,10.0
Combined_LTE_DSSS_frame_125,3,spectrograms/Combined_LTE_DSSS_frame_125_w3.npy,1,LTE_DSSS,15360000.0,10.0,10.0
Combined_LTE_DSSS_frame_126,0,spectrograms/Combined_LTE_DSSS_frame_126_w0.npy,1,LTE_DSSS,15360000.0,10.0,10.0
Combined_LTE_DSSS_frame_126,1,spectrograms/Combined_LTE_DSSS_frame_126_w1.npy,1,LTE_DSSS,15360000.0,10.0,10.0
Combined_LTE_DSSS_frame_126,2,spectrograms/Combined_LTE_DSSS_frame_126_w2.npy,1,LTE_DSSS,15360000.0,10.0,10.0
Combined_LTE_DSSS_frame_126,3,spectrograms/Combined_LTE_DSSS_frame_126_w3.npy,1,LTE_DSSS,15360000.0,10.0,10.0
Combined_LTE_DSSS_frame_127,0,spectrograms/Combined_LTE_DSSS_frame_127_w0.npy,1,LTE_DSSS,15360000.0,0.0,0.0
Combined_LTE_DSSS_frame_127,1,spectrograms/Combined_LTE_DSSS_frame_127_w1.npy,1,LTE_DSSS,15360000.0,0.0,0.0
Combined_LTE_DSSS_frame_127,2,spectrograms/Combined_LTE_DSSS_frame_127_w2.npy,1,LTE_DSSS,15360000.0,0.0,0.0
Combined_LTE_DSSS_frame_127,3,spectrograms/Combined_LTE_DSSS_frame_127_w3.npy,1,LTE_DSSS,15360000.0,0.0,0.0
Combined_LTE_DSSS_frame_128,0,spectrograms/Combined_LTE_DSSS_frame_128_w0.npy,1,LTE_DSSS,15360000.0,0.0,0.0
Combined_LTE_DSSS_frame_128,1,spectrograms/Combined_LTE_DSSS_frame_128_w1.npy,1,LTE_DSSS,15360000.0,0.0,0.0
Combined_LTE_DSSS_frame_128,2,spectrograms/Combined_LTE_DSSS_frame_128_w2.npy,1,LTE_DSSS,15360000.0,0.0,0.0
Combined_LTE_DSSS_frame_128,3,spectrograms/Combined_LTE_DSSS_frame_128_w3.npy,1,LTE_DSSS,15360000.0,0.0,0.0
Combined_LTE_DSSS_frame_129,0,spectrograms/Combined_LTE_DSSS_frame_129_w0.npy,1,LTE_DSSS,15360000.0,0.0,5.0
Combined_LTE_DSSS_frame_129,1,spectrograms/Combined_LTE_DSSS_frame_129_w1.npy,1,LTE_DSSS,15360000.0,0.0,5.0
Combined_LTE_DSSS_frame_129,2,spectrograms/Combined_LTE_DSSS_frame_129_w2.npy,1,LTE_DSSS,15360000.0,0.0,5.0
Combined_LTE_DSSS_frame_129,3,spectrograms/Combined_LTE_DSSS_frame_129_w3.npy,1,LTE_DSSS,15360000.0,0.0,5.0
Combined_LTE_DSSS_frame_13,0,spectrograms/Combined_LTE_DSSS_frame_13_w0.npy,1,LTE_DSSS,7680000.0,10.0,0.0
Combined_LTE_DSSS_frame_13,1,spectrograms/Combined_LTE_DSSS_frame_13_w1.npy,1,LTE_DSSS,7680000.0,10.0,0.0
Combined_LTE_DSSS_frame_13,2,spectrograms/Combined_LTE_DSSS_frame_13_w2.npy,1,LTE_DSSS,7680000.0,10.0,0.0
Combined_LTE_DSSS_frame_13,3,spectrograms/Combined_LTE_DSSS_frame_13_w3.npy,1,LTE_DSSS,7680000.0,10.0,0.0
Combined_LTE_DSSS_frame_130,0,spectrograms/Combined_LTE_DSSS_frame_130_w0.npy,1,LTE_DSSS,15360000.0,0.0,5.0
Combined_LTE_DSSS_frame_130,1,spectrograms/Combined_LTE_DSSS_frame_130_w1.npy,1,LTE_DSSS,15360000.0,0.0,5.0
Combined_LTE_DSSS_frame_130,2,spectrograms/Combined_LTE_DSSS_frame_130_w2.npy,1,LTE_DSSS,15360000.0,0.0,5.0
Combined_LTE_DSSS_frame_130,3,spectrograms/Combined_LTE_DSSS_frame_130_w3.npy,1,LTE_DSSS,15360000.0,0.0,5.0
Combined_LTE_DSSS_frame_131,0,spectrograms/Combined_LTE_DSSS_frame_131_w0.npy,1,LTE_DSSS,15360000.0,0.0,10.0
Combined_LTE_DSSS_frame_131,1,spectrograms/Combined_LTE_DSSS_frame_131_w1.npy,1,LTE_DSSS,15360000.0,0.0,10.0
Combined_LTE_DSSS_frame_131,2,spectrograms/Combined_LTE_DSSS_frame_131_w2.npy,1,LTE_DSSS,15360000.0,0.0,10.0
Combined_LTE_DSSS_frame_131,3,spectrograms/Combined_LTE_DSSS_frame_131_w3.npy,1,LTE_DSSS,15360000.0,0.0,10.0
Combined_LTE_DSSS_frame_132,0,spectrograms/Combined_LTE_DSSS_frame_132_w0.npy,1,LTE_DSSS,15360000.0,0.0,10.0
Combined_LTE_DSSS_frame_132,1,spectrograms/Combined_LTE_DSSS_frame_132_w1.npy,1,LTE_DSSS,15360000.0,0.0,10.0
Combined_LTE_DSSS_frame_132,2,spectrograms/Combined_LTE_DSSS_frame_132_w2.npy,1,LTE_DSSS,15360000.0,0.0,10.0
Combined_LTE_DSSS_frame_132,3,spectrograms/Combined_LTE_DSSS_frame_132_w3.npy,1,LTE_DSSS,15360000.0,0.0,10.0
Combined_LTE_DSSS_frame_133,0,spectrograms/Combined_LTE_DSSS_frame_133_w0.npy,1,LTE_DSSS,15360000.0,5.0,0.0
Combined_LTE_DSSS_frame_133,1,spectrograms/Combined_LTE_DSSS_frame_133_w1.npy,1,LTE_DSSS,15360000.0,5.0,0.0
Combined_LTE_DSSS_frame_133,2,spectrograms/Combined_LTE_DSSS_frame_133_w2.npy,1,LTE_DSSS,15360000.0,5.0,0.0
Combined_LTE_DSSS_frame_133,3,spectrograms/Combined_LTE_DSSS_frame_133_w3.npy,1,LTE_DSSS,15360000.0,5.0,0.0
Combined_LTE_DSSS_frame_134,0,spectrograms/Combined_LTE_DSSS_frame_134_w0.npy,1,LTE_DSSS,15360000.0,5.0,0.0
Combined_LTE_DSSS_frame_134,1,spectrograms/Combined_LTE_DSSS_frame_134_w1.npy,1,LTE_DSSS,15360000.0,5.0,0.0
Combined_LTE_DSSS_frame_134,2,spectrograms/Combined_LTE_DSSS_frame_134_w2.npy,1,LTE_DSSS,15360000.0,5.0,0.0
Combined_LTE_DSSS_frame_134,3,spectrograms/Combined_LTE_DSSS_frame_134_w3.npy,1,LTE_DSSS,15360000.0,5.0,0.0
Combined_LTE_DSSS_frame_135,0,spectrograms/Combined_LTE_DSSS_frame_135_w0.npy,1,LTE_DSSS,15360000.0,5.0,5.0
Combined_LTE_DSSS_frame_135,1,spectrograms/Combined_LTE_DSSS_frame_135_w1.npy,1,LTE_DSSS,15360000.0,5.0,5.0
Combined_LTE_DSSS_frame_135,2,spectrograms/Combined_LTE_DSSS_frame_135_w2.npy,1,LTE_DSSS,15360000.0,5.0,5.0
Combined_LTE_DSSS_frame_135,3,spectrograms/Combined_LTE_DSSS_frame_135_w3.npy,1,LTE_DSSS,15360000.0,5.0,5.0
Combined_LTE_DSSS_frame_136,0,spectrograms/Combined_LTE_DSSS_frame_136_w0.npy,1,LTE_DSSS,15360000.0,5.0,5.0
Combined_LTE_DSSS_frame_136,1,spectrograms/Combined_LTE_DSSS_frame_136_w1.npy,1,LTE_DSSS,15360000.0,5.0,5.0
Combined_LTE_DSSS_frame_136,2,spectrograms/Combined_LTE_DSSS_frame_136_w2.npy,1,LTE_DSSS,15360000.0,5.0,5.0
Combined_LTE_DSSS_frame_136,3,spectrograms/Combined_LTE_DSSS_frame_136_w3.npy,1,LTE_DSSS,15360000.0,5.0,5.0
Combined_LTE_DSSS_frame_137,0,spectrograms/Combined_LTE_DSSS_frame_137_w0.npy,1,LTE_DSSS,15360000.0,5.0,10.0
Combined_LTE_DSSS_frame_137,1,spectrograms/Combined_LTE_DSSS_frame_137_w1.npy,1,LTE_DSSS,15360000.0,5.0,10.0
Combined_LTE_DSSS_frame_137,2,spectrograms/Combined_LTE_DSSS_frame_137_w2.npy,1,LTE_DSSS,15360000.0,5.0,10.0
Combined_LTE_DSSS_frame_137,3,spectrograms/Combined_LTE_DSSS_frame_137_w3.npy,1,LTE_DSSS,15360000.0,5.0,10.0
Combined_LTE_DSSS_frame_138,0,spectrograms/Combined_LTE_DSSS_frame_138_w0.npy,1,LTE_DSSS,15360000.0,5.0,10.0
Combined_LTE_DSSS_frame_138,1,spectrograms/Combined_LTE_DSSS_frame_138_w1.npy,1,LTE_DSSS,15360000.0,5.0,10.0
Combined_LTE_DSSS_frame_138,2,spectrograms/Combined_LTE_DSSS_frame_138_w2.npy,1,LTE_DSSS,15360000.0,5.0,10.0
Combined_LTE_DSSS_frame_138,3,spectrograms/Combined_LTE_DSSS_frame_138_w3.npy,1,LTE_DSSS,15360000.0,5.0,10.0
Combined_LTE_DSSS_frame_139,0,spectrograms/Combined_LTE_DSSS_frame_139_w0.npy,1,LTE_DSSS,15360000.0,10.0,0.0
Combined_LTE_DSSS_frame_139,1,spectrograms/Combined_LTE_DSSS_frame_139_w1.npy,1,LTE_DSSS,15360000.0,10.0,0.0
Combined_LTE_DSSS_frame_139,2,spectrograms/Combined_LTE_DSSS_frame_139_w2.npy,1,LTE_DSSS,15360000.0,10.0,0.0
Combined_LTE_DSSS_frame_139,3,spectrograms/Combined_LTE_DSSS_frame_139_w3.npy,1,LTE_DSSS,15360000.0,10.0,0.0
Combined_LTE_DSSS_frame_14,0,spectrograms/Combined_LTE_DSSS_frame_14_w0.npy,1,LTE_DSSS,7680000.0,10.0,0.0
Combined_LTE_DSSS_frame_14,1,spectrograms/Combined_LTE_DSSS_frame_14_w1.npy,1,LTE_DSSS,7680000.0,10.0,0.0
Combined_LTE_DSSS_frame_14,2,spectrograms/Combined_LTE_DSSS_frame_14_w2.npy,1,LTE_DSSS,7680000.0,10.0,0.0
Combined_LTE_DSSS_frame_14,3,spectrograms/Combined_LTE_DSSS_frame_14_w3.npy,1,LTE_DSSS,7680000.0,10.0,0.0
Combined_LTE_DSSS_frame_140,0,spectrograms/Combined_LTE_DSSS_frame_140_w0.npy,1,LTE_DSSS,15360000.0,10.0,0.0
Combined_LTE_DSSS_frame_140,1,spectrograms/Combined_LTE_DSSS_frame_140_w1.npy,1,LTE_DSSS,15360000.0,10.0,0.0
Combined_LTE_DSSS_frame_140,2,spectrograms/Combined_LTE_DSSS_frame_140_w2.npy,1,LTE_DSSS,15360000.0,10.0,0.0
Combined_LTE_DSSS_frame_140,3,spectrograms/Combined_LTE_DSSS_frame_140_w3.npy,1,LTE_DSSS,15360000.0,10.0,0.0
Combined_LTE_DSSS_frame_141,0,spectrograms/Combined_LTE_DSSS_frame_141_w0.npy,1,LTE_DSSS,15360000.0,10.0,5.0
Combined_LTE_DSSS_frame_141,1,spectrograms/Combined_LTE_DSSS_frame_141_w1.npy,1,LTE_DSSS,15360000.0,10.0,5.0
Combined_LTE_DSSS_frame_141,2,spectrograms/Combined_LTE_DSSS_frame_141_w2.npy,1,LTE_DSSS,15360000.0,10.0,5.0
Combined_LTE_DSSS_frame_141,3,spectrograms/Combined_LTE_DSSS_frame_141_w3.npy,1,LTE_DSSS,15360000.0,10.0,5.0
Combined_LTE_DSSS_frame_142,0,spectrograms/Combined_LTE_DSSS_frame_142_w0.npy,1,LTE_DSSS,15360000.0,10.0,5.0
Combined_LTE_DSSS_frame_142,1,spectrograms/Combined_LTE_DSSS_frame_142_w1.npy,1,LTE_DSSS,15360000.0,10.0,5.0
Combined_LTE_DSSS_frame_142,2,spectrograms/Combined_LTE_DSSS_frame_142_w2.npy,1,LTE_DSSS,15360000.0,10.0,5.0
Combined_LTE_DSSS_frame_142,3,spectrograms/Combined_LTE_DSSS_frame_142_w3.npy,1,LTE_DSSS,15360000.0,10.0,5.0
Combined_LTE_DSSS_frame_143,0,spectrograms/Combined_LTE_DSSS_frame_143_w0.npy,1,LTE_DSSS,15360000.0,10.0,10.0
Combined_LTE_DSSS_frame_143,1,spectrograms/Combined_LTE_DSSS_frame_143_w1.npy,1,LTE_DSSS,15360000.0,10.0,10.0
Combined_LTE_DSSS_frame_143,2,spectrograms/Combined_LTE_DSSS_frame_143_w2.npy,1,LTE_DSSS,15360000.0,10.0,10.0
Combined_LTE_DSSS_frame_143,3,spectrograms/Combined_LTE_DSSS_frame_143_w3.npy,1,LTE_DSSS,15360000.0,10.0,10.0
Combined_LTE_DSSS_frame_144,0,spectrograms/Combined_LTE_DSSS_frame_144_w0.npy,1,LTE_DSSS,15360000.0,10.0,10.0
Combined_LTE_DSSS_frame_144,1,spectrograms/Combined_LTE_DSSS_frame_144_w1.npy,1,LTE_DSSS,15360000.0,10.0,10.0
Combined_LTE_DSSS_frame_144,2,spectrograms/Combined_LTE_DSSS_frame_144_w2.npy,1,LTE_DSSS,15360000.0,10.0,10.0
Combined_LTE_DSSS_frame_144,3,spectrograms/Combined_LTE_DSSS_frame_144_w3.npy,1,LTE_DSSS,15360000.0,10.0,10.0
Combined_LTE_DSSS_frame_145,0,spectrograms/Combined_LTE_DSSS_frame_145_w0.npy,1,LTE_DSSS,30720000.0,0.0,0.0
Combined_LTE_DSSS_frame_145,1,spectrograms/Combined_LTE_DSSS_frame_145_w1.npy,1,LTE_DSSS,30720000.0,0.0,0.0
Combined_LTE_DSSS_frame_145,2,spectrograms/Combined_LTE_DSSS_frame_145_w2.npy,1,LTE_DSSS,30720000.0,0.0,0.0
Combined_LTE_DSSS_frame_145,3,spectrograms/Combined_LTE_DSSS_frame_145_w3.npy,1,LTE_DSSS,30720000.0,0.0,0.0
Combined_LTE_DSSS_frame_146,0,spectrograms/Combined_LTE_DSSS_frame_146_w0.npy,1,LTE_DSSS,30720000.0,0.0,0.0
Combined_LTE_DSSS_frame_146,1,spectrograms/Combined_LTE_DSSS_frame_146_w1.npy,1,LTE_DSSS,30720000.0,0.0,0.0
Combined_LTE_DSSS_frame_146,2,spectrograms/Combined_LTE_DSSS_frame_146_w2.npy,1,LTE_DSSS,30720000.0,0.0,0.0
Combined_LTE_DSSS_frame_146,3,spectrograms/Combined_LTE_DSSS_frame_146_w3.npy,1,LTE_DSSS,30720000.0,0.0,0.0
Combined_LTE_DSSS_frame_147,0,spectrograms/Combined_LTE_DSSS_frame_147_w0.npy,1,LTE_DSSS,30720000.0,0.0,5.0
Combined_LTE_DSSS_frame_147,1,spectrograms/Combined_LTE_DSSS_frame_147_w1.npy,1,LTE_DSSS,30720000.0,0.0,5.0
Combined_LTE_DSSS_frame_147,2,spectrograms/Combined_LTE_DSSS_frame_147_w2.npy,1,LTE_DSSS,30720000.0,0.0,5.0
Combined_LTE_DSSS_frame_147,3,spectrograms/Combined_LTE_DSSS_frame_147_w3.npy,1,LTE_DSSS,30720000.0,0.0,5.0
Combined_LTE_DSSS_frame_148,0,spectrograms/Combined_LTE_DSSS_frame_148_w0.npy,1,LTE_DSSS,30720000.0,0.0,5.0
Combined_LTE_DSSS_frame_148,1,spectrograms/Combined_LTE_DSSS_frame_148_w1.npy,1,LTE_DSSS,30720000.0,0.0,5.0
Combined_LTE_DSSS_frame_148,2,spectrograms/Combined_LTE_DSSS_frame_148_w2.npy,1,LTE_DSSS,30720000.0,0.0,5.0
Combined_LTE_DSSS_frame_148,3,spectrograms/Combined_LTE_DSSS_frame_148_w3.npy,1,LTE_DSSS,30720000.0,0.0,5.0
Combined_LTE_DSSS_frame_149,0,spectrograms/Combined_LTE_DSSS_frame_149_w0.npy,1,LTE_DSSS,30720000.0,0.0,10.0
Combined_LTE_DSSS_frame_149,1,spectrograms/Combined_LTE_DSSS_frame_149_w1.npy,1,LTE_DSSS,30720000.0,0.0,10.0
Combined_LTE_DSSS_frame_149,2,spectrograms/Combined_LTE_DSSS_frame_149_w2.npy,1,LTE_DSSS,30720000.0,0.0,10.0
Combined_LTE_DSSS_frame_149,3,spectrograms/Combined_LTE_DSSS_frame_149_w3.npy,1,LTE_DSSS,30720000.0,0.0,10.0
Combined_LTE_DSSS_frame_15,0,spectrograms/Combined_LTE_DSSS_frame_15_w0.npy,1,LTE_DSSS,7680000.0,10.0,5.0
Combined_LTE_DSSS_frame_15,1,spectrograms/Combined_LTE_DSSS_frame_15_w1.npy,1,LTE_DSSS,7680000.0,10.0,5.0
Combined_LTE_DSSS_frame_15,2,spectrograms/Combined_LTE_DSSS_frame_15_w2.npy,1,LTE_DSSS,7680000.0,10.0,5.0
Combined_LTE_DSSS_frame_15,3,spectrograms/Combined_LTE_DSSS_frame_15_w3.npy,1,LTE_DSSS,7680000.0,10.0,5.0
Combined_LTE_DSSS_frame_150,0,spectrograms/Combined_LTE_DSSS_frame_150_w0.npy,1,LTE_DSSS,30720000.0,0.0,10.0
Combined_LTE_DSSS_frame_150,1,spectrograms/Combined_LTE_DSSS_frame_150_w1.npy,1,LTE_DSSS,30720000.0,0.0,10.0
Combined_LTE_DSSS_frame_150,2,spectrograms/Combined_LTE_DSSS_frame_150_w2.npy,1,LTE_DSSS,30720000.0,0.0,10.0
Combined_LTE_DSSS_frame_150,3,spectrograms/Combined_LTE_DSSS_frame_150_w3.npy,1,LTE_DSSS,30720000.0,0.0,10.0
Combined_LTE_DSSS_frame_151,0,spectrograms/Combined_LTE_DSSS_frame_151_w0.npy,1,LTE_DSSS,30720000.0,5.0,0.0
Combined_LTE_DSSS_frame_151,1,spectrograms/Combined_LTE_DSSS_frame_151_w1.npy,1,LTE_DSSS,30720000.0,5.0,0.0
Combined_LTE_DSSS_frame_151,2,spectrograms/Combined_LTE_DSSS_frame_151_w2.npy,1,LTE_DSSS,30720000.0,5.0,0.0
Combined_LTE_DSSS_frame_151,3,spectrograms/Combined_LTE_DSSS_frame_151_w3.npy,1,LTE_DSSS,30720000.0,5.0,0.0
Combined_LTE_DSSS_frame_152,0,spectrograms/Combined_LTE_DSSS_frame_152_w0.npy,1,LTE_DSSS,30720000.0,5.0,0.0
Combined_LTE_DSSS_frame_152,1,spectrograms/Combined_LTE_DSSS_frame_152_w1.npy,1,LTE_DSSS,30720000.0,5.0,0.0
Combined_LTE_DSSS_frame_152,2,spectrograms/Combined_LTE_DSSS_frame_152_w2.npy,1,LTE_DSSS,30720000.0,5.0,0.0
Combined_LTE_DSSS_frame_152,3,spectrograms/Combined_LTE_DSSS_frame_152_w3.npy,1,LTE_DSSS,30720000.0,5.0,0.0
Combined_LTE_DSSS_frame_153,0,spectrograms/Combined_LTE_DSSS_frame_153_w0.npy,1,LTE_DSSS,30720000.0,5.0,5.0
Combined_LTE_DSSS_frame_153,1,spectrograms/Combined_LTE_DSSS_frame_153_w1.npy,1,LTE_DSSS,30720000.0,5.0,5.0
Combined_LTE_DSSS_frame_153,2,spectrograms/Combined_LTE_DSSS_frame_153_w2.npy,1,LTE_DSSS,30720000.0,5.0,5.0
Combined_LTE_DSSS_frame_153,3,spectrograms/Combined_LTE_DSSS_frame_153_w3.npy,1,LTE_DSSS,30720000.0,5.0,5.0
Combined_LTE_DSSS_frame_154,0,spectrograms/Combined_LTE_DSSS_frame_154_w0.npy,1,LTE_DSSS,30720000.0,5.0,5.0
Combined_LTE_DSSS_frame_154,1,spectrograms/Combined_LTE_DSSS_frame_154_w1.npy,1,LTE_DSSS,30720000.0,5.0,5.0
Combined_LTE_DSSS_frame_154,2,spectrograms/Combined_LTE_DSSS_frame_154_w2.npy,1,LTE_DSSS,30720000.0,5.0,5.0
Combined_LTE_DSSS_frame_154,3,spectrograms/Combined_LTE_DSSS_frame_154_w3.npy,1,LTE_DSSS,30720000.0,5.0,5.0
Combined_LTE_DSSS_frame_155,0,spectrograms/Combined_LTE_DSSS_frame_155_w0.npy,1,LTE_DSSS,30720000.0,5.0,10.0
Combined_LTE_DSSS_frame_155,1,spectrograms/Combined_LTE_DSSS_frame_155_w1.npy,1,LTE_DSSS,30720000.0,5.0,10.0
Combined_LTE_DSSS_frame_155,2,spectrograms/Combined_LTE_DSSS_frame_155_w2.npy,1,LTE_DSSS,30720000.0,5.0,10.0
Combined_LTE_DSSS_frame_155,3,spectrograms/Combined_LTE_DSSS_frame_155_w3.npy,1,LTE_DSSS,30720000.0,5.0,10.0
Combined_LTE_DSSS_frame_156,0,spectrograms/Combined_LTE_DSSS_frame_156_w0.npy,1,LTE_DSSS,30720000.0,5.0,10.0
Combined_LTE_DSSS_frame_156,1,spectrograms/Combined_LTE_DSSS_frame_156_w1.npy,1,LTE_DSSS,30720000.0,5.0,10.0
Combined_LTE_DSSS_frame_156,2,spectrograms/Combined_LTE_DSSS_frame_156_w2.npy,1,LTE_DSSS,30720000.0,5.0,10.0
Combined_LTE_DSSS_frame_156,3,spectrograms/Combined_LTE_DSSS_frame_156_w3.npy,1,LTE_DSSS,30720000.0,5.0,10.0
Combined_LTE_DSSS_frame_157,0,spectrograms/Combined_LTE_DSSS_frame_157_w0.npy,1,LTE_DSSS,30720000.0,10.0,0.0
Combined_LTE_DSSS_frame_157,1,spectrograms/Combined_LTE_DSSS_frame_157_w1.npy,1,LTE_DSSS,30720000.0,10.0,0.0
Combined_LTE_DSSS_frame_157,2,spectrograms/Combined_LTE_DSSS_frame_157_w2.npy,1,LTE_DSSS,30720000.0,10.0,0.0
Combined_LTE_DSSS_frame_157,3,spectrograms/Combined_LTE_DSSS_frame_157_w3.npy,1,LTE_DSSS,30720000.0,10.0,0.0
Combined_LTE_DSSS_frame_158,0,spectrograms/Combined_LTE_DSSS_frame_158_w0.npy,1,LTE_DSSS,30720000.0,10.0,0.0
Combined_LTE_DSSS_frame_158,1,spectrograms/Combined_LTE_DSSS_frame_158_w1.npy,1,LTE_DSSS,30720000.0,10.0,0.0
Combined_LTE_DSSS_frame_158,2,spectrograms/Combined_LTE_DSSS_frame_158_w2.npy,1,LTE_DSSS,30720000.0,10.0,0.0
Combined_LTE_DSSS_frame_158,3,spectrograms/Combined_LTE_DSSS_frame_158_w3.npy,1,LTE_DSSS,30720000.0,10.0,0.0
Combined_LTE_DSSS_frame_159,0,spectrograms/Combined_LTE_DSSS_frame_159_w0.npy,1,LTE_DSSS,30720000.0,10.0,5.0
Combined_LTE_DSSS_frame_159,1,spectrograms/Combined_LTE_DSSS_frame_159_w1.npy,1,LTE_DSSS,30720000.0,10.0,5.0
Combined_LTE_DSSS_frame_159,2,spectrograms/Combined_LTE_DSSS_frame_159_w2.npy,1,LTE_DSSS,30720000.0,10.0,5.0
Combined_LTE_DSSS_frame_159,3,spectrograms/Combined_LTE_DSSS_frame_159_w3.npy,1,LTE_DSSS,30720000.0,10.0,5.0
Combined_LTE_DSSS_frame_16,0,spectrograms/Combined_LTE_DSSS_frame_16_w0.npy,1,LTE_DSSS,7680000.0,10.0,5.0
Combined_LTE_DSSS_frame_16,1,spectrograms/Combined_LTE_DSSS_frame_16_w1.npy,1,LTE_DSSS,7680000.0,10.0,5.0
Combined_LTE_DSSS_frame_16,2,spectrograms/Combined_LTE_DSSS_frame_16_w2.npy,1,LTE_DSSS,7680000.0,10.0,5.0
Combined_LTE_DSSS_frame_16,3,spectrograms/Combined_LTE_DSSS_frame_16_w3.npy,1,LTE_DSSS,7680000.0,10.0,5.0
Combined_LTE_DSSS_frame_160,0,spectrograms/Combined_LTE_DSSS_frame_160_w0.npy,1,LTE_DSSS,30720000.0,10.0,5.0
Combined_LTE_DSSS_frame_160,1,spectrograms/Combined_LTE_DSSS_frame_160_w1.npy,1,LTE_DSSS,30720000.0,10.0,5.0
Combined_LTE_DSSS_frame_160,2,spectrograms/Combined_LTE_DSSS_frame_160_w2.npy,1,LTE_DSSS,30720000.0,10.0,5.0
Combined_LTE_DSSS_frame_160,3,spectrograms/Combined_LTE_DSSS_frame_160_w3.npy,1,LTE_DSSS,30720000.0,10.0,5.0
Combined_LTE_DSSS_frame_161,0,spectrograms/Combined_LTE_DSSS_frame_161_w0.npy,1,LTE_DSSS,30720000.0,10.0,10.0
Combined_LTE_DSSS_frame_161,1,spectrograms/Combined_LTE_DSSS_frame_161_w1.npy,1,LTE_DSSS,30720000.0,10.0,10.0
Combined_LTE_DSSS_frame_161,2,spectrograms/Combined_LTE_DSSS_frame_161_w2.npy,1,LTE_DSSS,30720000.0,10.0,10.0
Combined_LTE_DSSS_frame_161,3,spectrograms/Combined_LTE_DSSS_frame_161_w3.npy,1,LTE_DSSS,30720000.0,10.0,10.0
Combined_LTE_DSSS_frame_162,0,spectrograms/Combined_LTE_DSSS_frame_162_w0.npy,1,LTE_DSSS,30720000.0,10.0,10.0
Combined_LTE_DSSS_frame_162,1,spectrograms/Combined_LTE_DSSS_frame_162_w1.npy,1,LTE_DSSS,30720000.0,10.0,10.0
Combined_LTE_DSSS_frame_162,2,spectrograms/Combined_LTE_DSSS_frame_162_w2.npy,1,LTE_DSSS,30720000.0,10.0,10.0
Combined_LTE_DSSS_frame_162,3,spectrograms/Combined_LTE_DSSS_frame_162_w3.npy,1,LTE_DSSS,30720000.0,10.0,10.0
Combined_LTE_DSSS_frame_163,0,spectrograms/Combined_LTE_DSSS_frame_163_w0.npy,1,LTE_DSSS,30720000.0,0.0,0.0
Combined_LTE_DSSS_frame_163,1,spectrograms/Combined_LTE_DSSS_frame_163_w1.npy,1,LTE_DSSS,30720000.0,0.0,0.0
Combined_LTE_DSSS_frame_163,2,spectrograms/Combined_LTE_DSSS_frame_163_w2.npy,1,LTE_DSSS,30720000.0,0.0,0.0
Combined_LTE_DSSS_frame_163,3,spectrograms/Combined_LTE_DSSS_frame_163_w3.npy,1,LTE_DSSS,30720000.0,0.0,0.0
Combined_LTE_DSSS_frame_164,0,spectrograms/Combined_LTE_DSSS_frame_164_w0.npy,1,LTE_DSSS,30720000.0,0.0,0.0
Combined_LTE_DSSS_frame_164,1,spectrograms/Combined_LTE_DSSS_frame_164_w1.npy,1,LTE_DSSS,30720000.0,0.0,0.0
Combined_LTE_DSSS_frame_164,2,spectrograms/Combined_LTE_DSSS_frame_164_w2.npy,1,LTE_DSSS,30720000.0,0.0,0.0
Combined_LTE_DSSS_frame_164,3,spectrograms/Combined_LTE_DSSS_frame_164_w3.npy,1,LTE_DSSS,30720000.0,0.0,0.0
Combined_LTE_DSSS_frame_165,0,spectrograms/Combined_LTE_DSSS_frame_165_w0.npy,1,LTE_DSSS,30720000.0,0.0,5.0
Combined_LTE_DSSS_frame_165,1,spectrograms/Combined_LTE_DSSS_frame_165_w1.npy,1,LTE_DSSS,30720000.0,0.0,5.0
Combined_LTE_DSSS_frame_165,2,spectrograms/Combined_LTE_DSSS_frame_165_w2.npy,1,LTE_DSSS,30720000.0,0.0,5.0
Combined_LTE_DSSS_frame_165,3,spectrograms/Combined_LTE_DSSS_frame_165_w3.npy,1,LTE_DSSS,30720000.0,0.0,5.0
Combined_LTE_DSSS_frame_166,0,spectrograms/Combined_LTE_DSSS_frame_166_w0.npy,1,LTE_DSSS,30720000.0,0.0,5.0
Combined_LTE_DSSS_frame_166,1,spectrograms/Combined_LTE_DSSS_frame_166_w1.npy,1,LTE_DSSS,30720000.0,0.0,5.0
Combined_LTE_DSSS_frame_166,2,spectrograms/Combined_LTE_DSSS_frame_166_w2.npy,1,LTE_DSSS,30720000.0,0.0,5.0
Combined_LTE_DSSS_frame_166,3,spectrograms/Combined_LTE_DSSS_frame_166_w3.npy,1,LTE_DSSS,30720000.0,0.0,5.0
Combined_LTE_DSSS_frame_167,0,spectrograms/Combined_LTE_DSSS_frame_167_w0.npy,1,LTE_DSSS,30720000.0,0.0,10.0
Combined_LTE_DSSS_frame_167,1,spectrograms/Combined_LTE_DSSS_frame_167_w1.npy,1,LTE_DSSS,30720000.0,0.0,10.0
Combined_LTE_DSSS_frame_167,2,spectrograms/Combined_LTE_DSSS_frame_167_w2.npy,1,LTE_DSSS,30720000.0,0.0,10.0
Combined_LTE_DSSS_frame_167,3,spectrograms/Combined_LTE_DSSS_frame_167_w3.npy,1,LTE_DSSS,30720000.0,0.0,10.0
Combined_LTE_DSSS_frame_168,0,spectrograms/Combined_LTE_DSSS_frame_168_w0.npy,1,LTE_DSSS,30720000.0,0.0,10.0
Combined_LTE_DSSS_frame_168,1,spectrograms/Combined_LTE_DSSS_frame_168_w1.npy,1,LTE_DSSS,30720000.0,0.0,10.0
Combined_LTE_DSSS_frame_168,2,spectrograms/Combined_LTE_DSSS_frame_168_w2.npy,1,LTE_DSSS,30720000.0,0.0,10.0
Combined_LTE_DSSS_frame_168,3,spectrograms/Combined_LTE_DSSS_frame_168_w3.npy,1,LTE_DSSS,30720000.0,0.0,10.0
Combined_LTE_DSSS_frame_169,0,spectrograms/Combined_LTE_DSSS_frame_169_w0.npy,1,LTE_DSSS,30720000.0,5.0,0.0
Combined_LTE_DSSS_frame_169,1,spectrograms/Combined_LTE_DSSS_frame_169_w1.npy,1,LTE_DSSS,30720000.0,5.0,0.0
Combined_LTE_DSSS_frame_169,2,spectrograms/Combined_LTE_DSSS_frame_169_w2.npy,1,LTE_DSSS,30720000.0,5.0,0.0
Combined_LTE_DSSS_frame_169,3,spectrograms/Combined_LTE_DSSS_frame_169_w3.npy,1,LTE_DSSS,30720000.0,5.0,0.0
Combined_LTE_DSSS_frame_17,0,spectrograms/Combined_LTE_DSSS_frame_17_w0.npy,1,LTE_DSSS,7680000.0,10.0,10.0
Combined_LTE_DSSS_frame_17,1,spectrograms/Combined_LTE_DSSS_frame_17_w1.npy,1,LTE_DSSS,7680000.0,10.0,10.0
Combined_LTE_DSSS_frame_17,2,spectrograms/Combined_LTE_DSSS_frame_17_w2.npy,1,LTE_DSSS,7680000.0,10.0,10.0
Combined_LTE_DSSS_frame_17,3,spectrograms/Combined_LTE_DSSS_frame_17_w3.npy,1,LTE_DSSS,7680000.0,10.0,10.0
Combined_LTE_DSSS_frame_170,0,spectrograms/Combined_LTE_DSSS_frame_170_w0.npy,1,LTE_DSSS,30720000.0,5.0,0.0
Combined_LTE_DSSS_frame_170,1,spectrograms/Combined_LTE_DSSS_frame_170_w1.npy,1,LTE_DSSS,30720000.0,5.0,0.0
Combined_LTE_DSSS_frame_170,2,spectrograms/Combined_LTE_DSSS_frame_170_w2.npy,1,LTE_DSSS,30720000.0,5.0,0.0
Combined_LTE_DSSS_frame_170,3,spectrograms/Combined_LTE_DSSS_frame_170_w3.npy,1,LTE_DSSS,30720000.0,5.0,0.0
Combined_LTE_DSSS_frame_171,0,spectrograms/Combined_LTE_DSSS_frame_171_w0.npy,1,LTE_DSSS,30720000.0,5.0,5.0
Combined_LTE_DSSS_frame_171,1,spectrograms/Combined_LTE_DSSS_frame_171_w1.npy,1,LTE_DSSS,30720000.0,5.0,5.0
Combined_LTE_DSSS_frame_171,2,spectrograms/Combined_LTE_DSSS_frame_171_w2.npy,1,LTE_DSSS,30720000.0,5.0,5.0
Combined_LTE_DSSS_frame_171,3,spectrograms/Combined_LTE_DSSS_frame_171_w3.npy,1,LTE_DSSS,30720000.0,5.0,5.0
Combined_LTE_DSSS_frame_172,0,spectrograms/Combined_LTE_DSSS_frame_172_w0.npy,1,LTE_DSSS,30720000.0,5.0,5.0
Combined_LTE_DSSS_frame_172,1,spectrograms/Combined_LTE_DSSS_frame_172_w1.npy,1,LTE_DSSS,30720000.0,5.0,5.0
Combined_LTE_DSSS_frame_172,2,spectrograms/Combined_LTE_DSSS_frame_172_w2.npy,1,LTE_DSSS,30720000.0,5.0,5.0
Combined_LTE_DSSS_frame_172,3,spectrograms/Combined_LTE_DSSS_frame_172_w3.npy,1,LTE_DSSS,30720000.0,5.0,5.0
Combined_LTE_DSSS_frame_173,0,spectrograms/Combined_LTE_DSSS_frame_173_w0.npy,1,LTE_DSSS,30720000.0,5.0,10.0
Combined_LTE_DSSS_frame_173,1,spectrograms/Combined_LTE_DSSS_frame_173_w1.npy,1,LTE_DSSS,30720000.0,5.0,10.0
Combined_LTE_DSSS_frame_173,2,spectrograms/Combined_LTE_DSSS_frame_173_w2.npy,1,LTE_DSSS,30720000.0,5.0,10.0
Combined_LTE_DSSS_frame_173,3,spectrograms/Combined_LTE_DSSS_frame_173_w3.npy,1,LTE_DSSS,30720000.0,5.0,10.0
Combined_LTE_DSSS_frame_174,0,spectrograms/Combined_LTE_DSSS_frame_174_w0.npy,1,LTE_DSSS,30720000.0,5.0,10.0
Combined_LTE_DSSS_frame_174,1,spectrograms/Combined_LTE_DSSS_frame_174_w1.npy,1,LTE_DSSS,30720000.0,5.0,10.0
Combined_LTE_DSSS_frame_174,2,spectrograms/Combined_LTE_DSSS_frame_174_w2.npy,1,LTE_DSSS,30720000.0,5.0,10.0
Combined_LTE_DSSS_frame_174,3,spectrograms/Combined_LTE_DSSS_frame_174_w3.npy,1,LTE_DSSS,30720000.0,5.0,10.0
Combined_LTE_DSSS_frame_175,0,spectrograms/Combined_LTE_DSSS_frame_175_w0.npy,1,LTE_DSSS,30720000.0,10.0,0.0
Combined_LTE_DSSS_frame_175,1,spectrograms/Combined_LTE_DSSS_frame_175_w1.npy,1,LTE_DSSS,30720000.0,10.0,0.0
Combined_LTE_DSSS_frame_175,2,spectrograms/Combined_LTE_DSSS_frame_175_w2.npy,1,LTE_DSSS,30720000.0,10.0,0.0
Combined_LTE_DSSS_frame_175,3,spectrograms/Combined_LTE_DSSS_frame_175_w3.npy,1,LTE_DSSS,30720000.0,10.0,0.0
Combined_LTE_DSSS_frame_176,0,spectrograms/Combined_LTE_DSSS_frame_176_w0.npy,1,LTE_DSSS,30720000.0,10.0,0.0
Combined_LTE_DSSS_frame_176,1,spectrograms/Combined_LTE_DSSS_frame_176_w1.npy,1,LTE_DSSS,30720000.0,10.0,0.0
Combined_LTE_DSSS_frame_176,2,spectrograms/Combined_LTE_DSSS_frame_176_w2.npy,1,LTE_DSSS,30720000.0,10.0,0.0
Combined_LTE_DSSS_frame_176,3,spectrograms/Combined_LTE_DSSS_frame_176_w3.npy,1,LTE_DSSS,30720000.0,10.0,0.0
Combined_LTE_DSSS_frame_177,0,spectrograms/Combined_LTE_DSSS_frame_177_w0.npy,1,LTE_DSSS,30720000.0,10.0,5.0
Combined_LTE_DSSS_frame_177,1,spectrograms/Combined_LTE_DSSS_frame_177_w1.npy,1,LTE_DSSS,30720000.0,10.0,5.0
Combined_LTE_DSSS_frame_177,2,spectrograms/Combined_LTE_DSSS_frame_177_w2.npy,1,LTE_DSSS,30720000.0,10.0,5.0
Combined_LTE_DSSS_frame_177,3,spectrograms/Combined_LTE_DSSS_frame_177_w3.npy,1,LTE_DSSS,30720000.0,10.0,5.0
Combined_LTE_DSSS_frame_178,0,spectrograms/Combined_LTE_DSSS_frame_178_w0.npy,1,LTE_DSSS,30720000.0,10.0,5.0
Combined_LTE_DSSS_frame_178,1,spectrograms/Combined_LTE_DSSS_frame_178_w1.npy,1,LTE_DSSS,30720000.0,10.0,5.0
Combined_LTE_DSSS_frame_178,2,spectrograms/Combined_LTE_DSSS_frame_178_w2.npy,1,LTE_DSSS,30720000.0,10.0,5.0
Combined_LTE_DSSS_frame_178,3,spectrograms/Combined_LTE_DSSS_frame_178_w3.npy,1,LTE_DSSS,30720000.0,10.0,5.0
Combined_LTE_DSSS_frame_179,0,spectrograms/Combined_LTE_DSSS_frame_179_w0.npy,1,LTE_DSSS,30720000.0,10.0,10.0
Combined_LTE_DSSS_frame_179,1,spectrograms/Combined_LTE_DSSS_frame_179_w1.npy,1,LTE_DSSS,30720000.0,10.0,10.0
Combined_LTE_DSSS_frame_179,2,spectrograms/Combined_LTE_DSSS_frame_179_w2.npy,1,LTE_DSSS,30720000.0,10.0,10.0
Combined_LTE_DSSS_frame_179,3,spectrograms/Combined_LTE_DSSS_frame_179_w3.npy,1,LTE_DSSS,30720000.0,10.0,10.0
Combined_LTE_DSSS_frame_18,0,spectrograms/Combined_LTE_DSSS_frame_18_w0.npy,1,LTE_DSSS,7680000.0,10.0,10.0
Combined_LTE_DSSS_frame_18,1,spectrograms/Combined_LTE_DSSS_frame_18_w1.npy,1,LTE_DSSS,7680000.0,10.0,10.0
Combined_LTE_DSSS_frame_18,2,spectrograms/Combined_LTE_DSSS_frame_18_w2.npy,1,LTE_DSSS,7680000.0,10.0,10.0
Combined_LTE_DSSS_frame_18,3,spectrograms/Combined_LTE_DSSS_frame_18_w3.npy,1,LTE_DSSS,7680000.0,10.0,10.0
Combined_LTE_DSSS_frame_180,0,spectrograms/Combined_LTE_DSSS_frame_180_w0.npy,1,LTE_DSSS,30720000.0,10.0,10.0
Combined_LTE_DSSS_frame_180,1,spectrograms/Combined_LTE_DSSS_frame_180_w1.npy,1,LTE_DSSS,30720000.0,10.0,10.0
Combined_LTE_DSSS_frame_180,2,spectrograms/Combined_LTE_DSSS_frame_180_w2.npy,1,LTE_DSSS,30720000.0,10.0,10.0
Combined_LTE_DSSS_frame_180,3,spectrograms/Combined_LTE_DSSS_frame_180_w3.npy,1,LTE_DSSS,30720000.0,10.0,10.0
Combined_LTE_DSSS_frame_181,0,spectrograms/Combined_LTE_DSSS_frame_181_w0.npy,1,LTE_DSSS,30720000.0,0.0,0.0
Combined_LTE_DSSS_frame_181,1,spectrograms/Combined_LTE_DSSS_frame_181_w1.npy,1,LTE_DSSS,30720000.0,0.0,0.0
Combined_LTE_DSSS_frame_181,2,spectrograms/Combined_LTE_DSSS_frame_181_w2.npy,1,LTE_DSSS,30720000.0,0.0,0.0
Combined_LTE_DSSS_frame_181,3,spectrograms/Combined_LTE_DSSS_frame_181_w3.npy,1,LTE_DSSS,30720000.0,0.0,0.0
Combined_LTE_DSSS_frame_182,0,spectrograms/Combined_LTE_DSSS_frame_182_w0.npy,1,LTE_DSSS,30720000.0,0.0,0.0
Combined_LTE_DSSS_frame_182,1,spectrograms/Combined_LTE_DSSS_frame_182_w1.npy,1,LTE_DSSS,30720000.0,0.0,0.0
Combined_LTE_DSSS_frame_182,2,spectrograms/Combined_LTE_DSSS_frame_182_w2.npy,1,LTE_DSSS,30720000.0,0.0,0.0
Combined_LTE_DSSS_frame_182,3,spectrograms/Combined_LTE_DSSS_frame_182_w3.npy,1,LTE_DSSS,30720000.0,0.0,0.0
Combined_LTE_DSSS_frame_183,0,spectrograms/Combined_LTE_DSSS_frame_183_w0.npy,1,LTE_DSSS,30720000.0,0.0,5.0
Combined_LTE_DSSS_frame_183,1,spectrograms/Combined_LTE_DSSS_frame_183_w1.npy,1,LTE_DSSS,30720000.0,0.0,5.0
Combined_LTE_DSSS_frame_183,2,spectrograms/Combined_LTE_DSSS_frame_183_w2.npy,1,LTE_DSSS,30720000.0,0.0,5.0
Combined_LTE_DSSS_frame_183,3,spectrograms/Combined_LTE_DSSS_frame_183_w3.npy,1,LTE_DSSS,30720000.0,0.0,5.0
Combined_LTE_DSSS_frame_184,0,spectrograms/Combined_LTE_DSSS_frame_184_w0.npy,1,LTE_DSSS,30720000.0,0.0,5.0
Combined_LTE_DSSS_frame_184,1,spectrograms/Combined_LTE_DSSS_frame_184_w1.npy,1,LTE_DSSS,30720000.0,0.0,5.0
Combined_LTE_DSSS_frame_184,2,spectrograms/Combined_LTE_DSSS_frame_184_w2.npy,1,LTE_DSSS,30720000.0,0.0,5.0
Combined_LTE_DSSS_frame_184,3,spectrograms/Combined_LTE_DSSS_frame_184_w3.npy,1,LTE_DSSS,30720000.0,0.0,5.0
Combined_LTE_DSSS_frame_185,0,spectrograms/Combined_LTE_DSSS_frame_185_w0.npy,1,LTE_DSSS,30720000.0,0.0,10.0
Combined_LTE_DSSS_frame_185,1,spectrograms/Combined_LTE_DSSS_frame_185_w1.npy,1,LTE_DSSS,30720000.0,0.0,10.0
Combined_LTE_DSSS_frame_185,2,spectrograms/Combined_LTE_DSSS_frame_185_w2.npy,1,LTE_DSSS,30720000.0,0.0,10.0
Combined_LTE_DSSS_frame_185,3,spectrograms/Combined_LTE_DSSS_frame_185_w3.npy,1,LTE_DSSS,30720000.0,0.0,10.0
Combined_LTE_DSSS_frame_186,0,spectrograms/Combined_LTE_DSSS_frame_186_w0.npy,1,LTE_DSSS,30720000.0,0.0,10.0
Combined_LTE_DSSS_frame_186,1,spectrograms/Combined_LTE_DSSS_frame_186_w1.npy,1,LTE_DSSS,30720000.0,0.0,10.0
Combined_LTE_DSSS_frame_186,2,spectrograms/Combined_LTE_DSSS_frame_186_w2.npy,1,LTE_DSSS,30720000.0,0.0,10.0
Combined_LTE_DSSS_frame_186,3,spectrograms/Combined_LTE_DSSS_frame_186_w3.npy,1,LTE_DSSS,30720000.0,0.0,10.0
Combined_LTE_DSSS_frame_187,0,spectrograms/Combined_LTE_DSSS_frame_187_w0.npy,1,LTE_DSSS,30720000.0,5.0,0.0
Combined_LTE_DSSS_frame_187,1,spectrograms/Combined_LTE_DSSS_frame_187_w1.npy,1,LTE_DSSS,30720000.0,5.0,0.0
Combined_LTE_DSSS_frame_187,2,spectrograms/Combined_LTE_DSSS_frame_187_w2.npy,1,LTE_DSSS,30720000.0,5.0,0.0
Combined_LTE_DSSS_frame_187,3,spectrograms/Combined_LTE_DSSS_frame_187_w3.npy,1,LTE_DSSS,30720000.0,5.0,0.0
Combined_LTE_DSSS_frame_188,0,spectrograms/Combined_LTE_DSSS_frame_188_w0.npy,1,LTE_DSSS,30720000.0,5.0,0.0
Combined_LTE_DSSS_frame_188,1,spectrograms/Combined_LTE_DSSS_frame_188_w1.npy,1,LTE_DSSS,30720000.0,5.0,0.0
Combined_LTE_DSSS_frame_188,2,spectrograms/Combined_LTE_DSSS_frame_188_w2.npy,1,LTE_DSSS,30720000.0,5.0,0.0
Combined_LTE_DSSS_frame_188,3,spectrograms/Combined_LTE_DSSS_frame_188_w3.npy,1,LTE_DSSS,30720000.0,5.0,0.0
Combined_LTE_DSSS_frame_189,0,spectrograms/Combined_LTE_DSSS_frame_189_w0.npy,1,LTE_DSSS,30720000.0,5.0,5.0
Combined_LTE_DSSS_frame_189,1,spectrograms/Combined_LTE_DSSS_frame_189_w1.npy,1,LTE_DSSS,30720000.0,5.0,5.0
Combined_LTE_DSSS_frame_189,2,spectrograms/Combined_LTE_DSSS_frame_189_w2.npy,1,LTE_DSSS,30720000.0,5.0,5.0
Combined_LTE_DSSS_frame_189,3,spectrograms/Combined_LTE_DSSS_frame_189_w3.npy,1,LTE_DSSS,30720000.0,5.0,5.0
Combined_LTE_DSSS_frame_19,0,spectrograms/Combined_LTE_DSSS_frame_19_w0.npy,1,LTE_DSSS,7680000.0,0.0,0.0
Combined_LTE_DSSS_frame_19,1,spectrograms/Combined_LTE_DSSS_frame_19_w1.npy,1,LTE_DSSS,7680000.0,0.0,0.0
Combined_LTE_DSSS_frame_19,2,spectrograms/Combined_LTE_DSSS_frame_19_w2.npy,1,LTE_DSSS,7680000.0,0.0,0.0
Combined_LTE_DSSS_frame_19,3,spectrograms/Combined_LTE_DSSS_frame_19_w3.npy,1,LTE_DSSS,7680000.0,0.0,0.0
Combined_LTE_DSSS_frame_190,0,spectrograms/Combined_LTE_DSSS_frame_190_w0.npy,1,LTE_DSSS,30720000.0,5.0,5.0
Combined_LTE_DSSS_frame_190,1,spectrograms/Combined_LTE_DSSS_frame_190_w1.npy,1,LTE_DSSS,30720000.0,5.0,5.0
Combined_LTE_DSSS_frame_190,2,spectrograms/Combined_LTE_DSSS_frame_190_w2.npy,1,LTE_DSSS,30720000.0,5.0,5.0
Combined_LTE_DSSS_frame_190,3,spectrograms/Combined_LTE_DSSS_frame_190_w3.npy,1,LTE_DSSS,30720000.0,5.0,5.0
Combined_LTE_DSSS_frame_191,0,spectrograms/Combined_LTE_DSSS_frame_191_w0.npy,1,LTE_DSSS,30720000.0,5.0,10.0
Combined_LTE_DSSS_frame_191,1,spectrograms/Combined_LTE_DSSS_frame_191_w1.npy,1,LTE_DSSS,30720000.0,5.0,10.0
Combined_LTE_DSSS_frame_191,2,spectrograms/Combined_LTE_DSSS_frame_191_w2.npy,1,LTE_DSSS,30720000.0,5.0,10.0
Combined_LTE_DSSS_frame_191,3,spectrograms/Combined_LTE_DSSS_frame_191_w3.npy,1,LTE_DSSS,30720000.0,5.0,10.0
Combined_LTE_DSSS_frame_192,0,spectrograms/Combined_LTE_DSSS_frame_192_w0.npy,1,LTE_DSSS,30720000.0,5.0,10.0
Combined_LTE_DSSS_frame_192,1,spectrograms/Combined_LTE_DSSS_frame_192_w1.npy,1,LTE_DSSS,30720000.0,5.0,10.0
Combined_LTE_DSSS_frame_192,2,spectrograms/Combined_LTE_DSSS_frame_192_w2.npy,1,LTE_DSSS,30720000.0,5.0,10.0
Combined_LTE_DSSS_frame_192,3,spectrograms/Combined_LTE_DSSS_frame_192_w3.npy,1,LTE_DSSS,30720000.0,5.0,10.0
Combined_LTE_DSSS_frame_193,0,spectrograms/Combined_LTE_DSSS_frame_193_w0.npy,1,LTE_DSSS,30720000.0,10.0,0.0
Combined_LTE_DSSS_frame_193,1,spectrograms/Combined_LTE_DSSS_frame_193_w1.npy,1,LTE_DSSS,30720000.0,10.0,0.0
Combined_LTE_DSSS_frame_193,2,spectrograms/Combined_LTE_DSSS_frame_193_w2.npy,1,LTE_DSSS,30720000.0,10.0,0.0
Combined_LTE_DSSS_frame_193,3,spectrograms/Combined_LTE_DSSS_frame_193_w3.npy,1,LTE_DSSS,30720000.0,10.0,0.0
Combined_LTE_DSSS_frame_194,0,spectrograms/Combined_LTE_DSSS_frame_194_w0.npy,1,LTE_DSSS,30720000.0,10.0,0.0
Combined_LTE_DSSS_frame_194,1,spectrograms/Combined_LTE_DSSS_frame_194_w1.npy,1,LTE_DSSS,30720000.0,10.0,0.0
Combined_LTE_DSSS_frame_194,2,spectrograms/Combined_LTE_DSSS_frame_194_w2.npy,1,LTE_DSSS,30720000.0,10.0,0.0
Combined_LTE_DSSS_frame_194,3,spectrograms/Combined_LTE_DSSS_frame_194_w3.npy,1,LTE_DSSS,30720000.0,10.0,0.0
Combined_LTE_DSSS_frame_195,0,spectrograms/Combined_LTE_DSSS_frame_195_w0.npy,1,LTE_DSSS,30720000.0,10.0,5.0
Combined_LTE_DSSS_frame_195,1,spectrograms/Combined_LTE_DSSS_frame_195_w1.npy,1,LTE_DSSS,30720000.0,10.0,5.0
Combined_LTE_DSSS_frame_195,2,spectrograms/Combined_LTE_DSSS_frame_195_w2.npy,1,LTE_DSSS,30720000.0,10.0,5.0
Combined_LTE_DSSS_frame_195,3,spectrograms/Combined_LTE_DSSS_frame_195_w3.npy,1,LTE_DSSS,30720000.0,10.0,5.0
Combined_LTE_DSSS_frame_196,0,spectrograms/Combined_LTE_DSSS_frame_196_w0.npy,1,LTE_DSSS,30720000.0,10.0,5.0
Combined_LTE_DSSS_frame_196,1,spectrograms/Combined_LTE_DSSS_frame_196_w1.npy,1,LTE_DSSS,30720000.0,10.0,5.0
Combined_LTE_DSSS_frame_196,2,spectrograms/Combined_LTE_DSSS_frame_196_w2.npy,1,LTE_DSSS,30720000.0,10.0,5.0
Combined_LTE_DSSS_frame_196,3,spectrograms/Combined_LTE_DSSS_frame_196_w3.npy,1,LTE_DSSS,30720000.0,10.0,5.0
Combined_LTE_DSSS_frame_197,0,spectrograms/Combined_LTE_DSSS_frame_197_w0.npy,1,LTE_DSSS,30720000.0,10.0,10.0
Combined_LTE_DSSS_frame_197,1,spectrograms/Combined_LTE_DSSS_frame_197_w1.npy,1,LTE_DSSS,30720000.0,10.0,10.0
Combined_LTE_DSSS_frame_197,2,spectrograms/Combined_LTE_DSSS_frame_197_w2.npy,1,LTE_DSSS,30720000.0,10.0,10.0
Combined_LTE_DSSS_frame_197,3,spectrograms/Combined_LTE_DSSS_frame_197_w3.npy,1,LTE_DSSS,30720000.0,10.0,10.0
Combined_LTE_DSSS_frame_198,0,spectrograms/Combined_LTE_DSSS_frame_198_w0.npy,1,LTE_DSSS,30720000.0,10.0,10.0
Combined_LTE_DSSS_frame_198,1,spectrograms/Combined_LTE_DSSS_frame_198_w1.npy,1,LTE_DSSS,30720000.0,10.0,10.0
Combined_LTE_DSSS_frame_198,2,spectrograms/Combined_LTE_DSSS_frame_198_w2.npy,1,LTE_DSSS,30720000.0,10.0,10.0
Combined_LTE_DSSS_frame_198,3,spectrograms/Combined_LTE_DSSS_frame_198_w3.npy,1,LTE_DSSS,30720000.0,10.0,10.0
Combined_LTE_DSSS_frame_199,0,spectrograms/Combined_LTE_DSSS_frame_199_w0.npy,1,LTE_DSSS,30720000.0,0.0,0.0
Combined_LTE_DSSS_frame_199,1,spectrograms/Combined_LTE_DSSS_frame_199_w1.npy,1,LTE_DSSS,30720000.0,0.0,0.0
Combined_LTE_DSSS_frame_199,2,spectrograms/Combined_LTE_DSSS_frame_199_w2.npy,1,LTE_DSSS,30720000.0,0.0,0.0
Combined_LTE_DSSS_frame_199,3,spectrograms/Combined_LTE_DSSS_frame_199_w3.npy,1,LTE_DSSS,30720000.0,0.0,0.0
Combined_LTE_DSSS_frame_2,0,spectrograms/Combined_LTE_DSSS_frame_2_w0.npy,1,LTE_DSSS,7680000.0,0.0,0.0
Combined_LTE_DSSS_frame_2,1,spectrograms/Combined_LTE_DSSS_frame_2_w1.npy,1,LTE_DSSS,7680000.0,0.0,0.0
Combined_LTE_DSSS_frame_2,2,spectrograms/Combined_LTE_DSSS_frame_2_w2.npy,1,LTE_DSSS,7680000.0,0.0,0.0
Combined_LTE_DSSS_frame_2,3,spectrograms/Combined_LTE_DSSS_frame_2_w3.npy,1,LTE_DSSS,7680000.0,0.0,0.0
Combined_LTE_DSSS_frame_20,0,spectrograms/Combined_LTE_DSSS_frame_20_w0.npy,1,LTE_DSSS,7680000.0,0.0,0.0
Combined_LTE_DSSS_frame_20,1,spectrograms/Combined_LTE_DSSS_frame_20_w1.npy,1,LTE_DSSS,7680000.0,0.0,0.0
Combined_LTE_DSSS_frame_20,2,spectrograms/Combined_LTE_DSSS_frame_20_w2.npy,1,LTE_DSSS,7680000.0,0.0,0.0
Combined_LTE_DSSS_frame_20,3,spectrograms/Combined_LTE_DSSS_frame_20_w3.npy,1,LTE_DSSS,7680000.0,0.0,0.0
Combined_LTE_DSSS_frame_200,0,spectrograms/Combined_LTE_DSSS_frame_200_w0.npy,1,LTE_DSSS,30720000.0,0.0,0.0
Combined_LTE_DSSS_frame_200,1,spectrograms/Combined_LTE_DSSS_frame_200_w1.npy,1,LTE_DSSS,30720000.0,0.0,0.0
Combined_LTE_DSSS_frame_200,2,spectrograms/Combined_LTE_DSSS_frame_200_w2.npy,1,LTE_DSSS,30720000.0,0.0,0.0
Combined_LTE_DSSS_frame_200,3,spectrograms/Combined_LTE_DSSS_frame_200_w3.npy,1,LTE_DSSS,30720000.0,0.0,0.0
Combined_LTE_DSSS_frame_201,0,spectrograms/Combined_LTE_DSSS_frame_201_w0.npy,1,LTE_DSSS,30720000.0,0.0,5.0
Combined_LTE_DSSS_frame_201,1,spectrograms/Combined_LTE_DSSS_frame_201_w1.npy,1,LTE_DSSS,30720000.0,0.0,5.0
Combined_LTE_DSSS_frame_201,2,spectrograms/Combined_LTE_DSSS_frame_201_w2.npy,1,LTE_DSSS,30720000.0,0.0,5.0
Combined_LTE_DSSS_frame_201,3,spectrograms/Combined_LTE_DSSS_frame_201_w3.npy,1,LTE_DSSS,30720000.0,0.0,5.0
Combined_LTE_DSSS_frame_202,0,spectrograms/Combined_LTE_DSSS_frame_202_w0.npy,1,LTE_DSSS,30720000.0,0.0,5.0
Combined_LTE_DSSS_frame_202,1,spectrograms/Combined_LTE_DSSS_frame_202_w1.npy,1,LTE_DSSS,30720000.0,0.0,5.0
Combined_LTE_DSSS_frame_202,2,spectrograms/Combined_LTE_DSSS_frame_202_w2.npy,1,LTE_DSSS,30720000.0,0.0,5.0
Combined_LTE_DSSS_frame_202,3,spectrograms/Combined_LTE_DSSS_frame_202_w3.npy,1,LTE_DSSS,30720000.0,0.0,5.0
Combined_LTE_DSSS_frame_203,0,spectrograms/Combined_LTE_DSSS_frame_203_w0.npy,1,LTE_DSSS,30720000.0,0.0,10.0
Combined_LTE_DSSS_frame_203,1,spectrograms/Combined_LTE_DSSS_frame_203_w1.npy,1,LTE_DSSS,30720000.0,0.0,10.0
Combined_LTE_DSSS_frame_203,2,spectrograms/Combined_LTE_DSSS_frame_203_w2.npy,1,LTE_DSSS,30720000.0,0.0,10.0
Combined_LTE_DSSS_frame_203,3,spectrograms/Combined_LTE_DSSS_frame_203_w3.npy,1,LTE_DSSS,30720000.0,0.0,10.0
Combined_LTE_DSSS_frame_204,0,spectrograms/Combined_LTE_DSSS_frame_204_w0.npy,1,LTE_DSSS,30720000.0,0.0,10.0
Combined_LTE_DSSS_frame_204,1,spectrograms/Combined_LTE_DSSS_frame_204_w1.npy,1,LTE_DSSS,30720000.0,0.0,10.0
Combined_LTE_DSSS_frame_204,2,spectrograms/Combined_LTE_DSSS_frame_204_w2.npy,1,LTE_DSSS,30720000.0,0.0,10.0
Combined_LTE_DSSS_frame_204,3,spectrograms/Combined_LTE_DSSS_frame_204_w3.npy,1,LTE_DSSS,30720000.0,0.0,10.0
Combined_LTE_DSSS_frame_205,0,spectrograms/Combined_LTE_DSSS_frame_205_w0.npy,1,LTE_DSSS,30720000.0,5.0,0.0
Combined_LTE_DSSS_frame_205,1,spectrograms/Combined_LTE_DSSS_frame_205_w1.npy,1,LTE_DSSS,30720000.0,5.0,0.0
Combined_LTE_DSSS_frame_205,2,spectrograms/Combined_LTE_DSSS_frame_205_w2.npy,1,LTE_DSSS,30720000.0,5.0,0.0
Combined_LTE_DSSS_frame_205,3,spectrograms/Combined_LTE_DSSS_frame_205_w3.npy,1,LTE_DSSS,30720000.0,5.0,0.0
Combined_LTE_DSSS_frame_206,0,spectrograms/Combined_LTE_DSSS_frame_206_w0.npy,1,LTE_DSSS,30720000.0,5.0,0.0
Combined_LTE_DSSS_frame_206,1,spectrograms/Combined_LTE_DSSS_frame_206_w1.npy,1,LTE_DSSS,30720000.0,5.0,0.0
Combined_LTE_DSSS_frame_206,2,spectrograms/Combined_LTE_DSSS_frame_206_w2.npy,1,LTE_DSSS,30720000.0,5.0,0.0
Combined_LTE_DSSS_frame_206,3,spectrograms/Combined_LTE_DSSS_frame_206_w3.npy,1,LTE_DSSS,30720000.0,5.0,0.0
Combined_LTE_DSSS_frame_207,0,spectrograms/Combined_LTE_DSSS_frame_207_w0.npy,1,LTE_DSSS,30720000.0,5.0,5.0
Combined_LTE_DSSS_frame_207,1,spectrograms/Combined_LTE_DSSS_frame_207_w1.npy,1,LTE_DSSS,30720000.0,5.0,5.0
Combined_LTE_DSSS_frame_207,2,spectrograms/Combined_LTE_DSSS_frame_207_w2.npy,1,LTE_DSSS,30720000.0,5.0,5.0
Combined_LTE_DSSS_frame_207,3,spectrograms/Combined_LTE_DSSS_frame_207_w3.npy,1,LTE_DSSS,30720000.0,5.0,5.0
Combined_LTE_DSSS_frame_208,0,spectrograms/Combined_LTE_DSSS_frame_208_w0.npy,1,LTE_DSSS,30720000.0,5.0,5.0
Combined_LTE_DSSS_frame_208,1,spectrograms/Combined_LTE_DSSS_frame_208_w1.npy,1,LTE_DSSS,30720000.0,5.0,5.0
Combined_LTE_DSSS_frame_208,2,spectrograms/Combined_LTE_DSSS_frame_208_w2.npy,1,LTE_DSSS,30720000.0,5.0,5.0
Combined_LTE_DSSS_frame_208,3,spectrograms/Combined_LTE_DSSS_frame_208_w3.npy,1,LTE_DSSS,30720000.0,5.0,5.0
Combined_LTE_DSSS_frame_209,0,spectrograms/Combined_LTE_DSSS_frame_209_w0.npy,1,LTE_DSSS,30720000.0,5.0,10.0
Combined_LTE_DSSS_frame_209,1,spectrograms/Combined_LTE_DSSS_frame_209_w1.npy,1,LTE_DSSS,30720000.0,5.0,10.0
Combined_LTE_DSSS_frame_209,2,spectrograms/Combined_LTE_DSSS_frame_209_w2.npy,1,LTE_DSSS,30720000.0,5.0,10.0
Combined_LTE_DSSS_frame_209,3,spectrograms/Combined_LTE_DSSS_frame_209_w3.npy,1,LTE_DSSS,30720000.0,5.0,10.0
Combined_LTE_DSSS_frame_21,0,spectrograms/Combined_LTE_DSSS_frame_21_w0.npy,1,LTE_DSSS,7680000.0,0.0,5.0
Combined_LTE_DSSS_frame_21,1,spectrograms/Combined_LTE_DSSS_frame_21_w1.npy,1,LTE_DSSS,7680000.0,0.0,5.0
Combined_LTE_DSSS_frame_21,2,spectrograms/Combined_LTE_DSSS_frame_21_w2.npy,1,LTE_DSSS,7680000.0,0.0,5.0
Combined_LTE_DSSS_frame_21,3,spectrograms/Combined_LTE_DSSS_frame_21_w3.npy,1,LTE_DSSS,7680000.0,0.0,5.0
Combined_LTE_DSSS_frame_210,0,spectrograms/Combined_LTE_DSSS_frame_210_w0.npy,1,LTE_DSSS,30720000.0,5.0,10.0
Combined_LTE_DSSS_frame_210,1,spectrograms/Combined_LTE_DSSS_frame_210_w1.npy,1,LTE_DSSS,30720000.0,5.0,10.0
Combined_LTE_DSSS_frame_210,2,spectrograms/Combined_LTE_DSSS_frame_210_w2.npy,1,LTE_DSSS,30720000.0,5.0,10.0
Combined_LTE_DSSS_frame_210,3,spectrograms/Combined_LTE_DSSS_frame_210_w3.npy,1,LTE_DSSS,30720000.0,5.0,10.0
Combined_LTE_DSSS_frame_211,0,spectrograms/Combined_LTE_DSSS_frame_211_w0.npy,1,LTE_DSSS,30720000.0,10.0,0.0
Combined_LTE_DSSS_frame_211,1,spectrograms/Combined_LTE_DSSS_frame_211_w1.npy,1,LTE_DSSS,30720000.0,10.0,0.0
Combined_LTE_DSSS_frame_211,2,spectrograms/Combined_LTE_DSSS_frame_211_w2.npy,1,LTE_DSSS,30720000.0,10.0,0.0
Combined_LTE_DSSS_frame_211,3,spectrograms/Combined_LTE_DSSS_frame_211_w3.npy,1,LTE_DSSS,30720000.0,10.0,0.0
Combined_LTE_DSSS_frame_212,0,spectrograms/Combined_LTE_DSSS_frame_212_w0.npy,1,LTE_DSSS,30720000.0,10.0,0.0
Combined_LTE_DSSS_frame_212,1,spectrograms/Combined_LTE_DSSS_frame_212_w1.npy,1,LTE_DSSS,30720000.0,10.0,0.0
Combined_LTE_DSSS_frame_212,2,spectrograms/Combined_LTE_DSSS_frame_212_w2.npy,1,LTE_DSSS,30720000.0,10.0,0.0
Combined_LTE_DSSS_frame_212,3,spectrograms/Combined_LTE_DSSS_frame_212_w3.npy,1,LTE_DSSS,30720000.0,10.0,0.0
Combined_LTE_DSSS_frame_213,0,spectrograms/Combined_LTE_DSSS_frame_213_w0.npy,1,LTE_DSSS,30720000.0,10.0,5.0
Combined_LTE_DSSS_frame_213,1,spectrograms/Combined_LTE_DSSS_frame_213_w1.npy,1,LTE_DSSS,30720000.0,10.0,5.0
Combined_LTE_DSSS_frame_213,2,spectrograms/Combined_LTE_DSSS_frame_213_w2.npy,1,LTE_DSSS,30720000.0,10.0,5.0
Combined_LTE_DSSS_frame_213,3,spectrograms/Combined_LTE_DSSS_frame_213_w3.npy,1,LTE_DSSS,30720000.0,10.0,5.0
Combined_LTE_DSSS_frame_214,0,spectrograms/Combined_LTE_DSSS_frame_214_w0.npy,1,LTE_DSSS,30720000.0,10.0,5.0
Combined_LTE_DSSS_frame_214,1,spectrograms/Combined_LTE_DSSS_frame_214_w1.npy,1,LTE_DSSS,30720000.0,10.0,5.0
Combined_LTE_DSSS_frame_214,2,spectrograms/Combined_LTE_DSSS_frame_214_w2.npy,1,LTE_DSSS,30720000.0,10.0,5.0
Combined_LTE_DSSS_frame_214,3,spectrograms/Combined_LTE_DSSS_frame_214_w3.npy,1,LTE_DSSS,30720000.0,10.0,5.0
Combined_LTE_DSSS_frame_215,0,spectrograms/Combined_LTE_DSSS_frame_215_w0.npy,1,LTE_DSSS,30720000.0,10.0,10.0
Combined_LTE_DSSS_frame_215,1,spectrograms/Combined_LTE_DSSS_frame_215_w1.npy,1,LTE_DSSS,30720000.0,10.0,10.0
Combined_LTE_DSSS_frame_215,2,spectrograms/Combined_LTE_DSSS_frame_215_w2.npy,1,LTE_DSSS,30720000.0,10.0,10.0
Combined_LTE_DSSS_frame_215,3,spectrograms/Combined_LTE_DSSS_frame_215_w3.npy,1,LTE_DSSS,30720000.0,10.0,10.0
Combined_LTE_DSSS_frame_216,0,spectrograms/Combined_LTE_DSSS_frame_216_w0.npy,1,LTE_DSSS,30720000.0,10.0,10.0
Combined_LTE_DSSS_frame_216,1,spectrograms/Combined_LTE_DSSS_frame_216_w1.npy,1,LTE_DSSS,30720000.0,10.0,10.0
Combined_LTE_DSSS_frame_216,2,spectrograms/Combined_LTE_DSSS_frame_216_w2.npy,1,LTE_DSSS,30720000.0,10.0,10.0
Combined_LTE_DSSS_frame_216,3,spectrograms/Combined_LTE_DSSS_frame_216_w3.npy,1,LTE_DSSS,30720000.0,10.0,10.0
Combined_LTE_DSSS_frame_217,0,spectrograms/Combined_LTE_DSSS_frame_217_w0.npy,1,LTE_DSSS,30720000.0,0.0,0.0
Combined_LTE_DSSS_frame_217,1,spectrograms/Combined_LTE_DSSS_frame_217_w1.npy,1,LTE_DSSS,30720000.0,0.0,0.0
Combined_LTE_DSSS_frame_217,2,spectrograms/Combined_LTE_DSSS_frame_217_w2.npy,1,LTE_DSSS,30720000.0,0.0,0.0
Combined_LTE_DSSS_frame_217,3,spectrograms/Combined_LTE_DSSS_frame_217_w3.npy,1,LTE_DSSS,30720000.0,0.0,0.0
Combined_LTE_DSSS_frame_218,0,spectrograms/Combined_LTE_DSSS_frame_218_w0.npy,1,LTE_DSSS,30720000.0,0.0,0.0
Combined_LTE_DSSS_frame_218,1,spectrograms/Combined_LTE_DSSS_frame_218_w1.npy,1,LTE_DSSS,30720000.0,0.0,0.0
Combined_LTE_DSSS_frame_218,2,spectrograms/Combined_LTE_DSSS_frame_218_w2.npy,1,LTE_DSSS,30720000.0,0.0,0.0
Combined_LTE_DSSS_frame_218,3,spectrograms/Combined_LTE_DSSS_frame_218_w3.npy,1,LTE_DSSS,30720000.0,0.0,0.0
Combined_LTE_DSSS_frame_219,0,spectrograms/Combined_LTE_DSSS_frame_219_w0.npy,1,LTE_DSSS,30720000.0,0.0,5.0
Combined_LTE_DSSS_frame_219,1,spectrograms/Combined_LTE_DSSS_frame_219_w1.npy,1,LTE_DSSS,30720000.0,0.0,5.0
Combined_LTE_DSSS_frame_219,2,spectrograms/Combined_LTE_DSSS_frame_219_w2.npy,1,LTE_DSSS,30720000.0,0.0,5.0
Combined_LTE_DSSS_frame_219,3,spectrograms/Combined_LTE_DSSS_frame_219_w3.npy,1,LTE_DSSS,30720000.0,0.0,5.0
Combined_LTE_DSSS_frame_22,0,spectrograms/Combined_LTE_DSSS_frame_22_w0.npy,1,LTE_DSSS,7680000.0,0.0,5.0
Combined_LTE_DSSS_frame_22,1,spectrograms/Combined_LTE_DSSS_frame_22_w1.npy,1,LTE_DSSS,7680000.0,0.0,5.0
Combined_LTE_DSSS_frame_22,2,spectrograms/Combined_LTE_DSSS_frame_22_w2.npy,1,LTE_DSSS,7680000.0,0.0,5.0
Combined_LTE_DSSS_frame_22,3,spectrograms/Combined_LTE_DSSS_frame_22_w3.npy,1,LTE_DSSS,7680000.0,0.0,5.0
Combined_LTE_DSSS_frame_220,0,spectrograms/Combined_LTE_DSSS_frame_220_w0.npy,1,LTE_DSSS,30720000.0,0.0,5.0
Combined_LTE_DSSS_frame_220,1,spectrograms/Combined_LTE_DSSS_frame_220_w1.npy,1,LTE_DSSS,30720000.0,0.0,5.0
Combined_LTE_DSSS_frame_220,2,spectrograms/Combined_LTE_DSSS_frame_220_w2.npy,1,LTE_DSSS,30720000.0,0.0,5.0
Combined_LTE_DSSS_frame_220,3,spectrograms/Combined_LTE_DSSS_frame_220_w3.npy,1,LTE_DSSS,30720000.0,0.0,5.0
Combined_LTE_DSSS_frame_221,0,spectrograms/Combined_LTE_DSSS_frame_221_w0.npy,1,LTE_DSSS,30720000.0,0.0,10.0
Combined_LTE_DSSS_frame_221,1,spectrograms/Combined_LTE_DSSS_frame_221_w1.npy,1,LTE_DSSS,30720000.0,0.0,10.0
Combined_LTE_DSSS_frame_221,2,spectrograms/Combined_LTE_DSSS_frame_221_w2.npy,1,LTE_DSSS,30720000.0,0.0,10.0
Combined_LTE_DSSS_frame_221,3,spectrograms/Combined_LTE_DSSS_frame_221_w3.npy,1,LTE_DSSS,30720000.0,0.0,10.0
Combined_LTE_DSSS_frame_222,0,spectrograms/Combined_LTE_DSSS_frame_222_w0.npy,1,LTE_DSSS,30720000.0,0.0,10.0
Combined_LTE_DSSS_frame_222,1,spectrograms/Combined_LTE_DSSS_frame_222_w1.npy,1,LTE_DSSS,30720000.0,0.0,10.0
Combined_LTE_DSSS_frame_222,2,spectrograms/Combined_LTE_DSSS_frame_222_w2.npy,1,LTE_DSSS,30720000.0,0.0,10.0
Combined_LTE_DSSS_frame_222,3,spectrograms/Combined_LTE_DSSS_frame_222_w3.npy,1,LTE_DSSS,30720000.0,0.0,10.0
Combined_LTE_DSSS_frame_223,0,spectrograms/Combined_LTE_DSSS_frame_223_w0.npy,1,LTE_DSSS,30720000.0,5.0,0.0
Combined_LTE_DSSS_frame_223,1,spectrograms/Combined_LTE_DSSS_frame_223_w1.npy,1,LTE_DSSS,30720000.0,5.0,0.0
Combined_LTE_DSSS_frame_223,2,spectrograms/Combined_LTE_DSSS_frame_223_w2.npy,1,LTE_DSSS,30720000.0,5.0,0.0
Combined_LTE_DSSS_frame_223,3,spectrograms/Combined_LTE_DSSS_frame_223_w3.npy,1,LTE_DSSS,30720000.0,5.0,0.0
Combined_LTE_DSSS_frame_224,0,spectrograms/Combined_LTE_DSSS_frame_224_w0.npy,1,LTE_DSSS,30720000.0,5.0,0.0
Combined_LTE_DSSS_frame_224,1,spectrograms/Combined_LTE_DSSS_frame_224_w1.npy,1,LTE_DSSS,30720000.0,5.0,0.0
Combined_LTE_DSSS_frame_224,2,spectrograms/Combined_LTE_DSSS_frame_224_w2.npy,1,LTE_DSSS,30720000.0,5.0,0.0
Combined_LTE_DSSS_frame_224,3,spectrograms/Combined_LTE_DSSS_frame_224_w3.npy,1,LTE_DSSS,30720000.0,5.0,0.0
Combined_LTE_DSSS_frame_225,0,spectrograms/Combined_LTE_DSSS_frame_225_w0.npy,1,LTE_DSSS,30720000.0,5.0,5.0
Combined_LTE_DSSS_frame_225,1,spectrograms/Combined_LTE_DSSS_frame_225_w1.npy,1,LTE_DSSS,30720000.0,5.0,5.0
Combined_LTE_DSSS_frame_225,2,spectrograms/Combined_LTE_DSSS_frame_225_w2.npy,1,LTE_DSSS,30720000.0,5.0,5.0
Combined_LTE_DSSS_frame_225,3,spectrograms/Combined_LTE_DSSS_frame_225_w3.npy,1,LTE_DSSS,30720000.0,5.0,5.0
Combined_LTE_DSSS_frame_226,0,spectrograms/Combined_LTE_DSSS_frame_226_w0.npy,1,LTE_DSSS,30720000.0,5.0,5.0
Combined_LTE_DSSS_frame_226,1,spectrograms/Combined_LTE_DSSS_frame_226_w1.npy,1,LTE_DSSS,30720000.0,5.0,5.0
Combined_LTE_DSSS_frame_226,2,spectrograms/Combined_LTE_DSSS_frame_226_w2.npy,1,LTE_DSSS,30720000.0,5.0,5.0
Combined_LTE_DSSS_frame_226,3,spectrograms/Combined_LTE_DSSS_frame_226_w3.npy,1,LTE_DSSS,30720000.0,5.0,5.0
Combined_LTE_DSSS_frame_227,0,spectrograms/Combined_LTE_DSSS_frame_227_w0.npy,1,LTE_DSSS,30720000.0,5.0,10.0
Combined_LTE_DSSS_frame_227,1,spectrograms/Combined_LTE_DSSS_frame_227_w1.npy,1,LTE_DSSS,30720000.0,5.0,10.0
Combined_LTE_DSSS_frame_227,2,spectrograms/Combined_LTE_DSSS_frame_227_w2.npy,1,LTE_DSSS,30720000.0,5.0,10.0
Combined_LTE_DSSS_frame_227,3,spectrograms/Combined_LTE_DSSS_frame_227_w3.npy,1,LTE_DSSS,30720000.0,5.0,10.0
Combined_LTE_DSSS_frame_228,0,spectrograms/Combined_LTE_DSSS_frame_228_w0.npy,1,LTE_DSSS,30720000.0,5.0,10.0
Combined_LTE_DSSS_frame_228,1,spectrograms/Combined_LTE_DSSS_frame_228_w1.npy,1,LTE_DSSS,30720000.0,5.0,10.0
Combined_LTE_DSSS_frame_228,2,spectrograms/Combined_LTE_DSSS_frame_228_w2.npy,1,LTE_DSSS,30720000.0,5.0,10.0
Combined_LTE_DSSS_frame_228,3,spectrograms/Combined_LTE_DSSS_frame_228_w3.npy,1,LTE_DSSS,30720000.0,5.0,10.0
Combined_LTE_DSSS_frame_229,0,spectrograms/Combined_LTE_DSSS_frame_229_w0.npy,1,LTE_DSSS,30720000.0,10.0,0.0
Combined_LTE_DSSS_frame_229,1,spectrograms/Combined_LTE_DSSS_frame_229_w1.npy,1,LTE_DSSS,30720000.0,10.0,0.0
Combined_LTE_DSSS_frame_229,2,spectrograms/Combined_LTE_DSSS_frame_229_w2.npy,1,LTE_DSSS,30720000.0,10.0,0.0
Combined_LTE_DSSS_frame_229,3,spectrograms/Combined_LTE_DSSS_frame_229_w3.npy,1,LTE_DSSS,30720000.0,10.0,0.0
Combined_LTE_DSSS_frame_23,0,spectrograms/Combined_LTE_DSSS_frame_23_w0.npy,1,LTE_DSSS,7680000.0,0.0,10.0
Combined_LTE_DSSS_frame_23,1,spectrograms/Combined_LTE_DSSS_frame_23_w1.npy,1,LTE_DSSS,7680000.0,0.0,10.0
Combined_LTE_DSSS_frame_23,2,spectrograms/Combined_LTE_DSSS_frame_23_w2.npy,1,LTE_DSSS,7680000.0,0.0,10.0
Combined_LTE_DSSS_frame_23,3,spectrograms/Combined_LTE_DSSS_frame_23_w3.npy,1,LTE_DSSS,7680000.0,0.0,10.0
Combined_LTE_DSSS_frame_230,0,spectrograms/Combined_LTE_DSSS_frame_230_w0.npy,1,LTE_DSSS,30720000.0,10.0,0.0
Combined_LTE_DSSS_frame_230,1,spectrograms/Combined_LTE_DSSS_frame_230_w1.npy,1,LTE_DSSS,30720000.0,10.0,0.0
Combined_LTE_DSSS_frame_230,2,spectrograms/Combined_LTE_DSSS_frame_230_w2.npy,1,LTE_DSSS,30720000.0,10.0,0.0
Combined_LTE_DSSS_frame_230,3,spectrograms/Combined_LTE_DSSS_frame_230_w3.npy,1,LTE_DSSS,30720000.0,10.0,0.0
Combined_LTE_DSSS_frame_231,0,spectrograms/Combined_LTE_DSSS_frame_231_w0.npy,1,LTE_DSSS,30720000.0,10.0,5.0
Combined_LTE_DSSS_frame_231,1,spectrograms/Combined_LTE_DSSS_frame_231_w1.npy,1,LTE_DSSS,30720000.0,10.0,5.0
Combined_LTE_DSSS_frame_231,2,spectrograms/Combined_LTE_DSSS_frame_231_w2.npy,1,LTE_DSSS,30720000.0,10.0,5.0
Combined_LTE_DSSS_frame_231,3,spectrograms/Combined_LTE_DSSS_frame_231_w3.npy,1,LTE_DSSS,30720000.0,10.0,5.0
Combined_LTE_DSSS_frame_232,0,spectrograms/Combined_LTE_DSSS_frame_232_w0.npy,1,LTE_DSSS,30720000.0,10.0,5.0
Combined_LTE_DSSS_frame_232,1,spectrograms/Combined_LTE_DSSS_frame_232_w1.npy,1,LTE_DSSS,30720000.0,10.0,5.0
Combined_LTE_DSSS_frame_232,2,spectrograms/Combined_LTE_DSSS_frame_232_w2.npy,1,LTE_DSSS,30720000.0,10.0,5.0
Combined_LTE_DSSS_frame_232,3,spectrograms/Combined_LTE_DSSS_frame_232_w3.npy,1,LTE_DSSS,30720000.0,10.0,5.0
Combined_LTE_DSSS_frame_233,0,spectrograms/Combined_LTE_DSSS_frame_233_w0.npy,1,LTE_DSSS,30720000.0,10.0,10.0
Combined_LTE_DSSS_frame_233,1,spectrograms/Combined_LTE_DSSS_frame_233_w1.npy,1,LTE_DSSS,30720000.0,10.0,10.0
Combined_LTE_DSSS_frame_233,2,spectrograms/Combined_LTE_DSSS_frame_233_w2.npy,1,LTE_DSSS,30720000.0,10.0,10.0
Combined_LTE_DSSS_frame_233,3,spectrograms/Combined_LTE_DSSS_frame_233_w3.npy,1,LTE_DSSS,30720000.0,10.0,10.0
Combined_LTE_DSSS_frame_234,0,spectrograms/Combined_LTE_DSSS_frame_234_w0.npy,1,LTE_DSSS,30720000.0,10.0,10.0
Combined_LTE_DSSS_frame_234,1,spectrograms/Combined_LTE_DSSS_frame_234_w1.npy,1,LTE_DSSS,30720000.0,10.0,10.0
Combined_LTE_DSSS_frame_234,2,spectrograms/Combined_LTE_DSSS_frame_234_w2.npy,1,LTE_DSSS,30720000.0,10.0,10.0
Combined_LTE_DSSS_frame_234,3,spectrograms/Combined_LTE_DSSS_frame_234_w3.npy,1,LTE_DSSS,30720000.0,10.0,10.0
Combined_LTE_DSSS_frame_235,0,spectrograms/Combined_LTE_DSSS_frame_235_w0.npy,1,LTE_DSSS,30720000.0,0.0,0.0
Combined_LTE_DSSS_frame_235,1,spectrograms/Combined_LTE_DSSS_frame_235_w1.npy,1,LTE_DSSS,30720000.0,0.0,0.0
Combined_LTE_DSSS_frame_235,2,spectrograms/Combined_LTE_DSSS_frame_235_w2.npy,1,LTE_DSSS,30720000.0,0.0,0.0
Combined_LTE_DSSS_frame_235,3,spectrograms/Combined_LTE_DSSS_frame_235_w3.npy,1,LTE_DSSS,30720000.0,0.0,0.0
Combined_LTE_DSSS_frame_236,0,spectrograms/Combined_LTE_DSSS_frame_236_w0.npy,1,LTE_DSSS,30720000.0,0.0,0.0
Combined_LTE_DSSS_frame_236,1,spectrograms/Combined_LTE_DSSS_frame_236_w1.npy,1,LTE_DSSS,30720000.0,0.0,0.0
Combined_LTE_DSSS_frame_236,2,spectrograms/Combined_LTE_DSSS_frame_236_w2.npy,1,LTE_DSSS,30720000.0,0.0,0.0
Combined_LTE_DSSS_frame_236,3,spectrograms/Combined_LTE_DSSS_frame_236_w3.npy,1,LTE_DSSS,30720000.0,0.0,0.0
Combined_LTE_DSSS_frame_237,0,spectrograms/Combined_LTE_DSSS_frame_237_w0.npy,1,LTE_DSSS,30720000.0,0.0,5.0
Combined_LTE_DSSS_frame_237,1,spectrograms/Combined_LTE_DSSS_frame_237_w1.npy,1,LTE_DSSS,30720000.0,0.0,5.0
Combined_LTE_DSSS_frame_237,2,spectrograms/Combined_LTE_DSSS_frame_237_w2.npy,1,LTE_DSSS,30720000.0,0.0,5.0
Combined_LTE_DSSS_frame_237,3,spectrograms/Combined_LTE_DSSS_frame_237_w3.npy,1,LTE_DSSS,30720000.0,0.0,5.0
Combined_LTE_DSSS_frame_238,0,spectrograms/Combined_LTE_DSSS_frame_238_w0.npy,1,LTE_DSSS,30720000.0,0.0,5.0
Combined_LTE_DSSS_frame_238,1,spectrograms/Combined_LTE_DSSS_frame_238_w1.npy,1,LTE_DSSS,30720000.0,0.0,5.0
Combined_LTE_DSSS_frame_238,2,spectrograms/Combined_LTE_DSSS_frame_238_w2.npy,1,LTE_DSSS,30720000.0,0.0,5.0
Combined_LTE_DSSS_frame_238,3,spectrograms/Combined_LTE_DSSS_frame_238_w3.npy,1,LTE_DSSS,30720000.0,0.0,5.0
Combined_LTE_DSSS_frame_239,0,spectrograms/Combined_LTE_DSSS_frame_239_w0.npy,1,LTE_DSSS,30720000.0,0.0,10.0
Combined_LTE_DSSS_frame_239,1,spectrograms/Combined_LTE_DSSS_frame_239_w1.npy,1,LTE_DSSS,30720000.0,0.0,10.0
Combined_LTE_DSSS_frame_239,2,spectrograms/Combined_LTE_DSSS_frame_239_w2.npy,1,LTE_DSSS,30720000.0,0.0,10.0
Combined_LTE_DSSS_frame_239,3,spectrograms/Combined_LTE_DSSS_frame_239_w3.npy,1,LTE_DSSS,30720000.0,0.0,10.0
Combined_LTE_DSSS_frame_24,0,spectrograms/Combined_LTE_DSSS_frame_24_w0.npy,1,LTE_DSSS,7680000.0,0.0,10.0
Combined_LTE_DSSS_frame_24,1,spectrograms/Combined_LTE_DSSS_frame_24_w1.npy,1,LTE_DSSS,7680000.0,0.0,10.0
Combined_LTE_DSSS_frame_24,2,spectrograms/Combined_LTE_DSSS_frame_24_w2.npy,1,LTE_DSSS,7680000.0,0.0,10.0
Combined_LTE_DSSS_frame_24,3,spectrograms/Combined_LTE_DSSS_frame_24_w3.npy,1,LTE_DSSS,7680000.0,0.0,10.0
Combined_LTE_DSSS_frame_240,0,spectrograms/Combined_LTE_DSSS_frame_240_w0.npy,1,LTE_DSSS,30720000.0,0.0,10.0
Combined_LTE_DSSS_frame_240,1,spectrograms/Combined_LTE_DSSS_frame_240_w1.npy,1,LTE_DSSS,30720000.0,0.0,10.0
Combined_LTE_DSSS_frame_240,2,spectrograms/Combined_LTE_DSSS_frame_240_w2.npy,1,LTE_DSSS,30720000.0,0.0,10.0
Combined_LTE_DSSS_frame_240,3,spectrograms/Combined_LTE_DSSS_frame_240_w3.npy,1,LTE_DSSS,30720000.0,0.0,10.0
Combined_LTE_DSSS_frame_241,0,spectrograms/Combined_LTE_DSSS_frame_241_w0.npy,1,LTE_DSSS,30720000.0,5.0,0.0
Combined_LTE_DSSS_frame_241,1,spectrograms/Combined_LTE_DSSS_frame_241_w1.npy,1,LTE_DSSS,30720000.0,5.0,0.0
Combined_LTE_DSSS_frame_241,2,spectrograms/Combined_LTE_DSSS_frame_241_w2.npy,1,LTE_DSSS,30720000.0,5.0,0.0
Combined_LTE_DSSS_frame_241,3,spectrograms/Combined_LTE_DSSS_frame_241_w3.npy,1,LTE_DSSS,30720000.0,5.0,0.0
Combined_LTE_DSSS_frame_242,0,spectrograms/Combined_LTE_DSSS_frame_242_w0.npy,1,LTE_DSSS,30720000.0,5.0,0.0
Combined_LTE_DSSS_frame_242,1,spectrograms/Combined_LTE_DSSS_frame_242_w1.npy,1,LTE_DSSS,30720000.0,5.0,0.0
Combined_LTE_DSSS_frame_242,2,spectrograms/Combined_LTE_DSSS_frame_242_w2.npy,1,LTE_DSSS,30720000.0,5.0,0.0
Combined_LTE_DSSS_frame_242,3,spectrograms/Combined_LTE_DSSS_frame_242_w3.npy,1,LTE_DSSS,30720000.0,5.0,0.0
Combined_LTE_DSSS_frame_243,0,spectrograms/Combined_LTE_DSSS_frame_243_w0.npy,1,LTE_DSSS,30720000.0,5.0,5.0
Combined_LTE_DSSS_frame_243,1,spectrograms/Combined_LTE_DSSS_frame_243_w1.npy,1,LTE_DSSS,30720000.0,5.0,5.0
Combined_LTE_DSSS_frame_243,2,spectrograms/Combined_LTE_DSSS_frame_243_w2.npy,1,LTE_DSSS,30720000.0,5.0,5.0
Combined_LTE_DSSS_frame_243,3,spectrograms/Combined_LTE_DSSS_frame_243_w3.npy,1,LTE_DSSS,30720000.0,5.0,5.0
Combined_LTE_DSSS_frame_244,0,spectrograms/Combined_LTE_DSSS_frame_244_w0.npy,1,LTE_DSSS,30720000.0,5.0,5.0
Combined_LTE_DSSS_frame_244,1,spectrograms/Combined_LTE_DSSS_frame_244_w1.npy,1,LTE_DSSS,30720000.0,5.0,5.0
Combined_LTE_DSSS_frame_244,2,spectrograms/Combined_LTE_DSSS_frame_244_w2.npy,1,LTE_DSSS,30720000.0,5.0,5.0
Combined_LTE_DSSS_frame_244,3,spectrograms/Combined_LTE_DSSS_frame_244_w3.npy,1,LTE_DSSS,30720000.0,5.0,5.0
Combined_LTE_DSSS_frame_245,0,spectrograms/Combined_LTE_DSSS_frame_245_w0.npy,1,LTE_DSSS,30720000.0,5.0,10.0
Combined_LTE_DSSS_frame_245,1,spectrograms/Combined_LTE_DSSS_frame_245_w1.npy,1,LTE_DSSS,30720000.0,5.0,10.0
Combined_LTE_DSSS_frame_245,2,spectrograms/Combined_LTE_DSSS_frame_245_w2.npy,1,LTE_DSSS,30720000.0,5.0,10.0
Combined_LTE_DSSS_frame_245,3,spectrograms/Combined_LTE_DSSS_frame_245_w3.npy,1,LTE_DSSS,30720000.0,5.0,10.0
Combined_LTE_DSSS_frame_246,0,spectrograms/Combined_LTE_DSSS_frame_246_w0.npy,1,LTE_DSSS,30720000.0,5.0,10.0
Combined_LTE_DSSS_frame_246,1,spectrograms/Combined_LTE_DSSS_frame_246_w1.npy,1,LTE_DSSS,30720000.0,5.0,10.0
Combined_LTE_DSSS_frame_246,2,spectrograms/Combined_LTE_DSSS_frame_246_w2.npy,1,LTE_DSSS,30720000.0,5.0,10.0
Combined_LTE_DSSS_frame_246,3,spectrograms/Combined_LTE_DSSS_frame_246_w3.npy,1,LTE_DSSS,30720000.0,5.0,10.0
Combined_LTE_DSSS_frame_247,0,spectrograms/Combined_LTE_DSSS_frame_247_w0.npy,1,LTE_DSSS,30720000.0,10.0,0.0
Combined_LTE_DSSS_frame_247,1,spectrograms/Combined_LTE_DSSS_frame_247_w1.npy,1,LTE_DSSS,30720000.0,10.0,0.0
Combined_LTE_DSSS_frame_247,2,spectrograms/Combined_LTE_DSSS_frame_247_w2.npy,1,LTE_DSSS,30720000.0,10.0,0.0
Combined_LTE_DSSS_frame_247,3,spectrograms/Combined_LTE_DSSS_frame_247_w3.npy,1,LTE_DSSS,30720000.0,10.0,0.0
Combined_LTE_DSSS_frame_248,0,spectrograms/Combined_LTE_DSSS_frame_248_w0.npy,1,LTE_DSSS,30720000.0,10.0,0.0
Combined_LTE_DSSS_frame_248,1,spectrograms/Combined_LTE_DSSS_frame_248_w1.npy,1,LTE_DSSS,30720000.0,10.0,0.0
Combined_LTE_DSSS_frame_248,2,spectrograms/Combined_LTE_DSSS_frame_248_w2.npy,1,LTE_DSSS,30720000.0,10.0,0.0
Combined_LTE_DSSS_frame_248,3,spectrograms/Combined_LTE_DSSS_frame_248_w3.npy,1,LTE_DSSS,30720000.0,10.0,0.0
Combined_LTE_DSSS_frame_249,0,spectrograms/Combined_LTE_DSSS_frame_249_w0.npy,1,LTE_DSSS,30720000.0,10.0,5.0
Combined_LTE_DSSS_frame_249,1,spectrograms/Combined_LTE_DSSS_frame_249_w1.npy,1,LTE_DSSS,30720000.0,10.0,5.0
Combined_LTE_DSSS_frame_249,2,spectrograms/Combined_LTE_DSSS_frame_249_w2.npy,1,LTE_DSSS,30720000.0,10.0,5.0
Combined_LTE_DSSS_frame_249,3,spectrograms/Combined_LTE_DSSS_frame_249_w3.npy,1,LTE_DSSS,30720000.0,10.0,5.0
Combined_LTE_DSSS_frame_25,0,spectrograms/Combined_LTE_DSSS_frame_25_w0.npy,1,LTE_DSSS,7680000.0,5.0,0.0
Combined_LTE_DSSS_frame_25,1,spectrograms/Combined_LTE_DSSS_frame_25_w1.npy,1,LTE_DSSS,7680000.0,5.0,0.0
Combined_LTE_DSSS_frame_25,2,spectrograms/Combined_LTE_DSSS_frame_25_w2.npy,1,LTE_DSSS,7680000.0,5.0,0.0
Combined_LTE_DSSS_frame_25,3,spectrograms/Combined_LTE_DSSS_frame_25_w3.npy,1,LTE_DSSS,7680000.0,5.0,0.0
Combined_LTE_DSSS_frame_250,0,spectrograms/Combined_LTE_DSSS_frame_250_w0.npy,1,LTE_DSSS,30720000.0,10.0,5.0
Combined_LTE_DSSS_frame_250,1,spectrograms/Combined_LTE_DSSS_frame_250_w1.npy,1,LTE_DSSS,30720000.0,10.0,5.0
Combined_LTE_DSSS_frame_250,2,spectrograms/Combined_LTE_DSSS_frame_250_w2.npy,1,LTE_DSSS,30720000.0,10.0,5.0
Combined_LTE_DSSS_frame_250,3,spectrograms/Combined_LTE_DSSS_frame_250_w3.npy,1,LTE_DSSS,30720000.0,10.0,5.0
Combined_LTE_DSSS_frame_251,0,spectrograms/Combined_LTE_DSSS_frame_251_w0.npy,1,LTE_DSSS,30720000.0,10.0,10.0
Combined_LTE_DSSS_frame_251,1,spectrograms/Combined_LTE_DSSS_frame_251_w1.npy,1,LTE_DSSS,30720000.0,10.0,10.0
Combined_LTE_DSSS_frame_251,2,spectrograms/Combined_LTE_DSSS_frame_251_w2.npy,1,LTE_DSSS,30720000.0,10.0,10.0
Combined_LTE_DSSS_frame_251,3,spectrograms/Combined_LTE_DSSS_frame_251_w3.npy,1,LTE_DSSS,30720000.0,10.0,10.0
Combined_LTE_DSSS_frame_252,0,spectrograms/Combined_LTE_DSSS_frame_252_w0.npy,1,LTE_DSSS,30720000.0,10.0,10.0
Combined_LTE_DSSS_frame_252,1,spectrograms/Combined_LTE_DSSS_frame_252_w1.npy,1,LTE_DSSS,30720000.0,10.0,10.0
Combined_LTE_DSSS_frame_252,2,spectrograms/Combined_LTE_DSSS_frame_252_w2.npy,1,LTE_DSSS,30720000.0,10.0,10.0
Combined_LTE_DSSS_frame_252,3,spectrograms/Combined_LTE_DSSS_frame_252_w3.npy,1,LTE_DSSS,30720000.0,10.0,10.0
Combined_LTE_DSSS_frame_253,0,spectrograms/Combined_LTE_DSSS_frame_253_w0.npy,1,LTE_DSSS,30720000.0,0.0,0.0
Combined_LTE_DSSS_frame_253,1,spectrograms/Combined_LTE_DSSS_frame_253_w1.npy,1,LTE_DSSS,30720000.0,0.0,0.0
Combined_LTE_DSSS_frame_253,2,spectrograms/Combined_LTE_DSSS_frame_253_w2.npy,1,LTE_DSSS,30720000.0,0.0,0.0
Combined_LTE_DSSS_frame_253,3,spectrograms/Combined_LTE_DSSS_frame_253_w3.npy,1,LTE_DSSS,30720000.0,0.0,0.0
Combined_LTE_DSSS_frame_254,0,spectrograms/Combined_LTE_DSSS_frame_254_w0.npy,1,LTE_DSSS,30720000.0,0.0,0.0
Combined_LTE_DSSS_frame_254,1,spectrograms/Combined_LTE_DSSS_frame_254_w1.npy,1,LTE_DSSS,30720000.0,0.0,0.0
Combined_LTE_DSSS_frame_254,2,spectrograms/Combined_LTE_DSSS_frame_254_w2.npy,1,LTE_DSSS,30720000.0,0.0,0.0
Combined_LTE_DSSS_frame_254,3,spectrograms/Combined_LTE_DSSS_frame_254_w3.npy,1,LTE_DSSS,30720000.0,0.0,0.0
Combined_LTE_DSSS_frame_255,0,spectrograms/Combined_LTE_DSSS_frame_255_w0.npy,1,LTE_DSSS,30720000.0,0.0,5.0
Combined_LTE_DSSS_frame_255,1,spectrograms/Combined_LTE_DSSS_frame_255_w1.npy,1,LTE_DSSS,30720000.0,0.0,5.0
Combined_LTE_DSSS_frame_255,2,spectrograms/Combined_LTE_DSSS_frame_255_w2.npy,1,LTE_DSSS,30720000.0,0.0,5.0
Combined_LTE_DSSS_frame_255,3,spectrograms/Combined_LTE_DSSS_frame_255_w3.npy,1,LTE_DSSS,30720000.0,0.0,5.0
Combined_LTE_DSSS_frame_256,0,spectrograms/Combined_LTE_DSSS_frame_256_w0.npy,1,LTE_DSSS,30720000.0,0.0,5.0
Combined_LTE_DSSS_frame_256,1,spectrograms/Combined_LTE_DSSS_frame_256_w1.npy,1,LTE_DSSS,30720000.0,0.0,5.0
Combined_LTE_DSSS_frame_256,2,spectrograms/Combined_LTE_DSSS_frame_256_w2.npy,1,LTE_DSSS,30720000.0,0.0,5.0
Combined_LTE_DSSS_frame_256,3,spectrograms/Combined_LTE_DSSS_frame_256_w3.npy,1,LTE_DSSS,30720000.0,0.0,5.0
Combined_LTE_DSSS_frame_257,0,spectrograms/Combined_LTE_DSSS_frame_257_w0.npy,1,LTE_DSSS,30720000.0,0.0,10.0
Combined_LTE_DSSS_frame_257,1,spectrograms/Combined_LTE_DSSS_frame_257_w1.npy,1,LTE_DSSS,30720000.0,0.0,10.0
Combined_LTE_DSSS_frame_257,2,spectrograms/Combined_LTE_DSSS_frame_257_w2.npy,1,LTE_DSSS,30720000.0,0.0,10.0
Combined_LTE_DSSS_frame_257,3,spectrograms/Combined_LTE_DSSS_frame_257_w3.npy,1,LTE_DSSS,30720000.0,0.0,10.0
Combined_LTE_DSSS_frame_258,0,spectrograms/Combined_LTE_DSSS_frame_258_w0.npy,1,LTE_DSSS,30720000.0,0.0,10.0
Combined_LTE_DSSS_frame_258,1,spectrograms/Combined_LTE_DSSS_frame_258_w1.npy,1,LTE_DSSS,30720000.0,0.0,10.0
Combined_LTE_DSSS_frame_258,2,spectrograms/Combined_LTE_DSSS_frame_258_w2.npy,1,LTE_DSSS,30720000.0,0.0,10.0
Combined_LTE_DSSS_frame_258,3,spectrograms/Combined_LTE_DSSS_frame_258_w3.npy,1,LTE_DSSS,30720000.0,0.0,10.0
Combined_LTE_DSSS_frame_259,0,spectrograms/Combined_LTE_DSSS_frame_259_w0.npy,1,LTE_DSSS,30720000.0,5.0,0.0
Combined_LTE_DSSS_frame_259,1,spectrograms/Combined_LTE_DSSS_frame_259_w1.npy,1,LTE_DSSS,30720000.0,5.0,0.0
Combined_LTE_DSSS_frame_259,2,spectrograms/Combined_LTE_DSSS_frame_259_w2.npy,1,LTE_DSSS,30720000.0,5.0,0.0
Combined_LTE_DSSS_frame_259,3,spectrograms/Combined_LTE_DSSS_frame_259_w3.npy,1,LTE_DSSS,30720000.0,5.0,0.0
Combined_LTE_DSSS_frame_26,0,spectrograms/Combined_LTE_DSSS_frame_26_w0.npy,1,LTE_DSSS,7680000.0,5.0,0.0
Combined_LTE_DSSS_frame_26,1,spectrograms/Combined_LTE_DSSS_frame_26_w1.npy,1,LTE_DSSS,7680000.0,5.0,0.0
Combined_LTE_DSSS_frame_26,2,spectrograms/Combined_LTE_DSSS_frame_26_w2.npy,1,LTE_DSSS,7680000.0,5.0,0.0
Combined_LTE_DSSS_frame_26,3,spectrograms/Combined_LTE_DSSS_frame_26_w3.npy,1,LTE_DSSS,7680000.0,5.0,0.0
Combined_LTE_DSSS_frame_260,0,spectrograms/Combined_LTE_DSSS_frame_260_w0.npy,1,LTE_DSSS,30720000.0,5.0,0.0
Combined_LTE_DSSS_frame_260,1,spectrograms/Combined_LTE_DSSS_frame_260_w1.npy,1,LTE_DSSS,30720000.0,5.0,0.0
Combined_LTE_DSSS_frame_260,2,spectrograms/Combined_LTE_DSSS_frame_260_w2.npy,1,LTE_DSSS,30720000.0,5.0,0.0
Combined_LTE_DSSS_frame_260,3,spectrograms/Combined_LTE_DSSS_frame_260_w3.npy,1,LTE_DSSS,30720000.0,5.0,0.0
Combined_LTE_DSSS_frame_261,0,spectrograms/Combined_LTE_DSSS_frame_261_w0.npy,1,LTE_DSSS,30720000.0,5.0,5.0
Combined_LTE_DSSS_frame_261,1,spectrograms/Combined_LTE_DSSS_frame_261_w1.npy,1,LTE_DSSS,30720000.0,5.0,5.0
Combined_LTE_DSSS_frame_261,2,spectrograms/Combined_LTE_DSSS_frame_261_w2.npy,1,LTE_DSSS,30720000.0,5.0,5.0
Combined_LTE_DSSS_frame_261,3,spectrograms/Combined_LTE_DSSS_frame_261_w3.npy,1,LTE_DSSS,30720000.0,5.0,5.0
Combined_LTE_DSSS_frame_262,0,spectrograms/Combined_LTE_DSSS_frame_262_w0.npy,1,LTE_DSSS,30720000.0,5.0,5.0
Combined_LTE_DSSS_frame_262,1,spectrograms/Combined_LTE_DSSS_frame_262_w1.npy,1,LTE_DSSS,30720000.0,5.0,5.0
Combined_LTE_DSSS_frame_262,2,spectrograms/Combined_LTE_DSSS_frame_262_w2.npy,1,LTE_DSSS,30720000.0,5.0,5.0
Combined_LTE_DSSS_frame_262,3,spectrograms/Combined_LTE_DSSS_frame_262_w3.npy,1,LTE_DSSS,30720000.0,5.0,5.0
Combined_LTE_DSSS_frame_263,0,spectrograms/Combined_LTE_DSSS_frame_263_w0.npy,1,LTE_DSSS,30720000.0,5.0,10.0
Combined_LTE_DSSS_frame_263,1,spectrograms/Combined_LTE_DSSS_frame_263_w1.npy,1,LTE_DSSS,30720000.0,5.0,10.0
Combined_LTE_DSSS_frame_263,2,spectrograms/Combined_LTE_DSSS_frame_263_w2.npy,1,LTE_DSSS,30720000.0,5.0,10.0
Combined_LTE_DSSS_frame_263,3,spectrograms/Combined_LTE_DSSS_frame_263_w3.npy,1,LTE_DSSS,30720000.0,5.0,10.0
Combined_LTE_DSSS_frame_264,0,spectrograms/Combined_LTE_DSSS_frame_264_w0.npy,1,LTE_DSSS,30720000.0,5.0,10.0
Combined_LTE_DSSS_frame_264,1,spectrograms/Combined_LTE_DSSS_frame_264_w1.npy,1,LTE_DSSS,30720000.0,5.0,10.0
Combined_LTE_DSSS_frame_264,2,spectrograms/Combined_LTE_DSSS_frame_264_w2.npy,1,LTE_DSSS,30720000.0,5.0,10.0
Combined_LTE_DSSS_frame_264,3,spectrograms/Combined_LTE_DSSS_frame_264_w3.npy,1,LTE_DSSS,30720000.0,5.0,10.0
Combined_LTE_DSSS_frame_265,0,spectrograms/Combined_LTE_DSSS_frame_265_w0.npy,1,LTE_DSSS,30720000.0,10.0,0.0
Combined_LTE_DSSS_frame_265,1,spectrograms/Combined_LTE_DSSS_frame_265_w1.npy,1,LTE_DSSS,30720000.0,10.0,0.0
Combined_LTE_DSSS_frame_265,2,spectrograms/Combined_LTE_DSSS_frame_265_w2.npy,1,LTE_DSSS,30720000.0,10.0,0.0
Combined_LTE_DSSS_frame_265,3,spectrograms/Combined_LTE_DSSS_frame_265_w3.npy,1,LTE_DSSS,30720000.0,10.0,0.0
Combined_LTE_DSSS_frame_266,0,spectrograms/Combined_LTE_DSSS_frame_266_w0.npy,1,LTE_DSSS,30720000.0,10.0,0.0
Combined_LTE_DSSS_frame_266,1,spectrograms/Combined_LTE_DSSS_frame_266_w1.npy,1,LTE_DSSS,30720000.0,10.0,0.0
Combined_LTE_DSSS_frame_266,2,spectrograms/Combined_LTE_DSSS_frame_266_w2.npy,1,LTE_DSSS,30720000.0,10.0,0.0
Combined_LTE_DSSS_frame_266,3,spectrograms/Combined_LTE_DSSS_frame_266_w3.npy,1,LTE_DSSS,30720000.0,10.0,0.0
Combined_LTE_DSSS_frame_267,0,spectrograms/Combined_LTE_DSSS_frame_267_w0.npy,1,LTE_DSSS,30720000.0,10.0,5.0
Combined_LTE_DSSS_frame_267,1,spectrograms/Combined_LTE_DSSS_frame_267_w1.npy,1,LTE_DSSS,30720000.0,10.0,5.0
Combined_LTE_DSSS_frame_267,2,spectrograms/Combined_LTE_DSSS_frame_267_w2.npy,1,LTE_DSSS,30720000.0,10.0,5.0
Combined_LTE_DSSS_frame_267,3,spectrograms/Combined_LTE_DSSS_frame_267_w3.npy,1,LTE_DSSS,30720000.0,10.0,5.0
Combined_LTE_DSSS_frame_268,0,spectrograms/Combined_LTE_DSSS_frame_268_w0.npy,1,LTE_DSSS,30720000.0,10.0,5.0
Combined_LTE_DSSS_frame_268,1,spectrograms/Combined_LTE_DSSS_frame_268_w1.npy,1,LTE_DSSS,30720000.0,10.0,5.0
Combined_LTE_DSSS_frame_268,2,spectrograms/Combined_LTE_DSSS_frame_268_w2.npy,1,LTE_DSSS,30720000.0,10.0,5.0
Combined_LTE_DSSS_frame_268,3,spectrograms/Combined_LTE_DSSS_frame_268_w3.npy,1,LTE_DSSS,30720000.0,10.0,5.0
Combined_LTE_DSSS_frame_269,0,spectrograms/Combined_LTE_DSSS_frame_269_w0.npy,1,LTE_DSSS,30720000.0,10.0,10.0
Combined_LTE_DSSS_frame_269,1,spectrograms/Combined_LTE_DSSS_frame_269_w1.npy,1,LTE_DSSS,30720000.0,10.0,10.0
Combined_LTE_DSSS_frame_269,2,spectrograms/Combined_LTE_DSSS_frame_269_w2.npy,1,LTE_DSSS,30720000.0,10.0,10.0
Combined_LTE_DSSS_frame_269,3,spectrograms/Combined_LTE_DSSS_frame_269_w3.npy,1,LTE_DSSS,30720000.0,10.0,10.0
Combined_LTE_DSSS_frame_27,0,spectrograms/Combined_LTE_DSSS_frame_27_w0.npy,1,LTE_DSSS,7680000.0,5.0,5.0
Combined_LTE_DSSS_frame_27,1,spectrograms/Combined_LTE_DSSS_frame_27_w1.npy,1,LTE_DSSS,7680000.0,5.0,5.0
Combined_LTE_DSSS_frame_27,2,spectrograms/Combined_LTE_DSSS_frame_27_w2.npy,1,LTE_DSSS,7680000.0,5.0,5.0
Combined_LTE_DSSS_frame_27,3,spectrograms/Combined_LTE_DSSS_frame_27_w3.npy,1,LTE_DSSS,7680000.0,5.0,5.0
Combined_LTE_DSSS_frame_270,0,spectrograms/Combined_LTE_DSSS_frame_270_w0.npy,1,LTE_DSSS,30720000.0,10.0,10.0
Combined_LTE_DSSS_frame_270,1,spectrograms/Combined_LTE_DSSS_frame_270_w1.npy,1,LTE_DSSS,30720000.0,10.0,10.0
Combined_LTE_DSSS_frame_270,2,spectrograms/Combined_LTE_DSSS_frame_270_w2.npy,1,LTE_DSSS,30720000.0,10.0,10.0
Combined_LTE_DSSS_frame_270,3,spectrograms/Combined_LTE_DSSS_frame_270_w3.npy,1,LTE_DSSS,30720000.0,10.0,10.0
Combined_LTE_DSSS_frame_271,0,spectrograms/Combined_LTE_DSSS_frame_271_w0.npy,1,LTE_DSSS,30720000.0,0.0,0.0
Combined_LTE_DSSS_frame_271,1,spectrograms/Combined_LTE_DSSS_frame_271_w1.npy,1,LTE_DSSS,30720000.0,0.0,0.0
Combined_LTE_DSSS_frame_271,2,spectrograms/Combined_LTE_DSSS_frame_271_w2.npy,1,LTE_DSSS,30720000.0,0.0,0.0
Combined_LTE_DSSS_frame_271,3,spectrograms/Combined_LTE_DSSS_frame_271_w3.npy,1,LTE_DSSS,30720000.0,0.0,0.0
Combined_LTE_DSSS_frame_272,0,spectrograms/Combined_LTE_DSSS_frame_272_w0.npy,1,LTE_DSSS,30720000.0,0.0,0.0
Combined_LTE_DSSS_frame_272,1,spectrograms/Combined_LTE_DSSS_frame_272_w1.npy,1,LTE_DSSS,30720000.0,0.0,0.0
Combined_LTE_DSSS_frame_272,2,spectrograms/Combined_LTE_DSSS_frame_272_w2.npy,1,LTE_DSSS,30720000.0,0.0,0.0
Combined_LTE_DSSS_frame_272,3,spectrograms/Combined_LTE_DSSS_frame_272_w3.npy,1,LTE_DSSS,30720000.0,0.0,0.0
Combined_LTE_DSSS_frame_273,0,spectrograms/Combined_LTE_DSSS_frame_273_w0.npy,1,LTE_DSSS,30720000.0,0.0,5.0
Combined_LTE_DSSS_frame_273,1,spectrograms/Combined_LTE_DSSS_frame_273_w1.npy,1,LTE_DSSS,30720000.0,0.0,5.0
Combined_LTE_DSSS_frame_273,2,spectrograms/Combined_LTE_DSSS_frame_273_w2.npy,1,LTE_DSSS,30720000.0,0.0,5.0
Combined_LTE_DSSS_frame_273,3,spectrograms/Combined_LTE_DSSS_frame_273_w3.npy,1,LTE_DSSS,30720000.0,0.0,5.0
Combined_LTE_DSSS_frame_274,0,spectrograms/Combined_LTE_DSSS_frame_274_w0.npy,1,LTE_DSSS,30720000.0,0.0,5.0
Combined_LTE_DSSS_frame_274,1,spectrograms/Combined_LTE_DSSS_frame_274_w1.npy,1,LTE_DSSS,30720000.0,0.0,5.0
Combined_LTE_DSSS_frame_274,2,spectrograms/Combined_LTE_DSSS_frame_274_w2.npy,1,LTE_DSSS,30720000.0,0.0,5.0
Combined_LTE_DSSS_frame_274,3,spectrograms/Combined_LTE_DSSS_frame_274_w3.npy,1,LTE_DSSS,30720000.0,0.0,5.0
Combined_LTE_DSSS_frame_275,0,spectrograms/Combined_LTE_DSSS_frame_275_w0.npy,1,LTE_DSSS,30720000.0,0.0,10.0
Combined_LTE_DSSS_frame_275,1,spectrograms/Combined_LTE_DSSS_frame_275_w1.npy,1,LTE_DSSS,30720000.0,0.0,10.0
Combined_LTE_DSSS_frame_275,2,spectrograms/Combined_LTE_DSSS_frame_275_w2.npy,1,LTE_DSSS,30720000.0,0.0,10.0
Combined_LTE_DSSS_frame_275,3,spectrograms/Combined_LTE_DSSS_frame_275_w3.npy,1,LTE_DSSS,30720000.0,0.0,10.0
Combined_LTE_DSSS_frame_276,0,spectrograms/Combined_LTE_DSSS_frame_276_w0.npy,1,LTE_DSSS,30720000.0,0.0,10.0
Combined_LTE_DSSS_frame_276,1,spectrograms/Combined_LTE_DSSS_frame_276_w1.npy,1,LTE_DSSS,30720000.0,0.0,10.0
Combined_LTE_DSSS_frame_276,2,spectrograms/Combined_LTE_DSSS_frame_276_w2.npy,1,LTE_DSSS,30720000.0,0.0,10.0
Combined_LTE_DSSS_frame_276,3,spectrograms/Combined_LTE_DSSS_frame_276_w3.npy,1,LTE_DSSS,30720000.0,0.0,10.0
Combined_LTE_DSSS_frame_277,0,spectrograms/Combined_LTE_DSSS_frame_277_w0.npy,1,LTE_DSSS,30720000.0,5.0,0.0
Combined_LTE_DSSS_frame_277,1,spectrograms/Combined_LTE_DSSS_frame_277_w1.npy,1,LTE_DSSS,30720000.0,5.0,0.0
Combined_LTE_DSSS_frame_277,2,spectrograms/Combined_LTE_DSSS_frame_277_w2.npy,1,LTE_DSSS,30720000.0,5.0,0.0
Combined_LTE_DSSS_frame_277,3,spectrograms/Combined_LTE_DSSS_frame_277_w3.npy,1,LTE_DSSS,30720000.0,5.0,0.0
Combined_LTE_DSSS_frame_278,0,spectrograms/Combined_LTE_DSSS_frame_278_w0.npy,1,LTE_DSSS,30720000.0,5.0,0.0
Combined_LTE_DSSS_frame_278,1,spectrograms/Combined_LTE_DSSS_frame_278_w1.npy,1,LTE_DSSS,30720000.0,5.0,0.0
Combined_LTE_DSSS_frame_278,2,spectrograms/Combined_LTE_DSSS_frame_278_w2.npy,1,LTE_DSSS,30720000.0,5.0,0.0
Combined_LTE_DSSS_frame_278,3,spectrograms/Combined_LTE_DSSS_frame_278_w3.npy,1,LTE_DSSS,30720000.0,5.0,0.0
Combined_LTE_DSSS_frame_279,0,spectrograms/Combined_LTE_DSSS_frame_279_w0.npy,1,LTE_DSSS,30720000.0,5.0,5.0
Combined_LTE_DSSS_frame_279,1,spectrograms/Combined_LTE_DSSS_frame_279_w1.npy,1,LTE_DSSS,30720000.0,5.0,5.0
Combined_LTE_DSSS_frame_279,2,spectrograms/Combined_LTE_DSSS_frame_279_w2.npy,1,LTE_DSSS,30720000.0,5.0,5.0
Combined_LTE_DSSS_frame_279,3,spectrograms/Combined_LTE_DSSS_frame_279_w3.npy,1,LTE_DSSS,30720000.0,5.0,5.0
Combined_LTE_DSSS_frame_28,0,spectrograms/Combined_LTE_DSSS_frame_28_w0.npy,1,LTE_DSSS,7680000.0,5.0,5.0
Combined_LTE_DSSS_frame_28,1,spectrograms/Combined_LTE_DSSS_frame_28_w1.npy,1,LTE_DSSS,7680000.0,5.0,5.0
Combined_LTE_DSSS_frame_28,2,spectrograms/Combined_LTE_DSSS_frame_28_w2.npy,1,LTE_DSSS,7680000.0,5.0,5.0
Combined_LTE_DSSS_frame_28,3,spectrograms/Combined_LTE_DSSS_frame_28_w3.npy,1,LTE_DSSS,7680000.0,5.0,5.0
Combined_LTE_DSSS_frame_280,0,spectrograms/Combined_LTE_DSSS_frame_280_w0.npy,1,LTE_DSSS,30720000.0,5.0,5.0
Combined_LTE_DSSS_frame_280,1,spectrograms/Combined_LTE_DSSS_frame_280_w1.npy,1,LTE_DSSS,30720000.0,5.0,5.0
Combined_LTE_DSSS_frame_280,2,spectrograms/Combined_LTE_DSSS_frame_280_w2.npy,1,LTE_DSSS,30720000.0,5.0,5.0
Combined_LTE_DSSS_frame_280,3,spectrograms/Combined_LTE_DSSS_frame_280_w3.npy,1,LTE_DSSS,30720000.0,5.0,5.0
Combined_LTE_DSSS_frame_281,0,spectrograms/Combined_LTE_DSSS_frame_281_w0.npy,1,LTE_DSSS,30720000.0,5.0,10.0
Combined_LTE_DSSS_frame_281,1,spectrograms/Combined_LTE_DSSS_frame_281_w1.npy,1,LTE_DSSS,30720000.0,5.0,10.0
Combined_LTE_DSSS_frame_281,2,spectrograms/Combined_LTE_DSSS_frame_281_w2.npy,1,LTE_DSSS,30720000.0,5.0,10.0
Combined_LTE_DSSS_frame_281,3,spectrograms/Combined_LTE_DSSS_frame_281_w3.npy,1,LTE_DSSS,30720000.0,5.0,10.0
Combined_LTE_DSSS_frame_282,0,spectrograms/Combined_LTE_DSSS_frame_282_w0.npy,1,LTE_DSSS,30720000.0,5.0,10.0
Combined_LTE_DSSS_frame_282,1,spectrograms/Combined_LTE_DSSS_frame_282_w1.npy,1,LTE_DSSS,30720000.0,5.0,10.0
Combined_LTE_DSSS_frame_282,2,spectrograms/Combined_LTE_DSSS_frame_282_w2.npy,1,LTE_DSSS,30720000.0,5.0,10.0
Combined_LTE_DSSS_frame_282,3,spectrograms/Combined_LTE_DSSS_frame_282_w3.npy,1,LTE_DSSS,30720000.0,5.0,10.0
Combined_LTE_DSSS_frame_283,0,spectrograms/Combined_LTE_DSSS_frame_283_w0.npy,1,LTE_DSSS,30720000.0,10.0,0.0
Combined_LTE_DSSS_frame_283,1,spectrograms/Combined_LTE_DSSS_frame_283_w1.npy,1,LTE_DSSS,30720000.0,10.0,0.0
Combined_LTE_DSSS_frame_283,2,spectrograms/Combined_LTE_DSSS_frame_283_w2.npy,1,LTE_DSSS,30720000.0,10.0,0.0
Combined_LTE_DSSS_frame_283,3,spectrograms/Combined_LTE_DSSS_frame_283_w3.npy,1,LTE_DSSS,30720000.0,10.0,0.0
Combined_LTE_DSSS_frame_284,0,spectrograms/Combined_LTE_DSSS_frame_284_w0.npy,1,LTE_DSSS,30720000.0,10.0,0.0
Combined_LTE_DSSS_frame_284,1,spectrograms/Combined_LTE_DSSS_frame_284_w1.npy,1,LTE_DSSS,30720000.0,10.0,0.0
Combined_LTE_DSSS_frame_284,2,spectrograms/Combined_LTE_DSSS_frame_284_w2.npy,1,LTE_DSSS,30720000.0,10.0,0.0
Combined_LTE_DSSS_frame_284,3,spectrograms/Combined_LTE_DSSS_frame_284_w3.npy,1,LTE_DSSS,30720000.0,10.0,0.0
Combined_LTE_DSSS_frame_285,0,spectrograms/Combined_LTE_DSSS_frame_285_w0.npy,1,LTE_DSSS,30720000.0,10.0,5.0
Combined_LTE_DSSS_frame_285,1,spectrograms/Combined_LTE_DSSS_frame_285_w1.npy,1,LTE_DSSS,30720000.0,10.0,5.0
Combined_LTE_DSSS_frame_285,2,spectrograms/Combined_LTE_DSSS_frame_285_w2.npy,1,LTE_DSSS,30720000.0,10.0,5.0
Combined_LTE_DSSS_frame_285,3,spectrograms/Combined_LTE_DSSS_frame_285_w3.npy,1,LTE_DSSS,30720000.0,10.0,5.0
Combined_LTE_DSSS_frame_286,0,spectrograms/Combined_LTE_DSSS_frame_286_w0.npy,1,LTE_DSSS,30720000.0,10.0,5.0
Combined_LTE_DSSS_frame_286,1,spectrograms/Combined_LTE_DSSS_frame_286_w1.npy,1,LTE_DSSS,30720000.0,10.0,5.0
Combined_LTE_DSSS_frame_286,2,spectrograms/Combined_LTE_DSSS_frame_286_w2.npy,1,LTE_DSSS,30720000.0,10.0,5.0
Combined_LTE_DSSS_frame_286,3,spectrograms/Combined_LTE_DSSS_frame_286_w3.npy,1,LTE_DSSS,30720000.0,10.0,5.0
Combined_LTE_DSSS_frame_287,0,spectrograms/Combined_LTE_DSSS_frame_287_w0.npy,1,LTE_DSSS,30720000.0,10.0,10.0
Combined_LTE_DSSS_frame_287,1,spectrograms/Combined_LTE_DSSS_frame_287_w1.npy,1,LTE_DSSS,30720000.0,10.0,10.0
Combined_LTE_DSSS_frame_287,2,spectrograms/Combined_LTE_DSSS_frame_287_w2.npy,1,LTE_DSSS,30720000.0,10.0,10.0
Combined_LTE_DSSS_frame_287,3,spectrograms/Combined_LTE_DSSS_frame_287_w3.npy,1,LTE_DSSS,30720000.0,10.0,10.0
Combined_LTE_DSSS_frame_288,0,spectrograms/Combined_LTE_DSSS_frame_288_w0.npy,1,LTE_DSSS,30720000.0,10.0,10.0
Combined_LTE_DSSS_frame_288,1,spectrograms/Combined_LTE_DSSS_frame_288_w1.npy,1,LTE_DSSS,30720000.0,10.0,10.0
Combined_LTE_DSSS_frame_288,2,spectrograms/Combined_LTE_DSSS_frame_288_w2.npy,1,LTE_DSSS,30720000.0,10.0,10.0
Combined_LTE_DSSS_frame_288,3,spectrograms/Combined_LTE_DSSS_frame_288_w3.npy,1,LTE_DSSS,30720000.0,10.0,10.0
Combined_LTE_DSSS_frame_29,0,spectrograms/Combined_LTE_DSSS_frame_29_w0.npy,1,LTE_DSSS,7680000.0,5.0,10.0
Combined_LTE_DSSS_frame_29,1,spectrograms/Combined_LTE_DSSS_frame_29_w1.npy,1,LTE_DSSS,7680000.0,5.0,10.0
Combined_LTE_DSSS_frame_29,2,spectrograms/Combined_LTE_DSSS_frame_29_w2.npy,1,LTE_DSSS,7680000.0,5.0,10.0
Combined_LTE_DSSS_frame_29,3,spectrograms/Combined_LTE_DSSS_frame_29_w3.npy,1,LTE_DSSS,7680000.0,5.0,10.0
Combined_LTE_DSSS_frame_3,0,spectrograms/Combined_LTE_DSSS_frame_3_w0.npy,1,LTE_DSSS,7680000.0,0.0,5.0
Combined_LTE_DSSS_frame_3,1,spectrograms/Combined_LTE_DSSS_frame_3_w1.npy,1,LTE_DSSS,7680000.0,0.0,5.0
Combined_LTE_DSSS_frame_3,2,spectrograms/Combined_LTE_DSSS_frame_3_w2.npy,1,LTE_DSSS,7680000.0,0.0,5.0
Combined_LTE_DSSS_frame_3,3,spectrograms/Combined_LTE_DSSS_frame_3_w3.npy,1,LTE_DSSS,7680000.0,0.0,5.0
Combined_LTE_DSSS_frame_30,0,spectrograms/Combined_LTE_DSSS_frame_30_w0.npy,1,LTE_DSSS,7680000.0,5.0,10.0
Combined_LTE_DSSS_frame_30,1,spectrograms/Combined_LTE_DSSS_frame_30_w1.npy,1,LTE_DSSS,7680000.0,5.0,10.0
Combined_LTE_DSSS_frame_30,2,spectrograms/Combined_LTE_DSSS_frame_30_w2.npy,1,LTE_DSSS,7680000.0,5.0,10.0
Combined_LTE_DSSS_frame_30,3,spectrograms/Combined_LTE_DSSS_frame_30_w3.npy,1,LTE_DSSS,7680000.0,5.0,10.0
Combined_LTE_DSSS_frame_31,0,spectrograms/Combined_LTE_DSSS_frame_31_w0.npy,1,LTE_DSSS,7680000.0,10.0,0.0
Combined_LTE_DSSS_frame_31,1,spectrograms/Combined_LTE_DSSS_frame_31_w1.npy,1,LTE_DSSS,7680000.0,10.0,0.0
Combined_LTE_DSSS_frame_31,2,spectrograms/Combined_LTE_DSSS_frame_31_w2.npy,1,LTE_DSSS,7680000.0,10.0,0.0
Combined_LTE_DSSS_frame_31,3,spectrograms/Combined_LTE_DSSS_frame_31_w3.npy,1,LTE_DSSS,7680000.0,10.0,0.0
Combined_LTE_DSSS_frame_32,0,spectrograms/Combined_LTE_DSSS_frame_32_w0.npy,1,LTE_DSSS,7680000.0,10.0,0.0
Combined_LTE_DSSS_frame_32,1,spectrograms/Combined_LTE_DSSS_frame_32_w1.npy,1,LTE_DSSS,7680000.0,10.0,0.0
Combined_LTE_DSSS_frame_32,2,spectrograms/Combined_LTE_DSSS_frame_32_w2.npy,1,LTE_DSSS,7680000.0,10.0,0.0
Combined_LTE_DSSS_frame_32,3,spectrograms/Combined_LTE_DSSS_frame_32_w3.npy,1,LTE_DSSS,7680000.0,10.0,0.0
Combined_LTE_DSSS_frame_33,0,spectrograms/Combined_LTE_DSSS_frame_33_w0.npy,1,LTE_DSSS,7680000.0,10.0,5.0
Combined_LTE_DSSS_frame_33,1,spectrograms/Combined_LTE_DSSS_frame_33_w1.npy,1,LTE_DSSS,7680000.0,10.0,5.0
Combined_LTE_DSSS_frame_33,2,spectrograms/Combined_LTE_DSSS_frame_33_w2.npy,1,LTE_DSSS,7680000.0,10.0,5.0
Combined_LTE_DSSS_frame_33,3,spectrograms/Combined_LTE_DSSS_frame_33_w3.npy,1,LTE_DSSS,7680000.0,10.0,5.0
Combined_LTE_DSSS_frame_34,0,spectrograms/Combined_LTE_DSSS_frame_34_w0.npy,1,LTE_DSSS,7680000.0,10.0,5.0
Combined_LTE_DSSS_frame_34,1,spectrograms/Combined_LTE_DSSS_frame_34_w1.npy,1,LTE_DSSS,7680000.0,10.0,5.0
Combined_LTE_DSSS_frame_34,2,spectrograms/Combined_LTE_DSSS_frame_34_w2.npy,1,LTE_DSSS,7680000.0,10.0,5.0
Combined_LTE_DSSS_frame_34,3,spectrograms/Combined_LTE_DSSS_frame_34_w3.npy,1,LTE_DSSS,7680000.0,10.0,5.0
Combined_LTE_DSSS_frame_35,0,spectrograms/Combined_LTE_DSSS_frame_35_w0.npy,1,LTE_DSSS,7680000.0,10.0,10.0
Combined_LTE_DSSS_frame_35,1,spectrograms/Combined_LTE_DSSS_frame_35_w1.npy,1,LTE_DSSS,7680000.0,10.0,10.0
Combined_LTE_DSSS_frame_35,2,spectrograms/Combined_LTE_DSSS_frame_35_w2.npy,1,LTE_DSSS,7680000.0,10.0,10.0
Combined_LTE_DSSS_frame_35,3,spectrograms/Combined_LTE_DSSS_frame_35_w3.npy,1,LTE_DSSS,7680000.0,10.0,10.0
Combined_LTE_DSSS_frame_36,0,spectrograms/Combined_LTE_DSSS_frame_36_w0.npy,1,LTE_DSSS,7680000.0,10.0,10.0
Combined_LTE_DSSS_frame_36,1,spectrograms/Combined_LTE_DSSS_frame_36_w1.npy,1,LTE_DSSS,7680000.0,10.0,10.0
Combined_LTE_DSSS_frame_36,2,spectrograms/Combined_LTE_DSSS_frame_36_w2.npy,1,LTE_DSSS,7680000.0,10.0,10.0
Combined_LTE_DSSS_frame_36,3,spectrograms/Combined_LTE_DSSS_frame_36_w3.npy,1,LTE_DSSS,7680000.0,10.0,10.0
Combined_LTE_DSSS_frame_37,0,spectrograms/Combined_LTE_DSSS_frame_37_w0.npy,1,LTE_DSSS,7680000.0,0.0,0.0
Combined_LTE_DSSS_frame_37,1,spectrograms/Combined_LTE_DSSS_frame_37_w1.npy,1,LTE_DSSS,7680000.0,0.0,0.0
Combined_LTE_DSSS_frame_37,2,spectrograms/Combined_LTE_DSSS_frame_37_w2.npy,1,LTE_DSSS,7680000.0,0.0,0.0
Combined_LTE_DSSS_frame_37,3,spectrograms/Combined_LTE_DSSS_frame_37_w3.npy,1,LTE_DSSS,7680000.0,0.0,0.0
Combined_LTE_DSSS_frame_38,0,spectrograms/Combined_LTE_DSSS_frame_38_w0.npy,1,LTE_DSSS,7680000.0,0.0,0.0
Combined_LTE_DSSS_frame_38,1,spectrograms/Combined_LTE_DSSS_frame_38_w1.npy,1,LTE_DSSS,7680000.0,0.0,0.0
Combined_LTE_DSSS_frame_38,2,spectrograms/Combined_LTE_DSSS_frame_38_w2.npy,1,LTE_DSSS,7680000.0,0.0,0.0
Combined_LTE_DSSS_frame_38,3,spectrograms/Combined_LTE_DSSS_frame_38_w3.npy,1,LTE_DSSS,7680000.0,0.0,0.0
Combined_LTE_DSSS_frame_39,0,spectrograms/Combined_LTE_DSSS_frame_39_w0.npy,1,LTE_DSSS,7680000.0,0.0,5.0
Combined_LTE_DSSS_frame_39,1,spectrograms/Combined_LTE_DSSS_frame_39_w1.npy,1,LTE_DSSS,7680000.0,0.0,5.0
Combined_LTE_DSSS_frame_39,2,spectrograms/Combined_LTE_DSSS_frame_39_w2.npy,1,LTE_DSSS,7680000.0,0.0,5.0
Combined_LTE_DSSS_frame_39,3,spectrograms/Combined_LTE_DSSS_frame_39_w3.npy,1,LTE_DSSS,7680000.0,0.0,5.0
Combined_LTE_DSSS_frame_4,0,spectrograms/Combined_LTE_DSSS_frame_4_w0.npy,1,LTE_DSSS,7680000.0,0.0,5.0
Combined_LTE_DSSS_frame_4,1,spectrograms/Combined_LTE_DSSS_frame_4_w1.npy,1,LTE_DSSS,7680000.0,0.0,5.0
Combined_LTE_DSSS_frame_4,2,spectrograms/Combined_LTE_DSSS_frame_4_w2.npy,1,LTE_DSSS,7680000.0,0.0,5.0
Combined_LTE_DSSS_frame_4,3,spectrograms/Combined_LTE_DSSS_frame_4_w3.npy,1,LTE_DSSS,7680000.0,0.0,5.0
Combined_LTE_DSSS_frame_40,0,spectrograms/Combined_LTE_DSSS_frame_40_w0.npy,1,LTE_DSSS,7680000.0,0.0,5.0
Combined_LTE_DSSS_frame_40,1,spectrograms/Combined_LTE_DSSS_frame_40_w1.npy,1,LTE_DSSS,7680000.0,0.0,5.0
Combined_LTE_DSSS_frame_40,2,spectrograms/Combined_LTE_DSSS_frame_40_w2.npy,1,LTE_DSSS,7680000.0,0.0,5.0
Combined_LTE_DSSS_frame_40,3,spectrograms/Combined_LTE_DSSS_frame_40_w3.npy,1,LTE_DSSS,7680000.0,0.0,5.0
Combined_LTE_DSSS_frame_41,0,spectrograms/Combined_LTE_DSSS_frame_41_w0.npy,1,LTE_DSSS,7680000.0,0.0,10.0
Combined_LTE_DSSS_frame_41,1,spectrograms/Combined_LTE_DSSS_frame_41_w1.npy,1,LTE_DSSS,7680000.0,0.0,10.0
Combined_LTE_DSSS_frame_41,2,spectrograms/Combined_LTE_DSSS_frame_41_w2.npy,1,LTE_DSSS,7680000.0,0.0,10.0
Combined_LTE_DSSS_frame_41,3,spectrograms/Combined_LTE_DSSS_frame_41_w3.npy,1,LTE_DSSS,7680000.0,0.0,10.0
Combined_LTE_DSSS_frame_42,0,spectrograms/Combined_LTE_DSSS_frame_42_w0.npy,1,LTE_DSSS,7680000.0,0.0,10.0
Combined_LTE_DSSS_frame_42,1,spectrograms/Combined_LTE_DSSS_frame_42_w1.npy,1,LTE_DSSS,7680000.0,0.0,10.0
Combined_LTE_DSSS_frame_42,2,spectrograms/Combined_LTE_DSSS_frame_42_w2.npy,1,LTE_DSSS,7680000.0,0.0,10.0
Combined_LTE_DSSS_frame_42,3,spectrograms/Combined_LTE_DSSS_frame_42_w3.npy,1,LTE_DSSS,7680000.0,0.0,10.0
Combined_LTE_DSSS_frame_43,0,spectrograms/Combined_LTE_DSSS_frame_43_w0.npy,1,LTE_DSSS,7680000.0,5.0,0.0
Combined_LTE_DSSS_frame_43,1,spectrograms/Combined_LTE_DSSS_frame_43_w1.npy,1,LTE_DSSS,7680000.0,5.0,0.0
Combined_LTE_DSSS_frame_43,2,spectrograms/Combined_LTE_DSSS_frame_43_w2.npy,1,LTE_DSSS,7680000.0,5.0,0.0
Combined_LTE_DSSS_frame_43,3,spectrograms/Combined_LTE_DSSS_frame_43_w3.npy,1,LTE_DSSS,7680000.0,5.0,0.0
Combined_LTE_DSSS_frame_44,0,spectrograms/Combined_LTE_DSSS_frame_44_w0.npy,1,LTE_DSSS,7680000.0,5.0,0.0
Combined_LTE_DSSS_frame_44,1,spectrograms/Combined_LTE_DSSS_frame_44_w1.npy,1,LTE_DSSS,7680000.0,5.0,0.0
Combined_LTE_DSSS_frame_44,2,spectrograms/Combined_LTE_DSSS_frame_44_w2.npy,1,LTE_DSSS,7680000.0,5.0,0.0
Combined_LTE_DSSS_frame_44,3,spectrograms/Combined_LTE_DSSS_frame_44_w3.npy,1,LTE_DSSS,7680000.0,5.0,0.0
Combined_LTE_DSSS_frame_45,0,spectrograms/Combined_LTE_DSSS_frame_45_w0.npy,1,LTE_DSSS,7680000.0,5.0,5.0
Combined_LTE_DSSS_frame_45,1,spectrograms/Combined_LTE_DSSS_frame_45_w1.npy,1,LTE_DSSS,7680000.0,5.0,5.0
Combined_LTE_DSSS_frame_45,2,spectrograms/Combined_LTE_DSSS_frame_45_w2.npy,1,LTE_DSSS,7680000.0,5.0,5.0
Combined_LTE_DSSS_frame_45,3,spectrograms/Combined_LTE_DSSS_frame_45_w3.npy,1,LTE_DSSS,7680000.0,5.0,5.0
Combined_LTE_DSSS_frame_46,0,spectrograms/Combined_LTE_DSSS_frame_46_w0.npy,1,LTE_DSSS,7680000.0,5.0,5.0
Combined_LTE_DSSS_frame_46,1,spectrograms/Combined_LTE_DSSS_frame_46_w1.npy,1,LTE_DSSS,7680000.0,5.0,5.0
Combined_LTE_DSSS_frame_46,2,spectrograms/Combined_LTE_DSSS_frame_46_w2.npy,1,LTE_DSSS,7680000.0,5.0,5.0
Combined_LTE_DSSS_frame_46,3,spectrograms/Combined_LTE_DSSS_frame_46_w3.npy,1,LTE_DSSS,7680000.0,5.0,5.0
Combined_LTE_DSSS_frame_47,0,spectrograms/Combined_LTE_DSSS_frame_47_w0.npy,1,LTE_DSSS,7680000.0,5.0,10.0
Combined_LTE_DSSS_frame_47,1,spectrograms/Combined_LTE_DSSS_frame_47_w1.npy,1,LTE_DSSS,7680000.0,5.0,10.0
Combined_LTE_DSSS_frame_47,2,spectrograms/Combined_LTE_DSSS_frame_47_w2.npy,1,LTE_DSSS,7680000.0,5.0,10.0
Combined_LTE_DSSS_frame_47,3,spectrograms/Combined_LTE_DSSS_frame_47_w3.npy,1,LTE_DSSS,7680000.0,5.0,10.0
Combined_LTE_DSSS_frame_48,0,spectrograms/Combined_LTE_DSSS_frame_48_w0.npy,1,LTE_DSSS,7680000.0,5.0,10.0
Combined_LTE_DSSS_frame_48,1,spectrograms/Combined_LTE_DSSS_frame_48_w1.npy,1,LTE_DSSS,7680000.0,5.0,10.0
Combined_LTE_DSSS_frame_48,2,spectrograms/Combined_LTE_DSSS_frame_48_w2.npy,1,LTE_DSSS,7680000.0,5.0,10.0
Combined_LTE_DSSS_frame_48,3,spectrograms/Combined_LTE_DSSS_frame_48_w3.npy,1,LTE_DSSS,7680000.0,5.0,10.0
Combined_LTE_DSSS_frame_49,0,spectrograms/Combined_LTE_DSSS_frame_49_w0.npy,1,LTE_DSSS,7680000.0,10.0,0.0
Combined_LTE_DSSS_frame_49,1,spectrograms/Combined_LTE_DSSS_frame_49_w1.npy,1,LTE_DSSS,7680000.0,10.0,0.0
Combined_LTE_DSSS_frame_49,2,spectrograms/Combined_LTE_DSSS_frame_49_w2.npy,1,LTE_DSSS,7680000.0,10.0,0.0
Combined_LTE_DSSS_frame_49,3,spectrograms/Combined_LTE_DSSS_frame_49_w3.npy,1,LTE_DSSS,7680000.0,10.0,0.0
Combined_LTE_DSSS_frame_5,0,spectrograms/Combined_LTE_DSSS_frame_5_w0.npy,1,LTE_DSSS,7680000.0,0.0,10.0
Combined_LTE_DSSS_frame_5,1,spectrograms/Combined_LTE_DSSS_frame_5_w1.npy,1,LTE_DSSS,7680000.0,0.0,10.0
Combined_LTE_DSSS_frame_5,2,spectrograms/Combined_LTE_DSSS_frame_5_w2.npy,1,LTE_DSSS,7680000.0,0.0,10.0
Combined_LTE_DSSS_frame_5,3,spectrograms/Combined_LTE_DSSS_frame_5_w3.npy,1,LTE_DSSS,7680000.0,0.0,10.0
Combined_LTE_DSSS_frame_50,0,spectrograms/Combined_LTE_DSSS_frame_50_w0.npy,1,LTE_DSSS,7680000.0,10.0,0.0
Combined_LTE_DSSS_frame_50,1,spectrograms/Combined_LTE_DSSS_frame_50_w1.npy,1,LTE_DSSS,7680000.0,10.0,0.0
Combined_LTE_DSSS_frame_50,2,spectrograms/Combined_LTE_DSSS_frame_50_w2.npy,1,LTE_DSSS,7680000.0,10.0,0.0
Combined_LTE_DSSS_frame_50,3,spectrograms/Combined_LTE_DSSS_frame_50_w3.npy,1,LTE_DSSS,7680000.0,10.0,0.0
Combined_LTE_DSSS_frame_51,0,spectrograms/Combined_LTE_DSSS_frame_51_w0.npy,1,LTE_DSSS,7680000.0,10.0,5.0
Combined_LTE_DSSS_frame_51,1,spectrograms/Combined_LTE_DSSS_frame_51_w1.npy,1,LTE_DSSS,7680000.0,10.0,5.0
Combined_LTE_DSSS_frame_51,2,spectrograms/Combined_LTE_DSSS_frame_51_w2.npy,1,LTE_DSSS,7680000.0,10.0,5.0
Combined_LTE_DSSS_frame_51,3,spectrograms/Combined_LTE_DSSS_frame_51_w3.npy,1,LTE_DSSS,7680000.0,10.0,5.0
Combined_LTE_DSSS_frame_52,0,spectrograms/Combined_LTE_DSSS_frame_52_w0.npy,1,LTE_DSSS,7680000.0,10.0,5.0
Combined_LTE_DSSS_frame_52,1,spectrograms/Combined_LTE_DSSS_frame_52_w1.npy,1,LTE_DSSS,7680000.0,10.0,5.0
Combined_LTE_DSSS_frame_52,2,spectrograms/Combined_LTE_DSSS_frame_52_w2.npy,1,LTE_DSSS,7680000.0,10.0,5.0
Combined_LTE_DSSS_frame_52,3,spectrograms/Combined_LTE_DSSS_frame_52_w3.npy,1,LTE_DSSS,7680000.0,10.0,5.0
Combined_LTE_DSSS_frame_53,0,spectrograms/Combined_LTE_DSSS_frame_53_w0.npy,1,LTE_DSSS,7680000.0,10.0,10.0
Combined_LTE_DSSS_frame_53,1,spectrograms/Combined_LTE_DSSS_frame_53_w1.npy,1,LTE_DSSS,7680000.0,10.0,10.0
Combined_LTE_DSSS_frame_53,2,spectrograms/Combined_LTE_DSSS_frame_53_w2.npy,1,LTE_DSSS,7680000.0,10.0,10.0
Combined_LTE_DSSS_frame_53,3,spectrograms/Combined_LTE_DSSS_frame_53_w3.npy,1,LTE_DSSS,7680000.0,10.0,10.0
Combined_LTE_DSSS_frame_54,0,spectrograms/Combined_LTE_DSSS_frame_54_w0.npy,1,LTE_DSSS,7680000.0,10.0,10.0
Combined_LTE_DSSS_frame_54,1,spectrograms/Combined_LTE_DSSS_frame_54_w1.npy,1,LTE_DSSS,7680000.0,10.0,10.0
Combined_LTE_DSSS_frame_54,2,spectrograms/Combined_LTE_DSSS_frame_54_w2.npy,1,LTE_DSSS,7680000.0,10.0,10.0
Combined_LTE_DSSS_frame_54,3,spectrograms/Combined_LTE_DSSS_frame_54_w3.npy,1,LTE_DSSS,7680000.0,10.0,10.0
Combined_LTE_DSSS_frame_55,0,spectrograms/Combined_LTE_DSSS_frame_55_w0.npy,1,LTE_DSSS,7680000.0,0.0,0.0
Combined_LTE_DSSS_frame_55,1,spectrograms/Combined_LTE_DSSS_frame_55_w1.npy,1,LTE_DSSS,7680000.0,0.0,0.0
Combined_LTE_DSSS_frame_55,2,spectrograms/Combined_LTE_DSSS_frame_55_w2.npy,1,LTE_DSSS,7680000.0,0.0,0.0
Combined_LTE_DSSS_frame_55,3,spectrograms/Combined_LTE_DSSS_frame_55_w3.npy,1,LTE_DSSS,7680000.0,0.0,0.0
Combined_LTE_DSSS_frame_56,0,spectrograms/Combined_LTE_DSSS_frame_56_w0.npy,1,LTE_DSSS,7680000.0,0.0,0.0
Combined_LTE_DSSS_frame_56,1,spectrograms/Combined_LTE_DSSS_frame_56_w1.npy,1,LTE_DSSS,7680000.0,0.0,0.0
Combined_LTE_DSSS_frame_56,2,spectrograms/Combined_LTE_DSSS_frame_56_w2.npy,1,LTE_DSSS,7680000.0,0.0,0.0
Combined_LTE_DSSS_frame_56,3,spectrograms/Combined_LTE_DSSS_frame_56_w3.npy,1,LTE_DSSS,7680000.0,0.0,0.0
Combined_LTE_DSSS_frame_57,0,spectrograms/Combined_LTE_DSSS_frame_57_w0.npy,1,LTE_DSSS,7680000.0,0.0,5.0
Combined_LTE_DSSS_frame_57,1,spectrograms/Combined_LTE_DSSS_frame_57_w1.npy,1,LTE_DSSS,7680000.0,0.0,5.0
Combined_LTE_DSSS_frame_57,2,spectrograms/Combined_LTE_DSSS_frame_57_w2.npy,1,LTE_DSSS,7680000.0,0.0,5.0
Combined_LTE_DSSS_frame_57,3,spectrograms/Combined_LTE_DSSS_frame_57_w3.npy,1,LTE_DSSS,7680000.0,0.0,5.0
Combined_LTE_DSSS_frame_58,0,spectrograms/Combined_LTE_DSSS_frame_58_w0.npy,1,LTE_DSSS,7680000.0,0.0,5.0
Combined_LTE_DSSS_frame_58,1,spectrograms/Combined_LTE_DSSS_frame_58_w1.npy,1,LTE_DSSS,7680000.0,0.0,5.0
Combined_LTE_DSSS_frame_58,2,spectrograms/Combined_LTE_DSSS_frame_58_w2.npy,1,LTE_DSSS,7680000.0,0.0,5.0
Combined_LTE_DSSS_frame_58,3,spectrograms/Combined_LTE_DSSS_frame_58_w3.npy,1,LTE_DSSS,7680000.0,0.0,5.0
Combined_LTE_DSSS_frame_59,0,spectrograms/Combined_LTE_DSSS_frame_59_w0.npy,1,LTE_DSSS,7680000.0,0.0,10.0
Combined_LTE_DSSS_frame_59,1,spectrograms/Combined_LTE_DSSS_frame_59_w1.npy,1,LTE_DSSS,7680000.0,0.0,10.0
Combined_LTE_DSSS_frame_59,2,spectrograms/Combined_LTE_DSSS_frame_59_w2.npy,1,LTE_DSSS,7680000.0,0.0,10.0
Combined_LTE_DSSS_frame_59,3,spectrograms/Combined_LTE_DSSS_frame_59_w3.npy,1,LTE_DSSS,7680000.0,0.0,10.0
Combined_LTE_DSSS_frame_6,0,spectrograms/Combined_LTE_DSSS_frame_6_w0.npy,1,LTE_DSSS,7680000.0,0.0,10.0
Combined_LTE_DSSS_frame_6,1,spectrograms/Combined_LTE_DSSS_frame_6_w1.npy,1,LTE_DSSS,7680000.0,0.0,10.0
Combined_LTE_DSSS_frame_6,2,spectrograms/Combined_LTE_DSSS_frame_6_w2.npy,1,LTE_DSSS,7680000.0,0.0,10.0
Combined_LTE_DSSS_frame_6,3,spectrograms/Combined_LTE_DSSS_frame_6_w3.npy,1,LTE_DSSS,7680000.0,0.0,10.0
Combined_LTE_DSSS_frame_60,0,spectrograms/Combined_LTE_DSSS_frame_60_w0.npy,1,LTE_DSSS,7680000.0,0.0,10.0
Combined_LTE_DSSS_frame_60,1,spectrograms/Combined_LTE_DSSS_frame_60_w1.npy,1,LTE_DSSS,7680000.0,0.0,10.0
Combined_LTE_DSSS_frame_60,2,spectrograms/Combined_LTE_DSSS_frame_60_w2.npy,1,LTE_DSSS,7680000.0,0.0,10.0
Combined_LTE_DSSS_frame_60,3,spectrograms/Combined_LTE_DSSS_frame_60_w3.npy,1,LTE_DSSS,7680000.0,0.0,10.0
Combined_LTE_DSSS_frame_61,0,spectrograms/Combined_LTE_DSSS_frame_61_w0.npy,1,LTE_DSSS,7680000.0,5.0,0.0
Combined_LTE_DSSS_frame_61,1,spectrograms/Combined_LTE_DSSS_frame_61_w1.npy,1,LTE_DSSS,7680000.0,5.0,0.0
Combined_LTE_DSSS_frame_61,2,spectrograms/Combined_LTE_DSSS_frame_61_w2.npy,1,LTE_DSSS,7680000.0,5.0,0.0
Combined_LTE_DSSS_frame_61,3,spectrograms/Combined_LTE_DSSS_frame_61_w3.npy,1,LTE_DSSS,7680000.0,5.0,0.0
Combined_LTE_DSSS_frame_62,0,spectrograms/Combined_LTE_DSSS_frame_62_w0.npy,1,LTE_DSSS,7680000.0,5.0,0.0
Combined_LTE_DSSS_frame_62,1,spectrograms/Combined_LTE_DSSS_frame_62_w1.npy,1,LTE_DSSS,7680000.0,5.0,0.0
Combined_LTE_DSSS_frame_62,2,spectrograms/Combined_LTE_DSSS_frame_62_w2.npy,1,LTE_DSSS,7680000.0,5.0,0.0
Combined_LTE_DSSS_frame_62,3,spectrograms/Combined_LTE_DSSS_frame_62_w3.npy,1,LTE_DSSS,7680000.0,5.0,0.0
Combined_LTE_DSSS_frame_63,0,spectrograms/Combined_LTE_DSSS_frame_63_w0.npy,1,LTE_DSSS,7680000.0,5.0,5.0
Combined_LTE_DSSS_frame_63,1,spectrograms/Combined_LTE_DSSS_frame_63_w1.npy,1,LTE_DSSS,7680000.0,5.0,5.0
Combined_LTE_DSSS_frame_63,2,spectrograms/Combined_LTE_DSSS_frame_63_w2.npy,1,LTE_DSSS,7680000.0,5.0,5.0
Combined_LTE_DSSS_frame_63,3,spectrograms/Combined_LTE_DSSS_frame_63_w3.npy,1,LTE_DSSS,7680000.0,5.0,5.0
Combined_LTE_DSSS_frame_64,0,spectrograms/Combined_LTE_DSSS_frame_64_w0.npy,1,LTE_DSSS,7680000.0,5.0,5.0
Combined_LTE_DSSS_frame_64,1,spectrograms/Combined_LTE_DSSS_frame_64_w1.npy,1,LTE_DSSS,7680000.0,5.0,5.0
Combined_LTE_DSSS_frame_64,2,spectrograms/Combined_LTE_DSSS_frame_64_w2.npy,1,LTE_DSSS,7680000.0,5.0,5.0
Combined_LTE_DSSS_frame_64,3,spectrograms/Combined_LTE_DSSS_frame_64_w3.npy,1,LTE_DSSS,7680000.0,5.0,5.0
Combined_LTE_DSSS_frame_65,0,spectrograms/Combined_LTE_DSSS_frame_65_w0.npy,1,LTE_DSSS,7680000.0,5.0,10.0
Combined_LTE_DSSS_frame_65,1,spectrograms/Combined_LTE_DSSS_frame_65_w1.npy,1,LTE_DSSS,7680000.0,5.0,10.0
Combined_LTE_DSSS_frame_65,2,spectrograms/Combined_LTE_DSSS_frame_65_w2.npy,1,LTE_DSSS,7680000.0,5.0,10.0
Combined_LTE_DSSS_frame_65,3,spectrograms/Combined_LTE_DSSS_frame_65_w3.npy,1,LTE_DSSS,7680000.0,5.0,10.0
Combined_LTE_DSSS_frame_66,0,spectrograms/Combined_LTE_DSSS_frame_66_w0.npy,1,LTE_DSSS,7680000.0,5.0,10.0
Combined_LTE_DSSS_frame_66,1,spectrograms/Combined_LTE_DSSS_frame_66_w1.npy,1,LTE_DSSS,7680000.0,5.0,10.0
Combined_LTE_DSSS_frame_66,2,spectrograms/Combined_LTE_DSSS_frame_66_w2.npy,1,LTE_DSSS,7680000.0,5.0,10.0
Combined_LTE_DSSS_frame_66,3,spectrograms/Combined_LTE_DSSS_frame_66_w3.npy,1,LTE_DSSS,7680000.0,5.0,10.0
Combined_LTE_DSSS_frame_67,0,spectrograms/Combined_LTE_DSSS_frame_67_w0.npy,1,LTE_DSSS,7680000.0,10.0,0.0
Combined_LTE_DSSS_frame_67,1,spectrograms/Combined_LTE_DSSS_frame_67_w1.npy,1,LTE_DSSS,7680000.0,10.0,0.0
Combined_LTE_DSSS_frame_67,2,spectrograms/Combined_LTE_DSSS_frame_67_w2.npy,1,LTE_DSSS,7680000.0,10.0,0.0
Combined_LTE_DSSS_frame_67,3,spectrograms/Combined_LTE_DSSS_frame_67_w3.npy,1,LTE_DSSS,7680000.0,10.0,0.0
Combined_LTE_DSSS_frame_68,0,spectrograms/Combined_LTE_DSSS_frame_68_w0.npy,1,LTE_DSSS,7680000.0,10.0,0.0
Combined_LTE_DSSS_frame_68,1,spectrograms/Combined_LTE_DSSS_frame_68_w1.npy,1,LTE_DSSS,7680000.0,10.0,0.0
Combined_LTE_DSSS_frame_68,2,spectrograms/Combined_LTE_DSSS_frame_68_w2.npy,1,LTE_DSSS,7680000.0,10.0,0.0
Combined_LTE_DSSS_frame_68,3,spectrograms/Combined_LTE_DSSS_frame_68_w3.npy,1,LTE_DSSS,7680000.0,10.0,0.0
Combined_LTE_DSSS_frame_69,0,spectrograms/Combined_LTE_DSSS_frame_69_w0.npy,1,LTE_DSSS,7680000.0,10.0,5.0
Combined_LTE_DSSS_frame_69,1,spectrograms/Combined_LTE_DSSS_frame_69_w1.npy,1,LTE_DSSS,7680000.0,10.0,5.0
Combined_LTE_DSSS_frame_69,2,spectrograms/Combined_LTE_DSSS_frame_69_w2.npy,1,LTE_DSSS,7680000.0,10.0,5.0
Combined_LTE_DSSS_frame_69,3,spectrograms/Combined_LTE_DSSS_frame_69_w3.npy,1,LTE_DSSS,7680000.0,10.0,5.0
Combined_LTE_DSSS_frame_7,0,spectrograms/Combined_LTE_DSSS_frame_7_w0.npy,1,LTE_DSSS,7680000.0,5.0,0.0
Combined_LTE_DSSS_frame_7,1,spectrograms/Combined_LTE_DSSS_frame_7_w1.npy,1,LTE_DSSS,7680000.0,5.0,0.0
Combined_LTE_DSSS_frame_7,2,spectrograms/Combined_LTE_DSSS_frame_7_w2.npy,1,LTE_DSSS,7680000.0,5.0,0.0
Combined_LTE_DSSS_frame_7,3,spectrograms/Combined_LTE_DSSS_frame_7_w3.npy,1,LTE_DSSS,7680000.0,5.0,0.0
Combined_LTE_DSSS_frame_70,0,spectrograms/Combined_LTE_DSSS_frame_70_w0.npy,1,LTE_DSSS,7680000.0,10.0,5.0
Combined_LTE_DSSS_frame_70,1,spectrograms/Combined_LTE_DSSS_frame_70_w1.npy,1,LTE_DSSS,7680000.0,10.0,5.0
Combined_LTE_DSSS_frame_70,2,spectrograms/Combined_LTE_DSSS_frame_70_w2.npy,1,LTE_DSSS,7680000.0,10.0,5.0
Combined_LTE_DSSS_frame_70,3,spectrograms/Combined_LTE_DSSS_frame_70_w3.npy,1,LTE_DSSS,7680000.0,10.0,5.0
Combined_LTE_DSSS_frame_71,0,spectrograms/Combined_LTE_DSSS_frame_71_w0.npy,1,LTE_DSSS,7680000.0,10.0,10.0
Combined_LTE_DSSS_frame_71,1,spectrograms/Combined_LTE_DSSS_frame_71_w1.npy,1,LTE_DSSS,7680000.0,10.0,10.0
Combined_LTE_DSSS_frame_71,2,spectrograms/Combined_LTE_DSSS_frame_71_w2.npy,1,LTE_DSSS,7680000.0,10.0,10.0
Combined_LTE_DSSS_frame_71,3,spectrograms/Combined_LTE_DSSS_frame_71_w3.npy,1,LTE_DSSS,7680000.0,10.0,10.0
Combined_LTE_DSSS_frame_72,0,spectrograms/Combined_LTE_DSSS_frame_72_w0.npy,1,LTE_DSSS,7680000.0,10.0,10.0
Combined_LTE_DSSS_frame_72,1,spectrograms/Combined_LTE_DSSS_frame_72_w1.npy,1,LTE_DSSS,7680000.0,10.0,10.0
Combined_LTE_DSSS_frame_72,2,spectrograms/Combined_LTE_DSSS_frame_72_w2.npy,1,LTE_DSSS,7680000.0,10.0,10.0
Combined_LTE_DSSS_frame_72,3,spectrograms/Combined_LTE_DSSS_frame_72_w3.npy,1,LTE_DSSS,7680000.0,10.0,10.0
Combined_LTE_DSSS_frame_73,0,spectrograms/Combined_LTE_DSSS_frame_73_w0.npy,1,LTE_DSSS,15360000.0,0.0,0.0
Combined_LTE_DSSS_frame_73,1,spectrograms/Combined_LTE_DSSS_frame_73_w1.npy,1,LTE_DSSS,15360000.0,0.0,0.0
Combined_LTE_DSSS_frame_73,2,spectrograms/Combined_LTE_DSSS_frame_73_w2.npy,1,LTE_DSSS,15360000.0,0.0,0.0
Combined_LTE_DSSS_frame_73,3,spectrograms/Combined_LTE_DSSS_frame_73_w3.npy,1,LTE_DSSS,15360000.0,0.0,0.0
Combined_LTE_DSSS_frame_74,0,spectrograms/Combined_LTE_DSSS_frame_74_w0.npy,1,LTE_DSSS,15360000.0,0.0,0.0
Combined_LTE_DSSS_frame_74,1,spectrograms/Combined_LTE_DSSS_frame_74_w1.npy,1,LTE_DSSS,15360000.0,0.0,0.0
Combined_LTE_DSSS_frame_74,2,spectrograms/Combined_LTE_DSSS_frame_74_w2.npy,1,LTE_DSSS,15360000.0,0.0,0.0
Combined_LTE_DSSS_frame_74,3,spectrograms/Combined_LTE_DSSS_frame_74_w3.npy,1,LTE_DSSS,15360000.0,0.0,0.0
Combined_LTE_DSSS_frame_75,0,spectrograms/Combined_LTE_DSSS_frame_75_w0.npy,1,LTE_DSSS,15360000.0,0.0,5.0
Combined_LTE_DSSS_frame_75,1,spectrograms/Combined_LTE_DSSS_frame_75_w1.npy,1,LTE_DSSS,15360000.0,0.0,5.0
Combined_LTE_DSSS_frame_75,2,spectrograms/Combined_LTE_DSSS_frame_75_w2.npy,1,LTE_DSSS,15360000.0,0.0,5.0
Combined_LTE_DSSS_frame_75,3,spectrograms/Combined_LTE_DSSS_frame_75_w3.npy,1,LTE_DSSS,15360000.0,0.0,5.0
Combined_LTE_DSSS_frame_76,0,spectrograms/Combined_LTE_DSSS_frame_76_w0.npy,1,LTE_DSSS,15360000.0,0.0,5.0
Combined_LTE_DSSS_frame_76,1,spectrograms/Combined_LTE_DSSS_frame_76_w1.npy,1,LTE_DSSS,15360000.0,0.0,5.0
Combined_LTE_DSSS_frame_76,2,spectrograms/Combined_LTE_DSSS_frame_76_w2.npy,1,LTE_DSSS,15360000.0,0.0,5.0
Combined_LTE_DSSS_frame_76,3,spectrograms/Combined_LTE_DSSS_frame_76_w3.npy,1,LTE_DSSS,15360000.0,0.0,5.0
Combined_LTE_DSSS_frame_77,0,spectrograms/Combined_LTE_DSSS_frame_77_w0.npy,1,LTE_DSSS,15360000.0,0.0,10.0
Combined_LTE_DSSS_frame_77,1,spectrograms/Combined_LTE_DSSS_frame_77_w1.npy,1,LTE_DSSS,15360000.0,0.0,10.0
Combined_LTE_DSSS_frame_77,2,spectrograms/Combined_LTE_DSSS_frame_77_w2.npy,1,LTE_DSSS,15360000.0,0.0,10.0
Combined_LTE_DSSS_frame_77,3,spectrograms/Combined_LTE_DSSS_frame_77_w3.npy,1,LTE_DSSS,15360000.0,0.0,10.0
Combined_LTE_DSSS_frame_78,0,spectrograms/Combined_LTE_DSSS_frame_78_w0.npy,1,LTE_DSSS,15360000.0,0.0,10.0
Combined_LTE_DSSS_frame_78,1,spectrograms/Combined_LTE_DSSS_frame_78_w1.npy,1,LTE_DSSS,15360000.0,0.0,10.0
Combined_LTE_DSSS_frame_78,2,spectrograms/Combined_LTE_DSSS_frame_78_w2.npy,1,LTE_DSSS,15360000.0,0.0,10.0
Combined_LTE_DSSS_frame_78,3,spectrograms/Combined_LTE_DSSS_frame_78_w3.npy,1,LTE_DSSS,15360000.0,0.0,10.0
Combined_LTE_DSSS_frame_79,0,spectrograms/Combined_LTE_DSSS_frame_79_w0.npy,1,LTE_DSSS,15360000.0,5.0,0.0
Combined_LTE_DSSS_frame_79,1,spectrograms/Combined_LTE_DSSS_frame_79_w1.npy,1,LTE_DSSS,15360000.0,5.0,0.0
Combined_LTE_DSSS_frame_79,2,spectrograms/Combined_LTE_DSSS_frame_79_w2.npy,1,LTE_DSSS,15360000.0,5.0,0.0
Combined_LTE_DSSS_frame_79,3,spectrograms/Combined_LTE_DSSS_frame_79_w3.npy,1,LTE_DSSS,15360000.0,5.0,0.0
Combined_LTE_DSSS_frame_8,0,spectrograms/Combined_LTE_DSSS_frame_8_w0.npy,1,LTE_DSSS,7680000.0,5.0,0.0
Combined_LTE_DSSS_frame_8,1,spectrograms/Combined_LTE_DSSS_frame_8_w1.npy,1,LTE_DSSS,7680000.0,5.0,0.0
Combined_LTE_DSSS_frame_8,2,spectrograms/Combined_LTE_DSSS_frame_8_w2.npy,1,LTE_DSSS,7680000.0,5.0,0.0
Combined_LTE_DSSS_frame_8,3,spectrograms/Combined_LTE_DSSS_frame_8_w3.npy,1,LTE_DSSS,7680000.0,5.0,0.0
Combined_LTE_DSSS_frame_80,0,spectrograms/Combined_LTE_DSSS_frame_80_w0.npy,1,LTE_DSSS,15360000.0,5.0,0.0
Combined_LTE_DSSS_frame_80,1,spectrograms/Combined_LTE_DSSS_frame_80_w1.npy,1,LTE_DSSS,15360000.0,5.0,0.0
Combined_LTE_DSSS_frame_80,2,spectrograms/Combined_LTE_DSSS_frame_80_w2.npy,1,LTE_DSSS,15360000.0,5.0,0.0
Combined_LTE_DSSS_frame_80,3,spectrograms/Combined_LTE_DSSS_frame_80_w3.npy,1,LTE_DSSS,15360000.0,5.0,0.0
Combined_LTE_DSSS_frame_81,0,spectrograms/Combined_LTE_DSSS_frame_81_w0.npy,1,LTE_DSSS,15360000.0,5.0,5.0
Combined_LTE_DSSS_frame_81,1,spectrograms/Combined_LTE_DSSS_frame_81_w1.npy,1,LTE_DSSS,15360000.0,5.0,5.0
Combined_LTE_DSSS_frame_81,2,spectrograms/Combined_LTE_DSSS_frame_81_w2.npy,1,LTE_DSSS,15360000.0,5.0,5.0
Combined_LTE_DSSS_frame_81,3,spectrograms/Combined_LTE_DSSS_frame_81_w3.npy,1,LTE_DSSS,15360000.0,5.0,5.0
Combined_LTE_DSSS_frame_82,0,spectrograms/Combined_LTE_DSSS_frame_82_w0.npy,1,LTE_DSSS,15360000.0,5.0,5.0
Combined_LTE_DSSS_frame_82,1,spectrograms/Combined_LTE_DSSS_frame_82_w1.npy,1,LTE_DSSS,15360000.0,5.0,5.0
Combined_LTE_DSSS_frame_82,2,spectrograms/Combined_LTE_DSSS_frame_82_w2.npy,1,LTE_DSSS,15360000.0,5.0,5.0
Combined_LTE_DSSS_frame_82,3,spectrograms/Combined_LTE_DSSS_frame_82_w3.npy,1,LTE_DSSS,15360000.0,5.0,5.0
Combined_LTE_DSSS_frame_83,0,spectrograms/Combined_LTE_DSSS_frame_83_w0.npy,1,LTE_DSSS,15360000.0,5.0,10.0
Combined_LTE_DSSS_frame_83,1,spectrograms/Combined_LTE_DSSS_frame_83_w1.npy,1,LTE_DSSS,15360000.0,5.0,10.0
Combined_LTE_DSSS_frame_83,2,spectrograms/Combined_LTE_DSSS_frame_83_w2.npy,1,LTE_DSSS,15360000.0,5.0,10.0
Combined_LTE_DSSS_frame_83,3,spectrograms/Combined_LTE_DSSS_frame_83_w3.npy,1,LTE_DSSS,15360000.0,5.0,10.0
Combined_LTE_DSSS_frame_84,0,spectrograms/Combined_LTE_DSSS_frame_84_w0.npy,1,LTE_DSSS,15360000.0,5.0,10.0
Combined_LTE_DSSS_frame_84,1,spectrograms/Combined_LTE_DSSS_frame_84_w1.npy,1,LTE_DSSS,15360000.0,5.0,10.0
Combined_LTE_DSSS_frame_84,2,spectrograms/Combined_LTE_DSSS_frame_84_w2.npy,1,LTE_DSSS,15360000.0,5.0,10.0
Combined_LTE_DSSS_frame_84,3,spectrograms/Combined_LTE_DSSS_frame_84_w3.npy,1,LTE_DSSS,15360000.0,5.0,10.0
Combined_LTE_DSSS_frame_85,0,spectrograms/Combined_LTE_DSSS_frame_85_w0.npy,1,LTE_DSSS,15360000.0,10.0,0.0
Combined_LTE_DSSS_frame_85,1,spectrograms/Combined_LTE_DSSS_frame_85_w1.npy,1,LTE_DSSS,15360000.0,10.0,0.0
Combined_LTE_DSSS_frame_85,2,spectrograms/Combined_LTE_DSSS_frame_85_w2.npy,1,LTE_DSSS,15360000.0,10.0,0.0
Combined_LTE_DSSS_frame_85,3,spectrograms/Combined_LTE_DSSS_frame_85_w3.npy,1,LTE_DSSS,15360000.0,10.0,0.0
Combined_LTE_DSSS_frame_86,0,spectrograms/Combined_LTE_DSSS_frame_86_w0.npy,1,LTE_DSSS,15360000.0,10.0,0.0
Combined_LTE_DSSS_frame_86,1,spectrograms/Combined_LTE_DSSS_frame_86_w1.npy,1,LTE_DSSS,15360000.0,10.0,0.0
Combined_LTE_DSSS_frame_86,2,spectrograms/Combined_LTE_DSSS_frame_86_w2.npy,1,LTE_DSSS,15360000.0,10.0,0.0
Combined_LTE_DSSS_frame_86,3,spectrograms/Combined_LTE_DSSS_frame_86_w3.npy,1,LTE_DSSS,15360000.0,10.0,0.0
Combined_LTE_DSSS_frame_87,0,spectrograms/Combined_LTE_DSSS_frame_87_w0.npy,1,LTE_DSSS,15360000.0,10.0,5.0
Combined_LTE_DSSS_frame_87,1,spectrograms/Combined_LTE_DSSS_frame_87_w1.npy,1,LTE_DSSS,15360000.0,10.0,5.0
Combined_LTE_DSSS_frame_87,2,spectrograms/Combined_LTE_DSSS_frame_87_w2.npy,1,LTE_DSSS,15360000.0,10.0,5.0
Combined_LTE_DSSS_frame_87,3,spectrograms/Combined_LTE_DSSS_frame_87_w3.npy,1,LTE_DSSS,15360000.0,10.0,5.0
Combined_LTE_DSSS_frame_88,0,spectrograms/Combined_LTE_DSSS_frame_88_w0.npy,1,LTE_DSSS,15360000.0,10.0,5.0
Combined_LTE_DSSS_frame_88,1,spectrograms/Combined_LTE_DSSS_frame_88_w1.npy,1,LTE_DSSS,15360000.0,10.0,5.0
Combined_LTE_DSSS_frame_88,2,spectrograms/Combined_LTE_DSSS_frame_88_w2.npy,1,LTE_DSSS,15360000.0,10.0,5.0
Combined_LTE_DSSS_frame_88,3,spectrograms/Combined_LTE_DSSS_frame_88_w3.npy,1,LTE_DSSS,15360000.0,10.0,5.0
Combined_LTE_DSSS_frame_89,0,spectrograms/Combined_LTE_DSSS_frame_89_w0.npy,1,LTE_DSSS,15360000.0,10.0,10.0
Combined_LTE_DSSS_frame_89,1,spectrograms/Combined_LTE_DSSS_frame_89_w1.npy,1,LTE_DSSS,15360000.0,10.0,10.0
Combined_LTE_DSSS_frame_89,2,spectrograms/Combined_LTE_DSSS_frame_89_w2.npy,1,LTE_DSSS,15360000.0,10.0,10.0
Combined_LTE_DSSS_frame_89,3,spectrograms/Combined_LTE_DSSS_frame_89_w3.npy,1,LTE_DSSS,15360000.0,10.0,10.0
Combined_LTE_DSSS_frame_9,0,spectrograms/Combined_LTE_DSSS_frame_9_w0.npy,1,LTE_DSSS,7680000.0,5.0,5.0
Combined_LTE_DSSS_frame_9,1,spectrograms/Combined_LTE_DSSS_frame_9_w1.npy,1,LTE_DSSS,7680000.0,5.0,5.0
Combined_LTE_DSSS_frame_9,2,spectrograms/Combined_LTE_DSSS_frame_9_w2.npy,1,LTE_DSSS,7680000.0,5.0,5.0
Combined_LTE_DSSS_frame_9,3,spectrograms/Combined_LTE_DSSS_frame_9_w3.npy,1,LTE_DSSS,7680000.0,5.0,5.0
Combined_LTE_DSSS_frame_90,0,spectrograms/Combined_LTE_DSSS_frame_90_w0.npy,1,LTE_DSSS,15360000.0,10.0,10.0
Combined_LTE_DSSS_frame_90,1,spectrograms/Combined_LTE_DSSS_frame_90_w1.npy,1,LTE_DSSS,15360000.0,10.0,10.0
Combined_LTE_DSSS_frame_90,2,spectrograms/Combined_LTE_DSSS_frame_90_w2.npy,1,LTE_DSSS,15360000.0,10.0,10.0
Combined_LTE_DSSS_frame_90,3,spectrograms/Combined_LTE_DSSS_frame_90_w3.npy,1,LTE_DSSS,15360000.0,10.0,10.0
Combined_LTE_DSSS_frame_91,0,spectrograms/Combined_LTE_DSSS_frame_91_w0.npy,1,LTE_DSSS,15360000.0,0.0,0.0
Combined_LTE_DSSS_frame_91,1,spectrograms/Combined_LTE_DSSS_frame_91_w1.npy,1,LTE_DSSS,15360000.0,0.0,0.0
Combined_LTE_DSSS_frame_91,2,spectrograms/Combined_LTE_DSSS_frame_91_w2.npy,1,LTE_DSSS,15360000.0,0.0,0.0
Combined_LTE_DSSS_frame_91,3,spectrograms/Combined_LTE_DSSS_frame_91_w3.npy,1,LTE_DSSS,15360000.0,0.0,0.0
Combined_LTE_DSSS_frame_92,0,spectrograms/Combined_LTE_DSSS_frame_92_w0.npy,1,LTE_DSSS,15360000.0,0.0,0.0
Combined_LTE_DSSS_frame_92,1,spectrograms/Combined_LTE_DSSS_frame_92_w1.npy,1,LTE_DSSS,15360000.0,0.0,0.0
Combined_LTE_DSSS_frame_92,2,spectrograms/Combined_LTE_DSSS_frame_92_w2.npy,1,LTE_DSSS,15360000.0,0.0,0.0
Combined_LTE_DSSS_frame_92,3,spectrograms/Combined_LTE_DSSS_frame_92_w3.npy,1,LTE_DSSS,15360000.0,0.0,0.0
Combined_LTE_DSSS_frame_93,0,spectrograms/Combined_LTE_DSSS_frame_93_w0.npy,1,LTE_DSSS,15360000.0,0.0,5.0
Combined_LTE_DSSS_frame_93,1,spectrograms/Combined_LTE_DSSS_frame_93_w1.npy,1,LTE_DSSS,15360000.0,0.0,5.0
Combined_LTE_DSSS_frame_93,2,spectrograms/Combined_LTE_DSSS_frame_93_w2.npy,1,LTE_DSSS,15360000.0,0.0,5.0
Combined_LTE_DSSS_frame_93,3,spectrograms/Combined_LTE_DSSS_frame_93_w3.npy,1,LTE_DSSS,15360000.0,0.0,5.0
Combined_LTE_DSSS_frame_94,0,spectrograms/Combined_LTE_DSSS_frame_94_w0.npy,1,LTE_DSSS,15360000.0,0.0,5.0
Combined_LTE_DSSS_frame_94,1,spectrograms/Combined_LTE_DSSS_frame_94_w1.npy,1,LTE_DSSS,15360000.0,0.0,5.0
Combined_LTE_DSSS_frame_94,2,spectrograms/Combined_LTE_DSSS_frame_94_w2.npy,1,LTE_DSSS,15360000.0,0.0,5.0
Combined_LTE_DSSS_frame_94,3,spectrograms/Combined_LTE_DSSS_frame_94_w3.npy,1,LTE_DSSS,15360000.0,0.0,5.0
Combined_LTE_DSSS_frame_95,0,spectrograms/Combined_LTE_DSSS_frame_95_w0.npy,1,LTE_DSSS,15360000.0,0.0,10.0
Combined_LTE_DSSS_frame_95,1,spectrograms/Combined_LTE_DSSS_frame_95_w1.npy,1,LTE_DSSS,15360000.0,0.0,10.0
Combined_LTE_DSSS_frame_95,2,spectrograms/Combined_LTE_DSSS_frame_95_w2.npy,1,LTE_DSSS,15360000.0,0.0,10.0
Combined_LTE_DSSS_frame_95,3,spectrograms/Combined_LTE_DSSS_frame_95_w3.npy,1,LTE_DSSS,15360000.0,0.0,10.0
Combined_LTE_DSSS_frame_96,0,spectrograms/Combined_LTE_DSSS_frame_96_w0.npy,1,LTE_DSSS,15360000.0,0.0,10.0
Combined_LTE_DSSS_frame_96,1,spectrograms/Combined_LTE_DSSS_frame_96_w1.npy,1,LTE_DSSS,15360000.0,0.0,10.0
Combined_LTE_DSSS_frame_96,2,spectrograms/Combined_LTE_DSSS_frame_96_w2.npy,1,LTE_DSSS,15360000.0,0.0,10.0
Combined_LTE_DSSS_frame_96,3,spectrograms/Combined_LTE_DSSS_frame_96_w3.npy,1,LTE_DSSS,15360000.0,0.0,10.0
Combined_LTE_DSSS_frame_97,0,spectrograms/Combined_LTE_DSSS_frame_97_w0.npy,1,LTE_DSSS,15360000.0,5.0,0.0
Combined_LTE_DSSS_frame_97,1,spectrograms/Combined_LTE_DSSS_frame_97_w1.npy,1,LTE_DSSS,15360000.0,5.0,0.0
Combined_LTE_DSSS_frame_97,2,spectrograms/Combined_LTE_DSSS_frame_97_w2.npy,1,LTE_DSSS,15360000.0,5.0,0.0
Combined_LTE_DSSS_frame_97,3,spectrograms/Combined_LTE_DSSS_frame_97_w3.npy,1,LTE_DSSS,15360000.0,5.0,0.0
Combined_LTE_DSSS_frame_98,0,spectrograms/Combined_LTE_DSSS_frame_98_w0.npy,1,LTE_DSSS,15360000.0,5.0,0.0
Combined_LTE_DSSS_frame_98,1,spectrograms/Combined_LTE_DSSS_frame_98_w1.npy,1,LTE_DSSS,15360000.0,5.0,0.0
Combined_LTE_DSSS_frame_98,2,spectrograms/Combined_LTE_DSSS_frame_98_w2.npy,1,LTE_DSSS,15360000.0,5.0,0.0
Combined_LTE_DSSS_frame_98,3,spectrograms/Combined_LTE_DSSS_frame_98_w3.npy,1,LTE_DSSS,15360000.0,5.0,0.0
Combined_LTE_DSSS_frame_99,0,spectrograms/Combined_LTE_DSSS_frame_99_w0.npy,1,LTE_DSSS,15360000.0,5.0,5.0
Combined_LTE_DSSS_frame_99,1,spectrograms/Combined_LTE_DSSS_frame_99_w1.npy,1,LTE_DSSS,15360000.0,5.0,5.0
Combined_LTE_DSSS_frame_99,2,spectrograms/Combined_LTE_DSSS_frame_99_w2.npy,1,LTE_DSSS,15360000.0,5.0,5.0
Combined_LTE_DSSS_frame_99,3,spectrograms/Combined_LTE_DSSS_frame_99_w3.npy,1,LTE_DSSS,15360000.0,5.0,5.0
OnlyLTE_frame_1,0,spectrograms/OnlyLTE_frame_1_w0.npy,0,LTE,7680000.0,0.0,
OnlyLTE_frame_1,1,spectrograms/OnlyLTE_frame_1_w1.npy,0,LTE,7680000.0,0.0,
OnlyLTE_frame_1,2,spectrograms/OnlyLTE_frame_1_w2.npy,0,LTE,7680000.0,0.0,
OnlyLTE_frame_1,3,spectrograms/OnlyLTE_frame_1_w3.npy,0,LTE,7680000.0,0.0,
OnlyLTE_frame_10,0,spectrograms/OnlyLTE_frame_10_w0.npy,0,LTE,7680000.0,0.0,
OnlyLTE_frame_10,1,spectrograms/OnlyLTE_frame_10_w1.npy,0,LTE,7680000.0,0.0,
OnlyLTE_frame_10,2,spectrograms/OnlyLTE_frame_10_w2.npy,0,LTE,7680000.0,0.0,
OnlyLTE_frame_10,3,spectrograms/OnlyLTE_frame_10_w3.npy,0,LTE,7680000.0,0.0,
OnlyLTE_frame_100,0,spectrograms/OnlyLTE_frame_100_w0.npy,0,LTE,30720000.0,0.0,
OnlyLTE_frame_100,1,spectrograms/OnlyLTE_frame_100_w1.npy,0,LTE,30720000.0,0.0,
OnlyLTE_frame_100,2,spectrograms/OnlyLTE_frame_100_w2.npy,0,LTE,30720000.0,0.0,
OnlyLTE_frame_100,3,spectrograms/OnlyLTE_frame_100_w3.npy,0,LTE,30720000.0,0.0,
OnlyLTE_frame_101,0,spectrograms/OnlyLTE_frame_101_w0.npy,0,LTE,30720000.0,5.0,
OnlyLTE_frame_101,1,spectrograms/OnlyLTE_frame_101_w1.npy,0,LTE,30720000.0,5.0,
OnlyLTE_frame_101,2,spectrograms/OnlyLTE_frame_101_w2.npy,0,LTE,30720000.0,5.0,
OnlyLTE_frame_101,3,spectrograms/OnlyLTE_frame_101_w3.npy,0,LTE,30720000.0,5.0,
OnlyLTE_frame_102,0,spectrograms/OnlyLTE_frame_102_w0.npy,0,LTE,30720000.0,5.0,
OnlyLTE_frame_102,1,spectrograms/OnlyLTE_frame_102_w1.npy,0,LTE,30720000.0,5.0,
OnlyLTE_frame_102,2,spectrograms/OnlyLTE_frame_102_w2.npy,0,LTE,30720000.0,5.0,
OnlyLTE_frame_102,3,spectrograms/OnlyLTE_frame_102_w3.npy,0,LTE,30720000.0,5.0,
OnlyLTE_frame_103,0,spectrograms/OnlyLTE_frame_103_w0.npy,0,LTE,30720000.0,5.0,
OnlyLTE_frame_103,1,spectrograms/OnlyLTE_frame_103_w1.npy,0,LTE,30720000.0,5.0,
OnlyLTE_frame_103,2,spectrograms/OnlyLTE_frame_103_w2.npy,0,LTE,30720000.0,5.0,
OnlyLTE_frame_103,3,spectrograms/OnlyLTE_frame_103_w3.npy,0,LTE,30720000.0,5.0,
OnlyLTE_frame_104,0,spectrograms/OnlyLTE_frame_104_w0.npy,0,LTE,30720000.0,5.0,
OnlyLTE_frame_104,1,spectrograms/OnlyLTE_frame_104_w1.npy,0,LTE,30720000.0,5.0,
OnlyLTE_frame_104,2,spectrograms/OnlyLTE_frame_104_w2.npy,0,LTE,30720000.0,5.0,
OnlyLTE_frame_104,3,spectrograms/OnlyLTE_frame_104_w3.npy,0,LTE,30720000.0,5.0,
OnlyLTE_frame_105,0,spectrograms/OnlyLTE_frame_105_w0.npy,0,LTE,30720000.0,5.0,
OnlyLTE_frame_105,1,spectrograms/OnlyLTE_frame_105_w1.npy,0,LTE,30720000.0,5.0,
OnlyLTE_frame_105,2,spectrograms/OnlyLTE_frame_105_w2.npy,0,LTE,30720000.0,5.0,
OnlyLTE_frame_105,3,spectrograms/OnlyLTE_frame_105_w3.npy,0,LTE,30720000.0,5.0,
OnlyLTE_frame_106,0,spectrograms/OnlyLTE_frame_106_w0.npy,0,LTE,30720000.0,5.0,
OnlyLTE_frame_106,1,spectrograms/OnlyLTE_frame_106_w1.npy,0,LTE,30720000.0,5.0,
OnlyLTE_frame_106,2,spectrograms/OnlyLTE_frame_106_w2.npy,0,LTE,30720000.0,5.0,
OnlyLTE_frame_106,3,spectrograms/OnlyLTE_frame_106_w3.npy,0,LTE,30720000.0,5.0,
OnlyLTE_frame_107,0,spectrograms/OnlyLTE_frame_107_w0.npy,0,LTE,30720000.0,5.0,
OnlyLTE_frame_107,1,spectrograms/OnlyLTE_frame_107_w1.npy,0,LTE,30720000.0,5.0,
OnlyLTE_frame_107,2,spectrograms/OnlyLTE_frame_107_w2.npy,0,LTE,30720000.0,5.0,
OnlyLTE_frame_107,3,spectrograms/OnlyLTE_frame_107_w3.npy,0,LTE,30720000.0,5.0,
OnlyLTE_frame_108,0,spectrograms/OnlyLTE_frame_108_w0.npy,0,LTE,30720000.0,5.0,
OnlyLTE_frame_108,1,spectrograms/OnlyLTE_frame_108_w1.npy,0,LTE,30720000.0,5.0,
OnlyLTE_frame_108,2,spectrograms/OnlyLTE_frame_108_w2.npy,0,LTE,30720000.0,5.0,
OnlyLTE_frame_108,3,spectrograms/OnlyLTE_frame_108_w3.npy,0,LTE,30720000.0,5.0,
OnlyLTE_frame_109,0,spectrograms/OnlyLTE_frame_109_w0.npy,0,LTE,30720000.0,5.0,
OnlyLTE_frame_109,1,spectrograms/OnlyLTE_frame_109_w1.npy,0,LTE,30720000.0,5.0,
OnlyLTE_frame_109,2,spectrograms/OnlyLTE_frame_109_w2.npy,0,LTE,30720000.0,5.0,
OnlyLTE_frame_109,3,spectrograms/OnlyLTE_frame_109_w3.npy,0,LTE,30720000.0,5.0,
OnlyLTE_frame_11,0,spectrograms/OnlyLTE_frame_11_w0.npy,0,LTE,7680000.0,5.0,
OnlyLTE_frame_11,1,spectrograms/OnlyLTE_frame_11_w1.npy,0,LTE,7680000.0,5.0,
OnlyLTE_frame_11,2,spectrograms/OnlyLTE_frame_11_w2.npy,0,LTE,7680000.0,5.0,
OnlyLTE_frame_11,3,spectrograms/OnlyLTE_frame_11_w3.npy,0,LTE,7680000.0,5.0,
OnlyLTE_frame_110,0,spectrograms/OnlyLTE_frame_110_w0.npy,0,LTE,30720000.0,5.0,
OnlyLTE_frame_110,1,spectrograms/OnlyLTE_frame_110_w1.npy,0,LTE,30720000.0,5.0,
OnlyLTE_frame_110,2,spectrograms/OnlyLTE_frame_110_w2.npy,0,LTE,30720000.0,5.0,
OnlyLTE_frame_110,3,spectrograms/OnlyLTE_frame_110_w3.npy,0,LTE,30720000.0,5.0,
OnlyLTE_frame_111,0,spectrograms/OnlyLTE_frame_111_w0.npy,0,LTE,30720000.0,10.0,
OnlyLTE_frame_111,1,spectrograms/OnlyLTE_frame_111_w1.npy,0,LTE,30720000.0,10.0,
OnlyLTE_frame_111,2,spectrograms/OnlyLTE_frame_111_w2.npy,0,LTE,30720000.0,10.0,
OnlyLTE_frame_111,3,spectrograms/OnlyLTE_frame_111_w3.npy,0,LTE,30720000.0,10.0,
OnlyLTE_frame_112,0,spectrograms/OnlyLTE_frame_112_w0.npy,0,LTE,30720000.0,10.0,
OnlyLTE_frame_112,1,spectrograms/OnlyLTE_frame_112_w1.npy,0,LTE,30720000.0,10.0,
OnlyLTE_frame_112,2,spectrograms/OnlyLTE_frame_112_w2.npy,0,LTE,30720000.0,10.0,
OnlyLTE_frame_112,3,spectrograms/OnlyLTE_frame_112_w3.npy,0,LTE,30720000.0,10.0,
OnlyLTE_frame_113,0,spectrograms/OnlyLTE_frame_113_w0.npy,0,LTE,30720000.0,10.0,
OnlyLTE_frame_113,1,spectrograms/OnlyLTE_frame_113_w1.npy,0,LTE,30720000.0,10.0,
OnlyLTE_frame_113,2,spectrograms/OnlyLTE_frame_113_w2.npy,0,LTE,30720000.0,10.0,
OnlyLTE_frame_113,3,spectrograms/OnlyLTE_frame_113_w3.npy,0,LTE,30720000.0,10.0,
OnlyLTE_frame_114,0,spectrograms/OnlyLTE_frame_114_w0.npy,0,LTE,30720000.0,10.0,
OnlyLTE_frame_114,1,spectrograms/OnlyLTE_frame_114_w1.npy,0,LTE,30720000.0,10.0,
OnlyLTE_frame_114,2,spectrograms/OnlyLTE_frame_114_w2.npy,0,LTE,30720000.0,10.0,
OnlyLTE_frame_114,3,spectrograms/OnlyLTE_frame_114_w3.npy,0,LTE,30720000.0,10.0,
OnlyLTE_frame_115,0,spectrograms/OnlyLTE_frame_115_w0.npy,0,LTE,30720000.0,10.0,
OnlyLTE_frame_115,1,spectrograms/OnlyLTE_frame_115_w1.npy,0,LTE,30720000.0,10.0,
OnlyLTE_frame_115,2,spectrograms/OnlyLTE_frame_115_w2.npy,0,LTE,30720000.0,10.0,
OnlyLTE_frame_115,3,spectrograms/OnlyLTE_frame_115_w3.npy,0,LTE,30720000.0,10.0,
OnlyLTE_frame_116,0,spectrograms/OnlyLTE_frame_116_w0.npy,0,LTE,30720000.0,10.0,
OnlyLTE_frame_116,1,spectrograms/OnlyLTE_frame_116_w1.npy,0,LTE,30720000.0,10.0,
OnlyLTE_frame_116,2,spectrograms/OnlyLTE_frame_116_w2.npy,0,LTE,30720000.0,10.0,
OnlyLTE_frame_116,3,spectrograms/OnlyLTE_frame_116_w3.npy,0,LTE,30720000.0,10.0,
OnlyLTE_frame_117,0,spectrograms/OnlyLTE_frame_117_w0.npy,0,LTE,30720000.0,10.0,
OnlyLTE_frame_117,1,spectrograms/OnlyLTE_frame_117_w1.npy,0,LTE,30720000.0,10.0,
OnlyLTE_frame_117,2,spectrograms/OnlyLTE_frame_117_w2.npy,0,LTE,30720000.0,10.0,
OnlyLTE_frame_117,3,spectrograms/OnlyLTE_frame_117_w3.npy,0,LTE,30720000.0,10.0,
OnlyLTE_frame_118,0,spectrograms/OnlyLTE_frame_118_w0.npy,0,LTE,30720000.0,10.0,
OnlyLTE_frame_118,1,spectrograms/OnlyLTE_frame_118_w1.npy,0,LTE,30720000.0,10.0,
OnlyLTE_frame_118,2,spectrograms/OnlyLTE_frame_118_w2.npy,0,LTE,30720000.0,10.0,
OnlyLTE_frame_118,3,spectrograms/OnlyLTE_frame_118_w3.npy,0,LTE,30720000.0,10.0,
OnlyLTE_frame_119,0,spectrograms/OnlyLTE_frame_119_w0.npy,0,LTE,30720000.0,10.0,
OnlyLTE_frame_119,1,spectrograms/OnlyLTE_frame_119_w1.npy,0,LTE,30720000.0,10.0,
OnlyLTE_frame_119,2,spectrograms/OnlyLTE_frame_119_w2.npy,0,LTE,30720000.0,10.0,
OnlyLTE_frame_119,3,spectrograms/OnlyLTE_frame_119_w3.npy,0,LTE,30720000.0,10.0,
OnlyLTE_frame_12,0,spectrograms/OnlyLTE_frame_12_w0.npy,0,LTE,7680000.0,5.0,
OnlyLTE_frame_12,1,spectrograms/OnlyLTE_frame_12_w1.npy,0,LTE,7680000.0,5.0,
OnlyLTE_frame_12,2,spectrograms/OnlyLTE_frame_12_w2.npy,0,LTE,7680000.0,5.0,
OnlyLTE_frame_12,3,spectrograms/OnlyLTE_frame_12_w3.npy,0,LTE,7680000.0,5.0,
OnlyLTE_frame_120,0,spectrograms/OnlyLTE_frame_120_w0.npy,0,LTE,30720000.0,10.0,
OnlyLTE_frame_120,1,spectrograms/OnlyLTE_frame_120_w1.npy,0,LTE,30720000.0,10.0,
OnlyLTE_frame_120,2,spectrograms/OnlyLTE_frame_120_w2.npy,0,LTE,30720000.0,10.0,
OnlyLTE_frame_120,3,spectrograms/OnlyLTE_frame_120_w3.npy,0,LTE,30720000.0,10.0,
OnlyLTE_frame_13,0,spectrograms/OnlyLTE_frame_13_w0.npy,0,LTE,7680000.0,5.0,
OnlyLTE_frame_13,1,spectrograms/OnlyLTE_frame_13_w1.npy,0,LTE,7680000.0,5.0,
OnlyLTE_frame_13,2,spectrograms/OnlyLTE_frame_13_w2.npy,0,LTE,7680000.0,5.0,
OnlyLTE_frame_13,3,spectrograms/OnlyLTE_frame_13_w3.npy,0,LTE,7680000.0,5.0,
OnlyLTE_frame_14,0,spectrograms/OnlyLTE_frame_14_w0.npy,0,LTE,7680000.0,5.0,
OnlyLTE_frame_14,1,spectrograms/OnlyLTE_frame_14_w1.npy,0,LTE,7680000.0,5.0,
OnlyLTE_frame_14,2,spectrograms/OnlyLTE_frame_14_w2.npy,0,LTE,7680000.0,5.0,
OnlyLTE_frame_14,3,spectrograms/OnlyLTE_frame_14_w3.npy,0,LTE,7680000.0,5.0,
OnlyLTE_frame_15,0,spectrograms/OnlyLTE_frame_15_w0.npy,0,LTE,7680000.0,5.0,
OnlyLTE_frame_15,1,spectrograms/OnlyLTE_frame_15_w1.npy,0,LTE,7680000.0,5.0,
OnlyLTE_frame_15,2,spectrograms/OnlyLTE_frame_15_w2.npy,0,LTE,7680000.0,5.0,
OnlyLTE_frame_15,3,spectrograms/OnlyLTE_frame_15_w3.npy,0,LTE,7680000.0,5.0,
OnlyLTE_frame_16,0,spectrograms/OnlyLTE_frame_16_w0.npy,0,LTE,7680000.0,5.0,
OnlyLTE_frame_16,1,spectrograms/OnlyLTE_frame_16_w1.npy,0,LTE,7680000.0,5.0,
OnlyLTE_frame_16,2,spectrograms/OnlyLTE_frame_16_w2.npy,0,LTE,7680000.0,5.0,
OnlyLTE_frame_16,3,spectrograms/OnlyLTE_frame_16_w3.npy,0,LTE,7680000.0,5.0,
OnlyLTE_frame_17,0,spectrograms/OnlyLTE_frame_17_w0.npy,0,LTE,7680000.0,5.0,
OnlyLTE_frame_17,1,spectrograms/OnlyLTE_frame_17_w1.npy,0,LTE,7680000.0,5.0,
OnlyLTE_frame_17,2,spectrograms/OnlyLTE_frame_17_w2.npy,0,LTE,7680000.0,5.0,
OnlyLTE_frame_17,3,spectrograms/OnlyLTE_frame_17_w3.npy,0,LTE,7680000.0,5.0,
OnlyLTE_frame_18,0,spectrograms/OnlyLTE_frame_18_w0.npy,0,LTE,7680000.0,5.0,
OnlyLTE_frame_18,1,spectrograms/OnlyLTE_frame_18_w1.npy,0,LTE,7680000.0,5.0,
OnlyLTE_frame_18,2,spectrograms/OnlyLTE_frame_18_w2.npy,0,LTE,7680000.0,5.0,
OnlyLTE_frame_18,3,spectrograms/OnlyLTE_frame_18_w3.npy,0,LTE,7680000.0,5.0,
OnlyLTE_frame_19,0,spectrograms/OnlyLTE_frame_19_w0.npy,0,LTE,7680000.0,5.0,
OnlyLTE_frame_19,1,spectrograms/OnlyLTE_frame_19_w1.npy,0,LTE,7680000.0,5.0,
OnlyLTE_frame_19,2,spectrograms/OnlyLTE_frame_19_w2.npy,0,LTE,7680000.0,5.0,
OnlyLTE_frame_19,3,spectrograms/OnlyLTE_frame_19_w3.npy,0,LTE,7680000.0,5.0,
OnlyLTE_frame_2,0,spectrograms/OnlyLTE_frame_2_w0.npy,0,LTE,7680000.0,0.0,
OnlyLTE_frame_2,1,spectrograms/OnlyLTE_frame_2_w1.npy,0,LTE,7680000.0,0.0,
OnlyLTE_frame_2,2,spectrograms/OnlyLTE_frame_2_w2.npy,0,LTE,7680000.0,0.0,
OnlyLTE_frame_2,3,spectrograms/OnlyLTE_frame_2_w3.npy,0,LTE,7680000.0,0.0,
OnlyLTE_frame_20,0,spectrograms/OnlyLTE_frame_20_w0.npy,0,LTE,7680000.0,5.0,
OnlyLTE_frame_20,1,spectrograms/OnlyLTE_frame_20_w1.npy,0,LTE,7680000.0,5.0,
OnlyLTE_frame_20,2,spectrograms/OnlyLTE_frame_20_w2.npy,0,LTE,7680000.0,5.0,
OnlyLTE_frame_20,3,spectrograms/OnlyLTE_frame_20_w3.npy,0,LTE,7680000.0,5.0,
OnlyLTE_frame_21,0,spectrograms/OnlyLTE_frame_21_w0.npy,0,LTE,7680000.0,10.0,
OnlyLTE_frame_21,1,spectrograms/OnlyLTE_frame_21_w1.npy,0,LTE,7680000.0,10.0,
OnlyLTE_frame_21,2,spectrograms/OnlyLTE_frame_21_w2.npy,0,LTE,7680000.0,10.0,
OnlyLTE_frame_21,3,spectrograms/OnlyLTE_frame_21_w3.npy,0,LTE,7680000.0,10.0,
OnlyLTE_frame_22,0,spectrograms/OnlyLTE_frame_22_w0.npy,0,LTE,7680000.0,10.0,
OnlyLTE_frame_22,1,spectrograms/OnlyLTE_frame_22_w1.npy,0,LTE,7680000.0,10.0,
OnlyLTE_frame_22,2,spectrograms/OnlyLTE_frame_22_w2.npy,0,LTE,7680000.0,10.0,
OnlyLTE_frame_22,3,spectrograms/OnlyLTE_frame_22_w3.npy,0,LTE,7680000.0,10.0,
OnlyLTE_frame_23,0,spectrograms/OnlyLTE_frame_23_w0.npy,0,LTE,7680000.0,10.0,
OnlyLTE_frame_23,1,spectrograms/OnlyLTE_frame_23_w1.npy,0,LTE,7680000.0,10.0,
OnlyLTE_frame_23,2,spectrograms/OnlyLTE_frame_23_w2.npy,0,LTE,7680000.0,10.0,
OnlyLTE_frame_23,3,spectrograms/OnlyLTE_frame_23_w3.npy,0,LTE,7680000.0,10.0,
OnlyLTE_frame_24,0,spectrograms/OnlyLTE_frame_24_w0.npy,0,LTE,7680000.0,10.0,
OnlyLTE_frame_24,1,spectrograms/OnlyLTE_frame_24_w1.npy,0,LTE,7680000.0,10.0,
OnlyLTE_frame_24,2,spectrograms/OnlyLTE_frame_24_w2.npy,0,LTE,7680000.0,10.0,
OnlyLTE_frame_24,3,spectrograms/OnlyLTE_frame_24_w3.npy,0,LTE,7680000.0,10.0,
OnlyLTE_frame_25,0,spectrograms/OnlyLTE_frame_25_w0.npy,0,LTE,7680000.0,10.0,
OnlyLTE_frame_25,1,spectrograms/OnlyLTE_frame_25_w1.npy,0,LTE,7680000.0,10.0,
OnlyLTE_frame_25,2,spectrograms/OnlyLTE_frame_25_w2.npy,0,LTE,7680000.0,10.0,
OnlyLTE_frame_25,3,spectrograms/OnlyLTE_frame_25_w3.npy,0,LTE,7680000.0,10.0,
OnlyLTE_frame_26,0,spectrograms/OnlyLTE_frame_26_w0.npy,0,LTE,7680000.0,10.0,
OnlyLTE_frame_26,1,spectrograms/OnlyLTE_frame_26_w1.npy,0,LTE,7680000.0,10.0,
OnlyLTE_frame_26,2,spectrograms/OnlyLTE_frame_26_w2.npy,0,LTE,7680000.0,10.0,
OnlyLTE_frame_26,3,spectrograms/OnlyLTE_frame_26_w3.npy,0,LTE,7680000.0,10.0,
OnlyLTE_frame_27,0,spectrograms/OnlyLTE_frame_27_w0.npy,0,LTE,7680000.0,10.0,
OnlyLTE_frame_27,1,spectrograms/OnlyLTE_frame_27_w1.npy,0,LTE,7680000.0,10.0,
OnlyLTE_frame_27,2,spectrograms/OnlyLTE_frame_27_w2.npy,0,LTE,7680000.0,10.0,
OnlyLTE_frame_27,3,spectrograms/OnlyLTE_frame_27_w3.npy,0,LTE,7680000.0,10.0,
OnlyLTE_frame_28,0,spectrograms/OnlyLTE_frame_28_w0.npy,0,LTE,7680000.0,10.0,
OnlyLTE_frame_28,1,spectrograms/OnlyLTE_frame_28_w1.npy,0,LTE,7680000.0,10.0,
OnlyLTE_frame_28,2,spectrograms/OnlyLTE_frame_28_w2.npy,0,LTE,7680000.0,10.0,
OnlyLTE_frame_28,3,spectrograms/OnlyLTE_frame_28_w3.npy,0,LTE,7680000.0,10.0,
OnlyLTE_frame_29,0,spectrograms/OnlyLTE_frame_29_w0.npy,0,LTE,7680000.0,10.0,
OnlyLTE_frame_29,1,spectrograms/OnlyLTE_frame_29_w1.npy,0,LTE,7680000.0,10.0,
OnlyLTE_frame_29,2,spectrograms/OnlyLTE_frame_29_w2.npy,0,LTE,7680000.0,10.0,
OnlyLTE_frame_29,3,spectrograms/OnlyLTE_frame_29_w3.npy,0,LTE,7680000.0,10.0,
OnlyLTE_frame_3,0,spectrograms/OnlyLTE_frame_3_w0.npy,0,LTE,7680000.0,0.0,
OnlyLTE_frame_3,1,spectrograms/OnlyLTE_frame_3_w1.npy,0,LTE,7680000.0,0.0,
OnlyLTE_frame_3,2,spectrograms/OnlyLTE_frame_3_w2.npy,0,LTE,7680000.0,0.0,
OnlyLTE_frame_3,3,spectrograms/OnlyLTE_frame_3_w3.npy,0,LTE,7680000.0,0.0,
OnlyLTE_frame_30,0,spectrograms/OnlyLTE_frame_30_w0.npy,0,LTE,7680000.0,10.0,
OnlyLTE_frame_30,1,spectrograms/OnlyLTE_frame_30_w1.npy,0,LTE,7680000.0,10.0,
OnlyLTE_frame_30,2,spectrograms/OnlyLTE_frame_30_w2.npy,0,LTE,7680000.0,10.0,
OnlyLTE_frame_30,3,spectrograms/OnlyLTE_frame_30_w3.npy,0,LTE,7680000.0,10.0,
OnlyLTE_frame_31,0,spectrograms/OnlyLTE_frame_31_w0.npy,0,LTE,15360000.0,0.0,
OnlyLTE_frame_31,1,spectrograms/OnlyLTE_frame_31_w1.npy,0,LTE,15360000.0,0.0,
OnlyLTE_frame_31,2,spectrograms/OnlyLTE_frame_31_w2.npy,0,LTE,15360000.0,0.0,
OnlyLTE_frame_31,3,spectrograms/OnlyLTE_frame_31_w3.npy,0,LTE,15360000.0,0.0,
OnlyLTE_frame_32,0,spectrograms/OnlyLTE_frame_32_w0.npy,0,LTE,15360000.0,0.0,
OnlyLTE_frame_32,1,spectrograms/OnlyLTE_frame_32_w1.npy,0,LTE,15360000.0,0.0,
OnlyLTE_frame_32,2,spectrograms/OnlyLTE_frame_32_w2.npy,0,LTE,15360000.0,0.0,
OnlyLTE_frame_32,3,spectrograms/OnlyLTE_frame_32_w3.npy,0,LTE,15360000.0,0.0,
OnlyLTE_frame_33,0,spectrograms/OnlyLTE_frame_33_w0.npy,0,LTE,15360000.0,0.0,
OnlyLTE_frame_33,1,spectrograms/OnlyLTE_frame_33_w1.npy,0,LTE,15360000.0,0.0,
OnlyLTE_frame_33,2,spectrograms/OnlyLTE_frame_33_w2.npy,0,LTE,15360000.0,0.0,
OnlyLTE_frame_33,3,spectrograms/OnlyLTE_frame_33_w3.npy,0,LTE,15360000.0,0.0,
OnlyLTE_frame_34,0,spectrograms/OnlyLTE_frame_34_w0.npy,0,LTE,15360000.0,0.0,
OnlyLTE_frame_34,1,spectrograms/OnlyLTE_frame_34_w1.npy,0,LTE,15360000.0,0.0,
OnlyLTE_frame_34,2,spectrograms/OnlyLTE_frame_34_w2.npy,0,LTE,15360000.0,0.0,
OnlyLTE_frame_34,3,spectrograms/OnlyLTE_frame_34_w3.npy,0,LTE,15360000.0,0.0,
OnlyLTE_frame_35,0,spectrograms/OnlyLTE_frame_35_w0.npy,0,LTE,15360000.0,0.0,
OnlyLTE_frame_35,1,spectrograms/OnlyLTE_frame_35_w1.npy,0,LTE,15360000.0,0.0,
OnlyLTE_frame_35,2,spectrograms/OnlyLTE_frame_35_w2.npy,0,LTE,15360000.0,0.0,
OnlyLTE_frame_35,3,spectrograms/OnlyLTE_frame_35_w3.npy,0,LTE,15360000.0,0.0,
OnlyLTE_frame_36,0,spectrograms/OnlyLTE_frame_36_w0.npy,0,LTE,15360000.0,0.0,
OnlyLTE_frame_36,1,spectrograms/OnlyLTE_frame_36_w1.npy,0,LTE,15360000.0,0.0,
OnlyLTE_frame_36,2,spectrograms/OnlyLTE_frame_36_w2.npy,0,LTE,15360000.0,0.0,
OnlyLTE_frame_36,3,spectrograms/OnlyLTE_frame_36_w3.npy,0,LTE,15360000.0,0.0,
OnlyLTE_frame_37,0,spectrograms/OnlyLTE_frame_37_w0.npy,0,LTE,15360000.0,0.0,
OnlyLTE_frame_37,1,spectrograms/OnlyLTE_frame_37_w1.npy,0,LTE,15360000.0,0.0,
OnlyLTE_frame_37,2,spectrograms/OnlyLTE_frame_37_w2.npy,0,LTE,15360000.0,0.0,
OnlyLTE_frame_37,3,spectrograms/OnlyLTE_frame_37_w3.npy,0,LTE,15360000.0,0.0,
OnlyLTE_frame_38,0,spectrograms/OnlyLTE_frame_38_w0.npy,0,LTE,15360000.0,0.0,
OnlyLTE_frame_38,1,spectrograms/OnlyLTE_frame_38_w1.npy,0,LTE,15360000.0,0.0,
OnlyLTE_frame_38,2,spectrograms/OnlyLTE_frame_38_w2.npy,0,LTE,15360000.0,0.0,
OnlyLTE_frame_38,3,spectrograms/OnlyLTE_frame_38_w3.npy,0,LTE,15360000.0,0.0,
OnlyLTE_frame_39,0,spectrograms/OnlyLTE_frame_39_w0.npy,0,LTE,15360000.0,0.0,
OnlyLTE_frame_39,1,spectrograms/OnlyLTE_frame_39_w1.npy,0,LTE,15360000.0,0.0,
OnlyLTE_frame_39,2,spectrograms/OnlyLTE_frame_39_w2.npy,0,LTE,15360000.0,0.0,
OnlyLTE_frame_39,3,spectrograms/OnlyLTE_frame_39_w3.npy,0,LTE,15360000.0,0.0,
OnlyLTE_frame_4,0,spectrograms/OnlyLTE_frame_4_w0.npy,0,LTE,7680000.0,0.0,
OnlyLTE_frame_4,1,spectrograms/OnlyLTE_frame_4_w1.npy,0,LTE,7680000.0,0.0,
OnlyLTE_frame_4,2,spectrograms/OnlyLTE_frame_4_w2.npy,0,LTE,7680000.0,0.0,
OnlyLTE_frame_4,3,spectrograms/OnlyLTE_frame_4_w3.npy,0,LTE,7680000.0,0.0,
OnlyLTE_frame_40,0,spectrograms/OnlyLTE_frame_40_w0.npy,0,LTE,15360000.0,0.0,
OnlyLTE_frame_40,1,spectrograms/OnlyLTE_frame_40_w1.npy,0,LTE,15360000.0,0.0,
OnlyLTE_frame_40,2,spectrograms/OnlyLTE_frame_40_w2.npy,0,LTE,15360000.0,0.0,
OnlyLTE_frame_40,3,spectrograms/OnlyLTE_frame_40_w3.npy,0,LTE,15360000.0,0.0,
OnlyLTE_frame_41,0,spectrograms/OnlyLTE_frame_41_w0.npy,0,LTE,15360000.0,5.0,
OnlyLTE_frame_41,1,spectrograms/OnlyLTE_frame_41_w1.npy,0,LTE,15360000.0,5.0,
OnlyLTE_frame_41,2,spectrograms/OnlyLTE_frame_41_w2.npy,0,LTE,15360000.0,5.0,
OnlyLTE_frame_41,3,spectrograms/OnlyLTE_frame_41_w3.npy,0,LTE,15360000.0,5.0,
OnlyLTE_frame_42,0,spectrograms/OnlyLTE_frame_42_w0.npy,0,LTE,15360000.0,5.0,
OnlyLTE_frame_42,1,spectrograms/OnlyLTE_frame_42_w1.npy,0,LTE,15360000.0,5.0,
OnlyLTE_frame_42,2,spectrograms/OnlyLTE_frame_42_w2.npy,0,LTE,15360000.0,5.0,
OnlyLTE_frame_42,3,spectrograms/OnlyLTE_frame_42_w3.npy,0,LTE,15360000.0,5.0,
OnlyLTE_frame_43,0,spectrograms/OnlyLTE_frame_43_w0.npy,0,LTE,15360000.0,5.0,
OnlyLTE_frame_43,1,spectrograms/OnlyLTE_frame_43_w1.npy,0,LTE,15360000.0,5.0,
OnlyLTE_frame_43,2,spectrograms/OnlyLTE_frame_43_w2.npy,0,LTE,15360000.0,5.0,
OnlyLTE_frame_43,3,spectrograms/OnlyLTE_frame_43_w3.npy,0,LTE,15360000.0,5.0,
OnlyLTE_frame_44,0,spectrograms/OnlyLTE_frame_44_w0.npy,0,LTE,15360000.0,5.0,
OnlyLTE_frame_44,1,spectrograms/OnlyLTE_frame_44_w1.npy,0,LTE,15360000.0,5.0,
OnlyLTE_frame_44,2,spectrograms/OnlyLTE_frame_44_w2.npy,0,LTE,15360000.0,5.0,
OnlyLTE_frame_44,3,spectrograms/OnlyLTE_frame_44_w3.npy,0,LTE,15360000.0,5.0,
OnlyLTE_frame_45,0,spectrograms/OnlyLTE_frame_45_w0.npy,0,LTE,15360000.0,5.0,
OnlyLTE_frame_45,1,spectrograms/OnlyLTE_frame_45_w1.npy,0,LTE,15360000.0,5.0,
OnlyLTE_frame_45,2,spectrograms/OnlyLTE_frame_45_w2.npy,0,LTE,15360000.0,5.0,
OnlyLTE_frame_45,3,spectrograms/OnlyLTE_frame_45_w3.npy,0,LTE,15360000.0,5.0,
OnlyLTE_frame_46,0,spectrograms/OnlyLTE_frame_46_w0.npy,0,LTE,15360000.0,5.0,
OnlyLTE_frame_46,1,spectrograms/OnlyLTE_frame_46_w1.npy,0,LTE,15360000.0,5.0,
OnlyLTE_frame_46,2,spectrograms/OnlyLTE_frame_46_w2.npy,0,LTE,15360000.0,5.0,
OnlyLTE_frame_46,3,spectrograms/OnlyLTE_frame_46_w3.npy,0,LTE,15360000.0,5.0,
OnlyLTE_frame_47,0,spectrograms/OnlyLTE_frame_47_w0.npy,0,LTE,15360000.0,5.0,
OnlyLTE_frame_47,1,spectrograms/OnlyLTE_frame_47_w1.npy,0,LTE,15360000.0,5.0,
OnlyLTE_frame_47,2,spectrograms/OnlyLTE_frame_47_w2.npy,0,LTE,15360000.0,5.0,
OnlyLTE_frame_47,3,spectrograms/OnlyLTE_frame_47_w3.npy,0,LTE,15360000.0,5.0,
OnlyLTE_frame_48,0,spectrograms/OnlyLTE_frame_48_w0.npy,0,LTE,15360000.0,5.0,
OnlyLTE_frame_48,1,spectrograms/OnlyLTE_frame_48_w1.npy,0,LTE,15360000.0,5.0,
OnlyLTE_frame_48,2,spectrograms/OnlyLTE_frame_48_w2.npy,0,LTE,15360000.0,5.0,
OnlyLTE_frame_48,3,spectrograms/OnlyLTE_frame_48_w3.npy,0,LTE,15360000.0,5.0,
OnlyLTE_frame_49,0,spectrograms/OnlyLTE_frame_49_w0.npy,0,LTE,15360000.0,5.0,
OnlyLTE_frame_49,1,spectrograms/OnlyLTE_frame_49_w1.npy,0,LTE,15360000.0,5.0,
OnlyLTE_frame_49,2,spectrograms/OnlyLTE_frame_49_w2.npy,0,LTE,15360000.0,5.0,
OnlyLTE_frame_49,3,spectrograms/OnlyLTE_frame_49_w3.npy,0,LTE,15360000.0,5.0,
OnlyLTE_frame_5,0,spectrograms/OnlyLTE_frame_5_w0.npy,0,LTE,7680000.0,0.0,
OnlyLTE_frame_5,1,spectrograms/OnlyLTE_frame_5_w1.npy,0,LTE,7680000.0,0.0,
OnlyLTE_frame_5,2,spectrograms/OnlyLTE_frame_5_w2.npy,0,LTE,7680000.0,0.0,
OnlyLTE_frame_5,3,spectrograms/OnlyLTE_frame_5_w3.npy,0,LTE,7680000.0,0.0,
OnlyLTE_frame_50,0,spectrograms/OnlyLTE_frame_50_w0.npy,0,LTE,15360000.0,5.0,
OnlyLTE_frame_50,1,spectrograms/OnlyLTE_frame_50_w1.npy,0,LTE,15360000.0,5.0,
OnlyLTE_frame_50,2,spectrograms/OnlyLTE_frame_50_w2.npy,0,LTE,15360000.0,5.0,
OnlyLTE_frame_50,3,spectrograms/OnlyLTE_frame_50_w3.npy,0,LTE,15360000.0,5.0,
OnlyLTE_frame_51,0,spectrograms/OnlyLTE_frame_51_w0.npy,0,LTE,15360000.0,10.0,
OnlyLTE_frame_51,1,spectrograms/OnlyLTE_frame_51_w1.npy,0,LTE,15360000.0,10.0,
OnlyLTE_frame_51,2,spectrograms/OnlyLTE_frame_51_w2.npy,0,LTE,15360000.0,10.0,
OnlyLTE_frame_51,3,spectrograms/OnlyLTE_frame_51_w3.npy,0,LTE,15360000.0,10.0,
OnlyLTE_frame_52,0,spectrograms/OnlyLTE_frame_52_w0.npy,0,LTE,15360000.0,10.0,
OnlyLTE_frame_52,1,spectrograms/OnlyLTE_frame_52_w1.npy,0,LTE,15360000.0,10.0,
OnlyLTE_frame_52,2,spectrograms/OnlyLTE_frame_52_w2.npy,0,LTE,15360000.0,10.0,
OnlyLTE_frame_52,3,spectrograms/OnlyLTE_frame_52_w3.npy,0,LTE,15360000.0,10.0,
OnlyLTE_frame_53,0,spectrograms/OnlyLTE_frame_53_w0.npy,0,LTE,15360000.0,10.0,
OnlyLTE_frame_53,1,spectrograms/OnlyLTE_frame_53_w1.npy,0,LTE,15360000.0,10.0,
OnlyLTE_frame_53,2,spectrograms/OnlyLTE_frame_53_w2.npy,0,LTE,15360000.0,10.0,
OnlyLTE_frame_53,3,spectrograms/OnlyLTE_frame_53_w3.npy,0,LTE,15360000.0,10.0,
OnlyLTE_frame_54,0,spectrograms/OnlyLTE_frame_54_w0.npy,0,LTE,15360000.0,10.0,
OnlyLTE_frame_54,1,spectrograms/OnlyLTE_frame_54_w1.npy,0,LTE,15360000.0,10.0,
OnlyLTE_frame_54,2,spectrograms/OnlyLTE_frame_54_w2.npy,0,LTE,15360000.0,10.0,
OnlyLTE_frame_54,3,spectrograms/OnlyLTE_frame_54_w3.npy,0,LTE,15360000.0,10.0,
OnlyLTE_frame_55,0,spectrograms/OnlyLTE_frame_55_w0.npy,0,LTE,15360000.0,10.0,
OnlyLTE_frame_55,1,spectrograms/OnlyLTE_frame_55_w1.npy,0,LTE,15360000.0,10.0,
OnlyLTE_frame_55,2,spectrograms/OnlyLTE_frame_55_w2.npy,0,LTE,15360000.0,10.0,
OnlyLTE_frame_55,3,spectrograms/OnlyLTE_frame_55_w3.npy,0,LTE,15360000.0,10.0,
OnlyLTE_frame_56,0,spectrograms/OnlyLTE_frame_56_w0.npy,0,LTE,15360000.0,10.0,
OnlyLTE_frame_56,1,spectrograms/OnlyLTE_frame_56_w1.npy,0,LTE,15360000.0,10.0,
OnlyLTE_frame_56,2,spectrograms/OnlyLTE_frame_56_w2.npy,0,LTE,15360000.0,10.0,
OnlyLTE_frame_56,3,spectrograms/OnlyLTE_frame_56_w3.npy,0,LTE,15360000.0,10.0,
OnlyLTE_frame_57,0,spectrograms/OnlyLTE_frame_57_w0.npy,0,LTE,15360000.0,10.0,
OnlyLTE_frame_57,1,spectrograms/OnlyLTE_frame_57_w1.npy,0,LTE,15360000.0,10.0,
OnlyLTE_frame_57,2,spectrograms/OnlyLTE_frame_57_w2.npy,0,LTE,15360000.0,10.0,
OnlyLTE_frame_57,3,spectrograms/OnlyLTE_frame_57_w3.npy,0,LTE,15360000.0,10.0,
OnlyLTE_frame_58,0,spectrograms/OnlyLTE_frame_58_w0.npy,0,LTE,15360000.0,10.0,
OnlyLTE_frame_58,1,spectrograms/OnlyLTE_frame_58_w1.npy,0,LTE,15360000.0,10.0,
OnlyLTE_frame_58,2,spectrograms/OnlyLTE_frame_58_w2.npy,0,LTE,15360000.0,10.0,
OnlyLTE_frame_58,3,spectrograms/OnlyLTE_frame_58_w3.npy,0,LTE,15360000.0,10.0,
OnlyLTE_frame_59,0,spectrograms/OnlyLTE_frame_59_w0.npy,0,LTE,15360000.0,10.0,
OnlyLTE_frame_59,1,spectrograms/OnlyLTE_frame_59_w1.npy,0,LTE,15360000.0,10.0,
OnlyLTE_frame_59,2,spectrograms/OnlyLTE_frame_59_w2.npy,0,LTE,15360000.0,10.0,
OnlyLTE_frame_59,3,spectrograms/OnlyLTE_frame_59_w3.npy,0,LTE,15360000.0,10.0,
OnlyLTE_frame_6,0,spectrograms/OnlyLTE_frame_6_w0.npy,0,LTE,7680000.0,0.0,
OnlyLTE_frame_6,1,spectrograms/OnlyLTE_frame_6_w1.npy,0,LTE,7680000.0,0.0,
OnlyLTE_frame_6,2,spectrograms/OnlyLTE_frame_6_w2.npy,0,LTE,7680000.0,0.0,
OnlyLTE_frame_6,3,spectrograms/OnlyLTE_frame_6_w3.npy,0,LTE,7680000.0,0.0,
OnlyLTE_frame_60,0,spectrograms/OnlyLTE_frame_60_w0.npy,0,LTE,15360000.0,10.0,
OnlyLTE_frame_60,1,spectrograms/OnlyLTE_frame_60_w1.npy,0,LTE,15360000.0,10.0,
OnlyLTE_frame_60,2,spectrograms/OnlyLTE_frame_60_w2.npy,0,LTE,15360000.0,10.0,
OnlyLTE_frame_60,3,spectrograms/OnlyLTE_frame_60_w3.npy,0,LTE,15360000.0,10.0,
OnlyLTE_frame_61,0,spectrograms/OnlyLTE_frame_61_w0.npy,0,LTE,30720000.0,0.0,
OnlyLTE_frame_61,1,spectrograms/OnlyLTE_frame_61_w1.npy,0,LTE,30720000.0,0.0,
OnlyLTE_frame_61,2,spectrograms/OnlyLTE_frame_61_w2.npy,0,LTE,30720000.0,0.0,
OnlyLTE_frame_61,3,spectrograms/OnlyLTE_frame_61_w3.npy,0,LTE,30720000.0,0.0,
OnlyLTE_frame_62,0,spectrograms/OnlyLTE_frame_62_w0.npy,0,LTE,30720000.0,0.0,
OnlyLTE_frame_62,1,spectrograms/OnlyLTE_frame_62_w1.npy,0,LTE,30720000.0,0.0,
OnlyLTE_frame_62,2,spectrograms/OnlyLTE_frame_62_w2.npy,0,LTE,30720000.0,0.0,
OnlyLTE_frame_62,3,spectrograms/OnlyLTE_frame_62_w3.npy,0,LTE,30720000.0,0.0,
OnlyLTE_frame_63,0,spectrograms/OnlyLTE_frame_63_w0.npy,0,LTE,30720000.0,0.0,
OnlyLTE_frame_63,1,spectrograms/OnlyLTE_frame_63_w1.npy,0,LTE,30720000.0,0.0,
OnlyLTE_frame_63,2,spectrograms/OnlyLTE_frame_63_w2.npy,0,LTE,30720000.0,0.0,
OnlyLTE_frame_63,3,spectrograms/OnlyLTE_frame_63_w3.npy,0,LTE,30720000.0,0.0,
OnlyLTE_frame_64,0,spectrograms/OnlyLTE_frame_64_w0.npy,0,LTE,30720000.0,0.0,
OnlyLTE_frame_64,1,spectrograms/OnlyLTE_frame_64_w1.npy,0,LTE,30720000.0,0.0,
OnlyLTE_frame_64,2,spectrograms/OnlyLTE_frame_64_w2.npy,0,LTE,30720000.0,0.0,
OnlyLTE_frame_64,3,spectrograms/OnlyLTE_frame_64_w3.npy,0,LTE,30720000.0,0.0,
OnlyLTE_frame_65,0,spectrograms/OnlyLTE_frame_65_w0.npy,0,LTE,30720000.0,0.0,
OnlyLTE_frame_65,1,spectrograms/OnlyLTE_frame_65_w1.npy,0,LTE,30720000.0,0.0,
OnlyLTE_frame_65,2,spectrograms/OnlyLTE_frame_65_w2.npy,0,LTE,30720000.0,0.0,
OnlyLTE_frame_65,3,spectrograms/OnlyLTE_frame_65_w3.npy,0,LTE,30720000.0,0.0,
OnlyLTE_frame_66,0,spectrograms/OnlyLTE_frame_66_w0.npy,0,LTE,30720000.0,0.0,
OnlyLTE_frame_66,1,spectrograms/OnlyLTE_frame_66_w1.npy,0,LTE,30720000.0,0.0,
OnlyLTE_frame_66,2,spectrograms/OnlyLTE_frame_66_w2.npy,0,LTE,30720000.0,0.0,
OnlyLTE_frame_66,3,spectrograms/OnlyLTE_frame_66_w3.npy,0,LTE,30720000.0,0.0,
OnlyLTE_frame_67,0,spectrograms/OnlyLTE_frame_67_w0.npy,0,LTE,30720000.0,0.0,
OnlyLTE_frame_67,1,spectrograms/OnlyLTE_frame_67_w1.npy,0,LTE,30720000.0,0.0,
OnlyLTE_frame_67,2,spectrograms/OnlyLTE_frame_67_w2.npy,0,LTE,30720000.0,0.0,
OnlyLTE_frame_67,3,spectrograms/OnlyLTE_frame_67_w3.npy,0,LTE,30720000.0,0.0,
OnlyLTE_frame_68,0,spectrograms/OnlyLTE_frame_68_w0.npy,0,LTE,30720000.0,0.0,
OnlyLTE_frame_68,1,spectrograms/OnlyLTE_frame_68_w1.npy,0,LTE,30720000.0,0.0,
OnlyLTE_frame_68,2,spectrograms/OnlyLTE_frame_68_w2.npy,0,LTE,30720000.0,0.0,
OnlyLTE_frame_68,3,spectrograms/OnlyLTE_frame_68_w3.npy,0,LTE,30720000.0,0.0,
OnlyLTE_frame_69,0,spectrograms/OnlyLTE_frame_69_w0.npy,0,LTE,30720000.0,0.0,
OnlyLTE_frame_69,1,spectrograms/OnlyLTE_frame_69_w1.npy,0,LTE,30720000.0,0.0,
OnlyLTE_frame_69,2,spectrograms/OnlyLTE_frame_69_w2.npy,0,LTE,30720000.0,0.0,
OnlyLTE_frame_69,3,spectrograms/OnlyLTE_frame_69_w3.npy,0,LTE,30720000.0,0.0,
OnlyLTE_frame_7,0,spectrograms/OnlyLTE_frame_7_w0.npy,0,LTE,7680000.0,0.0,
OnlyLTE_frame_7,1,spectrograms/OnlyLTE_frame_7_w1.npy,0,LTE,7680000.0,0.0,
OnlyLTE_frame_7,2,spectrograms/OnlyLTE_frame_7_w2.npy,0,LTE,7680000.0,0.0,
OnlyLTE_frame_7,3,spectrograms/OnlyLTE_frame_7_w3.npy,0,LTE,7680000.0,0.0,
OnlyLTE_frame_70,0,spectrograms/OnlyLTE_frame_70_w0.npy,0,LTE,30720000.0,0.0,
OnlyLTE_frame_70,1,spectrograms/OnlyLTE_frame_70_w1.npy,0,LTE,30720000.0,0.0,
OnlyLTE_frame_70,2,spectrograms/OnlyLTE_frame_70_w2.npy,0,LTE,30720000.0,0.0,
OnlyLTE_frame_70,3,spectrograms/OnlyLTE_frame_70_w3.npy,0,LTE,30720000.0,0.0,
OnlyLTE_frame_71,0,spectrograms/OnlyLTE_frame_71_w0.npy,0,LTE,30720000.0,5.0,
OnlyLTE_frame_71,1,spectrograms/OnlyLTE_frame_71_w1.npy,0,LTE,30720000.0,5.0,
OnlyLTE_frame_71,2,spectrograms/OnlyLTE_frame_71_w2.npy,0,LTE,30720000.0,5.0,
OnlyLTE_frame_71,3,spectrograms/OnlyLTE_frame_71_w3.npy,0,LTE,30720000.0,5.0,
OnlyLTE_frame_72,0,spectrograms/OnlyLTE_frame_72_w0.npy,0,LTE,30720000.0,5.0,
OnlyLTE_frame_72,1,spectrograms/OnlyLTE_frame_72_w1.npy,0,LTE,30720000.0,5.0,
OnlyLTE_frame_72,2,spectrograms/OnlyLTE_frame_72_w2.npy,0,LTE,30720000.0,5.0,
OnlyLTE_frame_72,3,spectrograms/OnlyLTE_frame_72_w3.npy,0,LTE,30720000.0,5.0,
OnlyLTE_frame_73,0,spectrograms/OnlyLTE_frame_73_w0.npy,0,LTE,30720000.0,5.0,
OnlyLTE_frame_73,1,spectrograms/OnlyLTE_frame_73_w1.npy,0,LTE,30720000.0,5.0,
OnlyLTE_frame_73,2,spectrograms/OnlyLTE_frame_73_w2.npy,0,LTE,30720000.0,5.0,
OnlyLTE_frame_73,3,spectrograms/OnlyLTE_frame_73_w3.npy,0,LTE,30720000.0,5.0,
OnlyLTE_frame_74,0,spectrograms/OnlyLTE_frame_74_w0.npy,0,LTE,30720000.0,5.0,
OnlyLTE_frame_74,1,spectrograms/OnlyLTE_frame_74_w1.npy,0,LTE,30720000.0,5.0,
OnlyLTE_frame_74,2,spectrograms/OnlyLTE_frame_74_w2.npy,0,LTE,30720000.0,5.0,
OnlyLTE_frame_74,3,spectrograms/OnlyLTE_frame_74_w3.npy,0,LTE,30720000.0,5.0,
OnlyLTE_frame_75,0,spectrograms/OnlyLTE_frame_75_w0.npy,0,LTE,30720000.0,5.0,
OnlyLTE_frame_75,1,spectrograms/OnlyLTE_frame_75_w1.npy,0,LTE,30720000.0,5.0,
OnlyLTE_frame_75,2,spectrograms/OnlyLTE_frame_75_w2.npy,0,LTE,30720000.0,5.0,
OnlyLTE_frame_75,3,spectrograms/OnlyLTE_frame_75_w3.npy,0,LTE,30720000.0,5.0,
OnlyLTE_frame_76,0,spectrograms/OnlyLTE_frame_76_w0.npy,0,LTE,30720000.0,5.0,
OnlyLTE_frame_76,1,spectrograms/OnlyLTE_frame_76_w1.npy,0,LTE,30720000.0,5.0,
OnlyLTE_frame_76,2,spectrograms/OnlyLTE_frame_76_w2.npy,0,LTE,30720000.0,5.0,
OnlyLTE_frame_76,3,spectrograms/OnlyLTE_frame_76_w3.npy,0,LTE,30720000.0,5.0,
OnlyLTE_frame_77,0,spectrograms/OnlyLTE_frame_77_w0.npy,0,LTE,30720000.0,5.0,
OnlyLTE_frame_77,1,spectrograms/OnlyLTE_frame_77_w1.npy,0,LTE,30720000.0,5.0,
OnlyLTE_frame_77,2,spectrograms/OnlyLTE_frame_77_w2.npy,0,LTE,30720000.0,5.0,
OnlyLTE_frame_77,3,spectrograms/OnlyLTE_frame_77_w3.npy,0,LTE,30720000.0,5.0,
OnlyLTE_frame_78,0,spectrograms/OnlyLTE_frame_78_w0.npy,0,LTE,30720000.0,5.0,
OnlyLTE_frame_78,1,spectrograms/OnlyLTE_frame_78_w1.npy,0,LTE,30720000.0,5.0,
OnlyLTE_frame_78,2,spectrograms/OnlyLTE_frame_78_w2.npy,0,LTE,30720000.0,5.0,
OnlyLTE_frame_78,3,spectrograms/OnlyLTE_frame_78_w3.npy,0,LTE,30720000.0,5.0,
OnlyLTE_frame_79,0,spectrograms/OnlyLTE_frame_79_w0.npy,0,LTE,30720000.0,5.0,
OnlyLTE_frame_79,1,spectrograms/OnlyLTE_frame_79_w1.npy,0,LTE,30720000.0,5.0,
OnlyLTE_frame_79,2,spectrograms/OnlyLTE_frame_79_w2.npy,0,LTE,30720000.0,5.0,
OnlyLTE_frame_79,3,spectrograms/OnlyLTE_frame_79_w3.npy,0,LTE,30720000.0,5.0,
OnlyLTE_frame_8,0,spectrograms/OnlyLTE_frame_8_w0.npy,0,LTE,7680000.0,0.0,
OnlyLTE_frame_8,1,spectrograms/OnlyLTE_frame_8_w1.npy,0,LTE,7680000.0,0.0,
OnlyLTE_frame_8,2,spectrograms/OnlyLTE_frame_8_w2.npy,0,LTE,7680000.0,0.0,
OnlyLTE_frame_8,3,spectrograms/OnlyLTE_frame_8_w3.npy,0,LTE,7680000.0,0.0,
OnlyLTE_frame_80,0,spectrograms/OnlyLTE_frame_80_w0.npy,0,LTE,30720000.0,5.0,
OnlyLTE_frame_80,1,spectrograms/OnlyLTE_frame_80_w1.npy,0,LTE,30720000.0,5.0,
OnlyLTE_frame_80,2,spectrograms/OnlyLTE_frame_80_w2.npy,0,LTE,30720000.0,5.0,
OnlyLTE_frame_80,3,spectrograms/OnlyLTE_frame_80_w3.npy,0,LTE,30720000.0,5.0,
OnlyLTE_frame_81,0,spectrograms/OnlyLTE_frame_81_w0.npy,0,LTE,30720000.0,10.0,
OnlyLTE_frame_81,1,spectrograms/OnlyLTE_frame_81_w1.npy,0,LTE,30720000.0,10.0,
OnlyLTE_frame_81,2,spectrograms/OnlyLTE_frame_81_w2.npy,0,LTE,30720000.0,10.0,
OnlyLTE_frame_81,3,spectrograms/OnlyLTE_frame_81_w3.npy,0,LTE,30720000.0,10.0,
OnlyLTE_frame_82,0,spectrograms/OnlyLTE_frame_82_w0.npy,0,LTE,30720000.0,10.0,
OnlyLTE_frame_82,1,spectrograms/OnlyLTE_frame_82_w1.npy,0,LTE,30720000.0,10.0,
OnlyLTE_frame_82,2,spectrograms/OnlyLTE_frame_82_w2.npy,0,LTE,30720000.0,10.0,
OnlyLTE_frame_82,3,spectrograms/OnlyLTE_frame_82_w3.npy,0,LTE,30720000.0,10.0,
OnlyLTE_frame_83,0,spectrograms/OnlyLTE_frame_83_w0.npy,0,LTE,30720000.0,10.0,
OnlyLTE_frame_83,1,spectrograms/OnlyLTE_frame_83_w1.npy,0,LTE,30720000.0,10.0,
OnlyLTE_frame_83,2,spectrograms/OnlyLTE_frame_83_w2.npy,0,LTE,30720000.0,10.0,
OnlyLTE_frame_83,3,spectrograms/OnlyLTE_frame_83_w3.npy,0,LTE,30720000.0,10.0,
OnlyLTE_frame_84,0,spectrograms/OnlyLTE_frame_84_w0.npy,0,LTE,30720000.0,10.0,
OnlyLTE_frame_84,1,spectrograms/OnlyLTE_frame_84_w1.npy,0,LTE,30720000.0,10.0,
OnlyLTE_frame_84,2,spectrograms/OnlyLTE_frame_84_w2.npy,0,LTE,30720000.0,10.0,
OnlyLTE_frame_84,3,spectrograms/OnlyLTE_frame_84_w3.npy,0,LTE,30720000.0,10.0,
OnlyLTE_frame_85,0,spectrograms/OnlyLTE_frame_85_w0.npy,0,LTE,30720000.0,10.0,
OnlyLTE_frame_85,1,spectrograms/OnlyLTE_frame_85_w1.npy,0,LTE,30720000.0,10.0,
OnlyLTE_frame_85,2,spectrograms/OnlyLTE_frame_85_w2.npy,0,LTE,30720000.0,10.0,
OnlyLTE_frame_85,3,spectrograms/OnlyLTE_frame_85_w3.npy,0,LTE,30720000.0,10.0,
OnlyLTE_frame_86,0,spectrograms/OnlyLTE_frame_86_w0.npy,0,LTE,30720000.0,10.0,
OnlyLTE_frame_86,1,spectrograms/OnlyLTE_frame_86_w1.npy,0,LTE,30720000.0,10.0,
OnlyLTE_frame_86,2,spectrograms/OnlyLTE_frame_86_w2.npy,0,LTE,30720000.0,10.0,
OnlyLTE_frame_86,3,spectrograms/OnlyLTE_frame_86_w3.npy,0,LTE,30720000.0,10.0,
OnlyLTE_frame_87,0,spectrograms/OnlyLTE_frame_87_w0.npy,0,LTE,30720000.0,10.0,
OnlyLTE_frame_87,1,spectrograms/OnlyLTE_frame_87_w1.npy,0,LTE,30720000.0,10.0,
OnlyLTE_frame_87,2,spectrograms/OnlyLTE_frame_87_w2.npy,0,LTE,30720000.0,10.0,
OnlyLTE_frame_87,3,spectrograms/OnlyLTE_frame_87_w3.npy,0,LTE,30720000.0,10.0,
OnlyLTE_frame_88,0,spectrograms/OnlyLTE_frame_88_w0.npy,0,LTE,30720000.0,10.0,
OnlyLTE_frame_88,1,spectrograms/OnlyLTE_frame_88_w1.npy,0,LTE,30720000.0,10.0,
OnlyLTE_frame_88,2,spectrograms/OnlyLTE_frame_88_w2.npy,0,LTE,30720000.0,10.0,
OnlyLTE_frame_88,3,spectrograms/OnlyLTE_frame_88_w3.npy,0,LTE,30720000.0,10.0,
OnlyLTE_frame_89,0,spectrograms/OnlyLTE_frame_89_w0.npy,0,LTE,30720000.0,10.0,
OnlyLTE_frame_89,1,spectrograms/OnlyLTE_frame_89_w1.npy,0,LTE,30720000.0,10.0,
OnlyLTE_frame_89,2,spectrograms/OnlyLTE_frame_89_w2.npy,0,LTE,30720000.0,10.0,
OnlyLTE_frame_89,3,spectrograms/OnlyLTE_frame_89_w3.npy,0,LTE,30720000.0,10.0,
OnlyLTE_frame_9,0,spectrograms/OnlyLTE_frame_9_w0.npy,0,LTE,7680000.0,0.0,
OnlyLTE_frame_9,1,spectrograms/OnlyLTE_frame_9_w1.npy,0,LTE,7680000.0,0.0,
OnlyLTE_frame_9,2,spectrograms/OnlyLTE_frame_9_w2.npy,0,LTE,7680000.0,0.0,
OnlyLTE_frame_9,3,spectrograms/OnlyLTE_frame_9_w3.npy,0,LTE,7680000.0,0.0,
OnlyLTE_frame_90,0,spectrograms/OnlyLTE_frame_90_w0.npy,0,LTE,30720000.0,10.0,
OnlyLTE_frame_90,1,spectrograms/OnlyLTE_frame_90_w1.npy,0,LTE,30720000.0,10.0,
OnlyLTE_frame_90,2,spectrograms/OnlyLTE_frame_90_w2.npy,0,LTE,30720000.0,10.0,
OnlyLTE_frame_90,3,spectrograms/OnlyLTE_frame_90_w3.npy,0,LTE,30720000.0,10.0,
OnlyLTE_frame_91,0,spectrograms/OnlyLTE_frame_91_w0.npy,0,LTE,30720000.0,0.0,
OnlyLTE_frame_91,1,spectrograms/OnlyLTE_frame_91_w1.npy,0,LTE,30720000.0,0.0,
OnlyLTE_frame_91,2,spectrograms/OnlyLTE_frame_91_w2.npy,0,LTE,30720000.0,0.0,
OnlyLTE_frame_91,3,spectrograms/OnlyLTE_frame_91_w3.npy,0,LTE,30720000.0,0.0,
OnlyLTE_frame_92,0,spectrograms/OnlyLTE_frame_92_w0.npy,0,LTE,30720000.0,0.0,
OnlyLTE_frame_92,1,spectrograms/OnlyLTE_frame_92_w1.npy,0,LTE,30720000.0,0.0,
OnlyLTE_frame_92,2,spectrograms/OnlyLTE_frame_92_w2.npy,0,LTE,30720000.0,0.0,
OnlyLTE_frame_92,3,spectrograms/OnlyLTE_frame_92_w3.npy,0,LTE,30720000.0,0.0,
OnlyLTE_frame_93,0,spectrograms/OnlyLTE_frame_93_w0.npy,0,LTE,30720000.0,0.0,
OnlyLTE_frame_93,1,spectrograms/OnlyLTE_frame_93_w1.npy,0,LTE,30720000.0,0.0,
OnlyLTE_frame_93,2,spectrograms/OnlyLTE_frame_93_w2.npy,0,LTE,30720000.0,0.0,
OnlyLTE_frame_93,3,spectrograms/OnlyLTE_frame_93_w3.npy,0,LTE,30720000.0,0.0,
OnlyLTE_frame_94,0,spectrograms/OnlyLTE_frame_94_w0.npy,0,LTE,30720000.0,0.0,
OnlyLTE_frame_94,1,spectrograms/OnlyLTE_frame_94_w1.npy,0,LTE,30720000.0,0.0,
OnlyLTE_frame_94,2,spectrograms/OnlyLTE_frame_94_w2.npy,0,LTE,30720000.0,0.0,
OnlyLTE_frame_94,3,spectrograms/OnlyLTE_frame_94_w3.npy,0,LTE,30720000.0,0.0,
OnlyLTE_frame_95,0,spectrograms/OnlyLTE_frame_95_w0.npy,0,LTE,30720000.0,0.0,
OnlyLTE_frame_95,1,spectrograms/OnlyLTE_frame_95_w1.npy,0,LTE,30720000.0,0.0,
OnlyLTE_frame_95,2,spectrograms/OnlyLTE_frame_95_w2.npy,0,LTE,30720000.0,0.0,
OnlyLTE_frame_95,3,spectrograms/OnlyLTE_frame_95_w3.npy,0,LTE,30720000.0,0.0,
OnlyLTE_frame_96,0,spectrograms/OnlyLTE_frame_96_w0.npy,0,LTE,30720000.0,0.0,
OnlyLTE_frame_96,1,spectrograms/OnlyLTE_frame_96_w1.npy,0,LTE,30720000.0,0.0,
OnlyLTE_frame_96,2,spectrograms/OnlyLTE_frame_96_w2.npy,0,LTE,30720000.0,0.0,
OnlyLTE_frame_96,3,spectrograms/OnlyLTE_frame_96_w3.npy,0,LTE,30720000.0,0.0,
OnlyLTE_frame_97,0,spectrograms/OnlyLTE_frame_97_w0.npy,0,LTE,30720000.0,0.0,
OnlyLTE_frame_97,1,spectrograms/OnlyLTE_frame_97_w1.npy,0,LTE,30720000.0,0.0,
OnlyLTE_frame_97,2,spectrograms/OnlyLTE_frame_97_w2.npy,0,LTE,30720000.0,0.0,
OnlyLTE_frame_97,3,spectrograms/OnlyLTE_frame_97_w3.npy,0,LTE,30720000.0,0.0,
OnlyLTE_frame_98,0,spectrograms/OnlyLTE_frame_98_w0.npy,0,LTE,30720000.0,0.0,
OnlyLTE_frame_98,1,spectrograms/OnlyLTE_frame_98_w1.npy,0,LTE,30720000.0,0.0,
OnlyLTE_frame_98,2,spectrograms/OnlyLTE_frame_98_w2.npy,0,LTE,30720000.0,0.0,
OnlyLTE_frame_98,3,spectrograms/OnlyLTE_frame_98_w3.npy,0,LTE,30720000.0,0.0,
OnlyLTE_frame_99,0,spectrograms/OnlyLTE_frame_99_w0.npy,0,LTE,30720000.0,0.0,
OnlyLTE_frame_99,1,spectrograms/OnlyLTE_frame_99_w1.npy,0,LTE,30720000.0,0.0,
OnlyLTE_frame_99,2,spectrograms/OnlyLTE_frame_99_w2.npy,0,LTE,30720000.0,0.0,
OnlyLTE_frame_99,3,spectrograms/OnlyLTE_frame_99_w3.npy,0,LTE,30720000.0,0.0,
