idx,recording_id,file,window,label,signal_type,sample_rate,snr_db,sir_db,split
0,0,Combined_LTE_DSSS_frame_1,0,1,LTE_DSSS,7680000.0,0.0,0.0,train
1,0,Combined_LTE_DSSS_frame_1,1,1,LTE_DSSS,7680000.0,0.0,0.0,train
2,0,Combined_LTE_DSSS_frame_1,2,1,LTE_DSSS,7680000.0,0.0,0.0,train
3,0,Combined_LTE_DSSS_frame_1,3,1,LTE_DSSS,7680000.0,0.0,0.0,train
4,1,Combined_LTE_DSSS_frame_10,0,1,LTE_DSSS,7680000.0,5.0,5.0,train
5,1,Combined_LTE_DSSS_frame_10,1,1,LTE_DSSS,7680000.0,5.0,5.0,train
6,1,Combined_LTE_DSSS_frame_10,2,1,LTE_DSSS,7680000.0,5.0,5.0,train
7,1,Combined_LTE_DSSS_frame_10,3,1,LTE_DSSS,7680000.0,5.0,5.0,train
8,2,Combined_LTE_DSSS_frame_100,0,1,LTE_DSSS,15360000.0,5.0,5.0,train
9,2,Combined_LTE_DSSS_frame_100,1,1,LTE_DSSS,15360000.0,5.0,5.0,train
10,2,Combined_LTE_DSSS_frame_100,2,1,LTE_DSSS,15360000.0,5.0,5.0,train
11,2,Combined_LTE_DSSS_frame_100,3,1,LTE_DSSS,15360000.0,5.0,5.0,train
12,3,Combined_LTE_DSSS_frame_101,0,1,LTE_DSSS,15360000.0,5.0,10.0,train
13,3,Combined_LTE_DSSS_frame_101,1,1,LTE_DSSS,15360000.0,5.0,10.0,train
14,3,Combined_LTE_DSSS_frame_101,2,1,LTE_DSSS,15360000.0,5.0,10.0,train
15,3,Combined_LTE_DSSS_frame_101,3,1,LTE_DSSS,15360000.0,5.0,10.0,train
16,4,Combined_LTE_DSSS_frame_102,0,1,LTE_DSSS,15360000.0,5.0,10.0,train
17,4,Combined_LTE_DSSS_frame_102,1,1,LTE_DSSS,15360000.0,5.0,10.0,train
18,4,Combined_LTE_DSSS_frame_102,2,1,LTE_DSSS,15360000.0,5.0,10.0,train
19,4,Combined_LTE_DSSS_frame_102,3,1,LTE_DSSS,15360000.0,5.0,10.0,train
20,5,Combined_LTE_DSSS_frame_103,0,1,LTE_DSSS,15360000.0,10.0,0.0,test
21,5,Combined_LTE_DSSS_frame_103,1,1,LTE_DSSS,15360000.0,10.0,0.0,test
22,5,Combined_LTE_DSSS_frame_103,2,1,LTE_DSSS,15360000.0,10.0,0.0,test
23,5,Combined_LTE_DSSS_frame_103,3,1,LTE_DSSS,15360000.0,10.0,0.0,test
24,6,Combined_LTE_DSSS_frame_104,0,1,LTE_DSSS,15360000.0,10.0,0.0,val
25,6,Combined_LTE_DSSS_frame_104,1,1,LTE_DSSS,15360000.0,10.0,0.0,val
26,6,Combined_LTE_DSSS_frame_104,2,1,LTE_DSSS,15360000.0,10.0,0.0,val
27,6,Combined_LTE_DSSS_frame_104,3,1,LTE_DSSS,15360000.0,10.0,0.0,val
28,7,Combined_LTE_DSSS_frame_105,0,1,LTE_DSSS,15360000.0,10.0,5.0,train
29,7,Combined_LTE_DSSS_frame_105,1,1,LTE_DSSS,15360000.0,10.0,5.0,train
30,7,Combined_LTE_DSSS_frame_105,2,1,LTE_DSSS,15360000.0,10.0,5.0,train
31,7,Combined_LTE_DSSS_frame_105,3,1,LTE_DSSS,15360000.0,10.0,5.0,train
32,8,Combined_LTE_DSSS_frame_106,0,1,LTE_DSSS,15360000.0,10.0,5.0,train
33,8,Combined_LTE_DSSS_frame_106,1,1,LTE_DSSS,15360000.0,10.0,5.0,train
34,8,Combined_LTE_DSSS_frame_106,2,1,LTE_DSSS,15360000.0,10.0,5.0,train
35,8,Combined_LTE_DSSS_frame_106,3,1,LTE_DSSS,15360000.0,10.0,5.0,train
36,9,Combined_LTE_DSSS_frame_107,0,1,LTE_DSSS,15360000.0,10.0,10.0,test
37,9,Combined_LTE_DSSS_frame_107,1,1,LTE_DSSS,15360000.0,10.0,10.0,test
38,9,Combined_LTE_DSSS_frame_107,2,1,LTE_DSSS,15360000.0,10.0,10.0,test
39,9,Combined_LTE_DSSS_frame_107,3,1,LTE_DSSS,15360000.0,10.0,10.0,test
40,10,Combined_LTE_DSSS_frame_108,0,1,LTE_DSSS,15360000.0,10.0,10.0,val
41,10,Combined_LTE_DSSS_frame_108,1,1,LTE_DSSS,15360000.0,10.0,10.0,val
42,10,Combined_LTE_DSSS_frame_108,2,1,LTE_DSSS,15360000.0,10.0,10.0,val
43,10,Combined_LTE_DSSS_frame_108,3,1,LTE_DSSS,15360000.0,10.0,10.0,val
44,11,Combined_LTE_DSSS_frame_109,0,1,LTE_DSSS,15360000.0,0.0,0.0,train
45,11,Combined_LTE_DSSS_frame_109,1,1,LTE_DSSS,15360000.0,0.0,0.0,train
46,11,Combined_LTE_DSSS_frame_109,2,1,LTE_DSSS,15360000.0,0.0,0.0,train
47,11,Combined_LTE_DSSS_frame_109,3,1,LTE_DSSS,15360000.0,0.0,0.0,train
48,12,Combined_LTE_DSSS_frame_11,0,1,LTE_DSSS,7680000.0,5.0,10.0,train
49,12,Combined_LTE_DSSS_frame_11,1,1,LTE_DSSS,7680000.0,5.0,10.0,train
50,12,Combined_LTE_DSSS_frame_11,2,1,LTE_DSSS,7680000.0,5.0,10.0,train
51,12,Combined_LTE_DSSS_frame_11,3,1,LTE_DSSS,7680000.0,5.0,10.0,train
52,13,Combined_LTE_DSSS_frame_110,0,1,LTE_DSSS,15360000.0,0.0,0.0,train
53,13,Combined_LTE_DSSS_frame_110,1,1,LTE_DSSS,15360000.0,0.0,0.0,train
54,13,Combined_LTE_DSSS_frame_110,2,1,LTE_DSSS,15360000.0,0.0,0.0,train
55,13,Combined_LTE_DSSS_frame_110,3,1,LTE_DSSS,15360000.0,0.0,0.0,train
56,14,Combined_LTE_DSSS_frame_111,0,1,LTE_DSSS,15360000.0,0.0,5.0,train
57,14,Combined_LTE_DSSS_frame_111,1,1,LTE_DSSS,15360000.0,0.0,5.0,train
58,14,Combined_LTE_DSSS_frame_111,2,1,LTE_DSSS,15360000.0,0.0,5.0,train
59,14,Combined_LTE_DSSS_frame_111,3,1,LTE_DSSS,15360000.0,0.0,5.0,train
60,15,Combined_LTE_DSSS_frame_112,0,1,LTE_DSSS,15360000.0,0.0,5.0,val
61,15,Combined_LTE_DSSS_frame_112,1,1,LTE_DSSS,15360000.0,0.0,5.0,val
62,15,Combined_LTE_DSSS_frame_112,2,1,LTE_DSSS,15360000.0,0.0,5.0,val
63,15,Combined_LTE_DSSS_frame_112,3,1,LTE_DSSS,15360000.0,0.0,5.0,val
64,16,Combined_LTE_DSSS_frame_113,0,1,LTE_DSSS,15360000.0,0.0,10.0,val
65,16,Combined_LTE_DSSS_frame_113,1,1,LTE_DSSS,15360000.0,0.0,10.0,val
66,16,Combined_LTE_DSSS_frame_113,2,1,LTE_DSSS,15360000.0,0.0,10.0,val
67,16,Combined_LTE_DSSS_frame_113,3,1,LTE_DSSS,15360000.0,0.0,10.0,val
68,17,Combined_LTE_DSSS_frame_114,0,1,LTE_DSSS,15360000.0,0.0,10.0,train
69,17,Combined_LTE_DSSS_frame_114,1,1,LTE_DSSS,15360000.0,0.0,10.0,train
70,17,Combined_LTE_DSSS_frame_114,2,1,LTE_DSSS,15360000.0,0.0,10.0,train
71,17,Combined_LTE_DSSS_frame_114,3,1,LTE_DSSS,15360000.0,0.0,10.0,train
72,18,Combined_LTE_DSSS_frame_115,0,1,LTE_DSSS,15360000.0,5.0,0.0,val
73,18,Combined_LTE_DSSS_frame_115,1,1,LTE_DSSS,15360000.0,5.0,0.0,val
74,18,Combined_LTE_DSSS_frame_115,2,1,LTE_DSSS,15360000.0,5.0,0.0,val
75,18,Combined_LTE_DSSS_frame_115,3,1,LTE_DSSS,15360000.0,5.0,0.0,val
76,19,Combined_LTE_DSSS_frame_116,0,1,LTE_DSSS,15360000.0,5.0,0.0,test
77,19,Combined_LTE_DSSS_frame_116,1,1,LTE_DSSS,15360000.0,5.0,0.0,test
78,19,Combined_LTE_DSSS_frame_116,2,1,LTE_DSSS,15360000.0,5.0,0.0,test
79,19,Combined_LTE_DSSS_frame_116,3,1,LTE_DSSS,15360000.0,5.0,0.0,test
80,20,Combined_LTE_DSSS_frame_117,0,1,LTE_DSSS,15360000.0,5.0,5.0,train
81,20,Combined_LTE_DSSS_frame_117,1,1,LTE_DSSS,15360000.0,5.0,5.0,train
82,20,Combined_LTE_DSSS_frame_117,2,1,LTE_DSSS,15360000.0,5.0,5.0,train
83,20,Combined_LTE_DSSS_frame_117,3,1,LTE_DSSS,15360000.0,5.0,5.0,train
84,21,Combined_LTE_DSSS_frame_118,0,1,LTE_DSSS,15360000.0,5.0,5.0,train
85,21,Combined_LTE_DSSS_frame_118,1,1,LTE_DSSS,15360000.0,5.0,5.0,train
86,21,Combined_LTE_DSSS_frame_118,2,1,LTE_DSSS,15360000.0,5.0,5.0,train
87,21,Combined_LTE_DSSS_frame_118,3,1,LTE_DSSS,15360000.0,5.0,5.0,train
88,22,Combined_LTE_DSSS_frame_119,0,1,LTE_DSSS,15360000.0,5.0,10.0,test
89,22,Combined_LTE_DSSS_frame_119,1,1,LTE_DSSS,15360000.0,5.0,10.0,test
90,22,Combined_LTE_DSSS_frame_119,2,1,LTE_DSSS,15360000.0,5.0,10.0,test
91,22,Combined_LTE_DSSS_frame_119,3,1,LTE_DSSS,15360000.0,5.0,10.0,test
92,23,Combined_LTE_DSSS_frame_12,0,1,LTE_DSSS,7680000.0,5.0,10.0,train
93,23,Combined_LTE_DSSS_frame_12,1,1,LTE_DSSS,7680000.0,5.0,10.0,train
94,23,Combined_LTE_DSSS_frame_12,2,1,LTE_DSSS,7680000.0,5.0,10.0,train
95,23,Combined_LTE_DSSS_frame_12,3,1,LTE_DSSS,7680000.0,5.0,10.0,train
96,24,Combined_LTE_DSSS_frame_120,0,1,LTE_DSSS,15360000.0,5.0,10.0,val
97,24,Combined_LTE_DSSS_frame_120,1,1,LTE_DSSS,15360000.0,5.0,10.0,val
98,24,Combined_LTE_DSSS_frame_120,2,1,LTE_DSSS,15360000.0,5.0,10.0,val
99,24,Combined_LTE_DSSS_frame_120,3,1,LTE_DSSS,15360000.0,5.0,10.0,val
100,25,Combined_LTE_DSSS_frame_121,0,1,LTE_DSSS,15360000.0,10.0,0.0,val
101,25,Combined_LTE_DSSS_frame_121,1,1,LTE_DSSS,15360000.0,10.0,0.0,val
102,25,Combined_LTE_DSSS_frame_121,2,1,LTE_DSSS,15360000.0,10.0,0.0,val
103,25,Combined_LTE_DSSS_frame_121,3,1,LTE_DSSS,15360000.0,10.0,0.0,val
104,26,Combined_LTE_DSSS_frame_122,0,1,LTE_DSSS,15360000.0,10.0,0.0,train
105,26,Combined_LTE_DSSS_frame_122,1,1,LTE_DSSS,15360000.0,10.0,0.0,train
106,26,Combined_LTE_DSSS_frame_122,2,1,LTE_DSSS,15360000.0,10.0,0.0,train
107,26,Combined_LTE_DSSS_frame_122,3,1,LTE_DSSS,15360000.0,10.0,0.0,train
108,27,Combined_LTE_DSSS_frame_123,0,1,LTE_DSSS,15360000.0,10.0,5.0,train
109,27,Combined_LTE_DSSS_frame_123,1,1,LTE_DSSS,15360000.0,10.0,5.0,train
110,27,Combined_LTE_DSSS_frame_123,2,1,LTE_DSSS,15360000.0,10.0,5.0,train
111,27,Combined_LTE_DSSS_frame_123,3,1,LTE_DSSS,15360000.0,10.0,5.0,train
112,28,Combined_LTE_DSSS_frame_124,0,1,LTE_DSSS,15360000.0,10.0,5.0,train
113,28,Combined_LTE_DSSS_frame_124,1,1,LTE_DSSS,15360000.0,10.0,5.0,train
114,28,Combined_LTE_DSSS_frame_124,2,1,LTE_DSSS,15360000.0,10.0,5.0,train
115,28,Combined_LTE_DSSS_frame_124,3,1,LTE_DSSS,15360000.0,10.0,5.0,train
116,29,Combined_LTE_DSSS_frame_125,0,1,LTE_DSSS,15360000.0,10.0,10.0,train
117,29,Combined_LTE_DSSS_frame_125,1,1,LTE_DSSS,15360000.0,10.0,10.0,train
118,29,Combined_LTE_DSSS_frame_125,2,1,LTE_DSSS,15360000.0,10.0,10.0,train
119,29,Combined_LTE_DSSS_frame_125,3,1,LTE_DSSS,15360000.0,10.0,10.0,train
120,30,Combined_LTE_DSSS_frame_126,0,1,LTE_DSSS,15360000.0,10.0,10.0,test
121,30,Combined_LTE_DSSS_frame_126,1,1,LTE_DSSS,15360000.0,10.0,10.0,test
122,30,Combined_LTE_DSSS_frame_126,2,1,LTE_DSSS,15360000.0,10.0,10.0,test
123,30,Combined_LTE_DSSS_frame_126,3,1,LTE_DSSS,15360000.0,10.0,10.0,test
124,31,Combined_LTE_DSSS_frame_127,0,1,LTE_DSSS,15360000.0,0.0,0.0,train
125,31,Combined_LTE_DSSS_frame_127,1,1,LTE_DSSS,15360000.0,0.0,0.0,train
126,31,Combined_LTE_DSSS_frame_127,2,1,LTE_DSSS,15360000.0,0.0,0.0,train
127,31,Combined_LTE_DSSS_frame_127,3,1,LTE_DSSS,15360000.0,0.0,0.0,train
128,32,Combined_LTE_DSSS_frame_128,0,1,LTE_DSSS,15360000.0,0.0,0.0,train
129,32,Combined_LTE_DSSS_frame_128,1,1,LTE_DSSS,15360000.0,0.0,0.0,train
130,32,Combined_LTE_DSSS_frame_128,2,1,LTE_DSSS,15360000.0,0.0,0.0,train
131,32,Combined_LTE_DSSS_frame_128,3,1,LTE_DSSS,15360000.0,0.0,0.0,train
132,33,Combined_LTE_DSSS_frame_129,0,1,LTE_DSSS,15360000.0,0.0,5.0,test
133,33,Combined_LTE_DSSS_frame_129,1,1,LTE_DSSS,15360000.0,0.0,5.0,test
134,33,Combined_LTE_DSSS_frame_129,2,1,LTE_DSSS,15360000.0,0.0,5.0,test
135,33,Combined_LTE_DSSS_frame_129,3,1,LTE_DSSS,15360000.0,0.0,5.0,test
136,34,Combined_LTE_DSSS_frame_13,0,1,LTE_DSSS,7680000.0,10.0,0.0,train
137,34,Combined_LTE_DSSS_frame_13,1,1,LTE_DSSS,7680000.0,10.0,0.0,train
138,34,Combined_LTE_DSSS_frame_13,2,1,LTE_DSSS,7680000.0,10.0,0.0,train
139,34,Combined_LTE_DSSS_frame_13,3,1,LTE_DSSS,7680000.0,10.0,0.0,train
140,35,Combined_LTE_DSSS_frame_130,0,1,LTE_DSSS,15360000.0,0.0,5.0,train
141,35,Combined_LTE_DSSS_frame_130,1,1,LTE_DSSS,15360000.0,0.0,5.0,train
142,35,Combined_LTE_DSSS_frame_130,2,1,LTE_DSSS,15360000.0,0.0,5.0,train
143,35,Combined_LTE_DSSS_frame_130,3,1,LTE_DSSS,15360000.0,0.0,5.0,train
144,36,Combined_LTE_DSSS_frame_131,0,1,LTE_DSSS,15360000.0,0.0,10.0,train
145,36,Combined_LTE_DSSS_frame_131,1,1,LTE_DSSS,15360000.0,0.0,10.0,train
146,36,Combined_LTE_DSSS_frame_131,2,1,LTE_DSSS,15360000.0,0.0,10.0,train
147,36,Combined_LTE_DSSS_frame_131,3,1,LTE_DSSS,15360000.0,0.0,10.0,train
148,37,Combined_LTE_DSSS_frame_132,0,1,LTE_DSSS,15360000.0,0.0,10.0,val
149,37,Combined_LTE_DSSS_frame_132,1,1,LTE_DSSS,15360000.0,0.0,10.0,val
150,37,Combined_LTE_DSSS_frame_132,2,1,LTE_DSSS,15360000.0,0.0,10.0,val
151,37,Combined_LTE_DSSS_frame_132,3,1,LTE_DSSS,15360000.0,0.0,10.0,val
152,38,Combined_LTE_DSSS_frame_133,0,1,LTE_DSSS,15360000.0,5.0,0.0,train
153,38,Combined_LTE_DSSS_frame_133,1,1,LTE_DSSS,15360000.0,5.0,0.0,train
154,38,Combined_LTE_DSSS_frame_133,2,1,LTE_DSSS,15360000.0,5.0,0.0,train
155,38,Combined_LTE_DSSS_frame_133,3,1,LTE_DSSS,15360000.0,5.0,0.0,train
156,39,Combined_LTE_DSSS_frame_134,0,1,LTE_DSSS,15360000.0,5.0,0.0,train
157,39,Combined_LTE_DSSS_frame_134,1,1,LTE_DSSS,15360000.0,5.0,0.0,train
158,39,Combined_LTE_DSSS_frame_134,2,1,LTE_DSSS,15360000.0,5.0,0.0,train
159,39,Combined_LTE_DSSS_frame_134,3,1,LTE_DSSS,15360000.0,5.0,0.0,train
160,40,Combined_LTE_DSSS_frame_135,0,1,LTE_DSSS,15360000.0,5.0,5.0,train
161,40,Combined_LTE_DSSS_frame_135,1,1,LTE_DSSS,15360000.0,5.0,5.0,train
162,40,Combined_LTE_DSSS_frame_135,2,1,LTE_DSSS,15360000.0,5.0,5.0,train
163,40,Combined_LTE_DSSS_frame_135,3,1,LTE_DSSS,15360000.0,5.0,5.0,train
164,41,Combined_LTE_DSSS_frame_136,0,1,LTE_DSSS,15360000.0,5.0,5.0,train
165,41,Combined_LTE_DSSS_frame_136,1,1,LTE_DSSS,15360000.0,5.0,5.0,train
166,41,Combined_LTE_DSSS_frame_136,2,1,LTE_DSSS,15360000.0,5.0,5.0,train
167,41,Combined_LTE_DSSS_frame_136,3,1,LTE_DSSS,15360000.0,5.0,5.0,train
168,42,Combined_LTE_DSSS_frame_137,0,1,LTE_DSSS,15360000.0,5.0,10.0,val
169,42,Combined_LTE_DSSS_frame_137,1,1,LTE_DSSS,15360000.0,5.0,10.0,val
170,42,Combined_LTE_DSSS_frame_137,2,1,LTE_DSSS,15360000.0,5.0,10.0,val
171,42,Combined_LTE_DSSS_frame_137,3,1,LTE_DSSS,15360000.0,5.0,10.0,val
172,43,Combined_LTE_DSSS_frame_138,0,1,LTE_DSSS,15360000.0,5.0,10.0,train
173,43,Combined_LTE_DSSS_frame_138,1,1,LTE_DSSS,15360000.0,5.0,10.0,train
174,43,Combined_LTE_DSSS_frame_138,2,1,LTE_DSSS,15360000.0,5.0,10.0,train
175,43,Combined_LTE_DSSS_frame_138,3,1,LTE_DSSS,15360000.0,5.0,10.0,train
176,44,Combined_LTE_DSSS_frame_139,0,1,LTE_DSSS,15360000.0,10.0,0.0,train
177,44,Combined_LTE_DSSS_frame_139,1,1,LTE_DSSS,15360000.0,10.0,0.0,train
178,44,Combined_LTE_DSSS_frame_139,2,1,LTE_DSSS,15360000.0,10.0,0.0,train
179,44,Combined_LTE_DSSS_frame_139,3,1,LTE_DSSS,15360000.0,10.0,0.0,train
180,45,Combined_LTE_DSSS_frame_14,0,1,LTE_DSSS,7680000.0,10.0,0.0,test
181,45,Combined_LTE_DSSS_frame_14,1,1,LTE_DSSS,7680000.0,10.0,0.0,test
182,45,Combined_LTE_DSSS_frame_14,2,1,LTE_DSSS,7680000.0,10.0,0.0,test
183,45,Combined_LTE_DSSS_frame_14,3,1,LTE_DSSS,7680000.0,10.0,0.0,test
184,46,Combined_LTE_DSSS_frame_140,0,1,LTE_DSSS,15360000.0,10.0,0.0,val
185,46,Combined_LTE_DSSS_frame_140,1,1,LTE_DSSS,15360000.0,10.0,0.0,val
186,46,Combined_LTE_DSSS_frame_140,2,1,LTE_DSSS,15360000.0,10.0,0.0,val
187,46,Combined_LTE_DSSS_frame_140,3,1,LTE_DSSS,15360000.0,10.0,0.0,val
188,47,Combined_LTE_DSSS_frame_141,0,1,LTE_DSSS,15360000.0,10.0,5.0,train
189,47,Combined_LTE_DSSS_frame_141,1,1,LTE_DSSS,15360000.0,10.0,5.0,train
190,47,Combined_LTE_DSSS_frame_141,2,1,LTE_DSSS,15360000.0,10.0,5.0,train
191,47,Combined_LTE_DSSS_frame_141,3,1,LTE_DSSS,15360000.0,10.0,5.0,train
192,48,Combined_LTE_DSSS_frame_142,0,1,LTE_DSSS,15360000.0,10.0,5.0,train
193,48,Combined_LTE_DSSS_frame_142,1,1,LTE_DSSS,15360000.0,10.0,5.0,train
194,48,Combined_LTE_DSSS_frame_142,2,1,LTE_DSSS,15360000.0,10.0,5.0,train
195,48,Combined_LTE_DSSS_frame_142,3,1,LTE_DSSS,15360000.0,10.0,5.0,train
196,49,Combined_LTE_DSSS_frame_143,0,1,LTE_DSSS,15360000.0,10.0,10.0,train
197,49,Combined_LTE_DSSS_frame_143,1,1,LTE_DSSS,15360000.0,10.0,10.0,train
198,49,Combined_LTE_DSSS_frame_143,2,1,LTE_DSSS,15360000.0,10.0,10.0,train
199,49,Combined_LTE_DSSS_frame_143,3,1,LTE_DSSS,15360000.0,10.0,10.0,train
200,50,Combined_LTE_DSSS_frame_144,0,1,LTE_DSSS,15360000.0,10.0,10.0,train
201,50,Combined_LTE_DSSS_frame_144,1,1,LTE_DSSS,15360000.0,10.0,10.0,train
202,50,Combined_LTE_DSSS_frame_144,2,1,LTE_DSSS,15360000.0,10.0,10.0,train
203,50,Combined_LTE_DSSS_frame_144,3,1,LTE_DSSS,15360000.0,10.0,10.0,train
204,51,Combined_LTE_DSSS_frame_145,0,1,LTE_DSSS,30720000.0,0.0,0.0,train
205,51,Combined_LTE_DSSS_frame_145,1,1,LTE_DSSS,30720000.0,0.0,0.0,train
206,51,Combined_LTE_DSSS_frame_145,2,1,LTE_DSSS,30720000.0,0.0,0.0,train
207,51,Combined_LTE_DSSS_frame_145,3,1,LTE_DSSS,30720000.0,0.0,0.0,train
208,52,Combined_LTE_DSSS_frame_146,0,1,LTE_DSSS,30720000.0,0.0,0.0,train
209,52,Combined_LTE_DSSS_frame_146,1,1,LTE_DSSS,30720000.0,0.0,0.0,train
210,52,Combined_LTE_DSSS_frame_146,2,1,LTE_DSSS,30720000.0,0.0,0.0,train
211,52,Combined_LTE_DSSS_frame_146,3,1,LTE_DSSS,30720000.0,0.0,0.0,train
212,53,Combined_LTE_DSSS_frame_147,0,1,LTE_DSSS,30720000.0,0.0,5.0,train
213,53,Combined_LTE_DSSS_frame_147,1,1,LTE_DSSS,30720000.0,0.0,5.0,train
214,53,Combined_LTE_DSSS_frame_147,2,1,LTE_DSSS,30720000.0,0.0,5.0,train
215,53,Combined_LTE_DSSS_frame_147,3,1,LTE_DSSS,30720000.0,0.0,5.0,train
216,54,Combined_LTE_DSSS_frame_148,0,1,LTE_DSSS,30720000.0,0.0,5.0,train
217,54,Combined_LTE_DSSS_frame_148,1,1,LTE_DSSS,30720000.0,0.0,5.0,train
218,54,Combined_LTE_DSSS_frame_148,2,1,LTE_DSSS,30720000.0,0.0,5.0,train
219,54,Combined_LTE_DSSS_frame_148,3,1,LTE_DSSS,30720000.0,0.0,5.0,train
220,55,Combined_LTE_DSSS_frame_149,0,1,LTE_DSSS,30720000.0,0.0,10.0,train
221,55,Combined_LTE_DSSS_frame_149,1,1,LTE_DSSS,30720000.0,0.0,10.0,train
222,55,Combined_LTE_DSSS_frame_149,2,1,LTE_DSSS,30720000.0,0.0,10.0,train
223,55,Combined_LTE_DSSS_frame_149,3,1,LTE_DSSS,30720000.0,0.0,10.0,train
224,56,Combined_LTE_DSSS_frame_15,0,1,LTE_DSSS,7680000.0,10.0,5.0,val
225,56,Combined_LTE_DSSS_frame_15,1,1,LTE_DSSS,7680000.0,10.0,5.0,val
226,56,Combined_LTE_DSSS_frame_15,2,1,LTE_DSSS,7680000.0,10.0,5.0,val
227,56,Combined_LTE_DSSS_frame_15,3,1,LTE_DSSS,7680000.0,10.0,5.0,val
228,57,Combined_LTE_DSSS_frame_150,0,1,LTE_DSSS,30720000.0,0.0,10.0,train
229,57,Combined_LTE_DSSS_frame_150,1,1,LTE_DSSS,30720000.0,0.0,10.0,train
230,57,Combined_LTE_DSSS_frame_150,2,1,LTE_DSSS,30720000.0,0.0,10.0,train
231,57,Combined_LTE_DSSS_frame_150,3,1,LTE_DSSS,30720000.0,0.0,10.0,train
232,58,Combined_LTE_DSSS_frame_151,0,1,LTE_DSSS,30720000.0,5.0,0.0,train
233,58,Combined_LTE_DSSS_frame_151,1,1,LTE_DSSS,30720000.0,5.0,0.0,train
234,58,Combined_LTE_DSSS_frame_151,2,1,LTE_DSSS,30720000.0,5.0,0.0,train
235,58,Combined_LTE_DSSS_frame_151,3,1,LTE_DSSS,30720000.0,5.0,0.0,train
236,59,Combined_LTE_DSSS_frame_152,0,1,LTE_DSSS,30720000.0,5.0,0.0,train
237,59,Combined_LTE_DSSS_frame_152,1,1,LTE_DSSS,30720000.0,5.0,0.0,train
238,59,Combined_LTE_DSSS_frame_152,2,1,LTE_DSSS,30720000.0,5.0,0.0,train
239,59,Combined_LTE_DSSS_frame_152,3,1,LTE_DSSS,30720000.0,5.0,0.0,train
240,60,Combined_LTE_DSSS_frame_153,0,1,LTE_DSSS,30720000.0,5.0,5.0,val
241,60,Combined_LTE_DSSS_frame_153,1,1,LTE_DSSS,30720000.0,5.0,5.0,val
242,60,Combined_LTE_DSSS_frame_153,2,1,LTE_DSSS,30720000.0,5.0,5.0,val
243,60,Combined_LTE_DSSS_frame_153,3,1,LTE_DSSS,30720000.0,5.0,5.0,val
244,61,Combined_LTE_DSSS_frame_154,0,1,LTE_DSSS,30720000.0,5.0,5.0,train
245,61,Combined_LTE_DSSS_frame_154,1,1,LTE_DSSS,30720000.0,5.0,5.0,train
246,61,Combined_LTE_DSSS_frame_154,2,1,LTE_DSSS,30720000.0,5.0,5.0,train
247,61,Combined_LTE_DSSS_frame_154,3,1,LTE_DSSS,30720000.0,5.0,5.0,train
248,62,Combined_LTE_DSSS_frame_155,0,1,LTE_DSSS,30720000.0,5.0,10.0,train
249,62,Combined_LTE_DSSS_frame_155,1,1,LTE_DSSS,30720000.0,5.0,10.0,train
250,62,Combined_LTE_DSSS_frame_155,2,1,LTE_DSSS,30720000.0,5.0,10.0,train
251,62,Combined_LTE_DSSS_frame_155,3,1,LTE_DSSS,30720000.0,5.0,10.0,train
252,63,Combined_LTE_DSSS_frame_156,0,1,LTE_DSSS,30720000.0,5.0,10.0,val
253,63,Combined_LTE_DSSS_frame_156,1,1,LTE_DSSS,30720000.0,5.0,10.0,val
254,63,Combined_LTE_DSSS_frame_156,2,1,LTE_DSSS,30720000.0,5.0,10.0,val
255,63,Combined_LTE_DSSS_frame_156,3,1,LTE_DSSS,30720000.0,5.0,10.0,val
256,64,Combined_LTE_DSSS_frame_157,0,1,LTE_DSSS,30720000.0,10.0,0.0,train
257,64,Combined_LTE_DSSS_frame_157,1,1,LTE_DSSS,30720000.0,10.0,0.0,train
258,64,Combined_LTE_DSSS_frame_157,2,1,LTE_DSSS,30720000.0,10.0,0.0,train
259,64,Combined_LTE_DSSS_frame_157,3,1,LTE_DSSS,30720000.0,10.0,0.0,train
260,65,Combined_LTE_DSSS_frame_158,0,1,LTE_DSSS,30720000.0,10.0,0.0,train
261,65,Combined_LTE_DSSS_frame_158,1,1,LTE_DSSS,30720000.0,10.0,0.0,train
262,65,Combined_LTE_DSSS_frame_158,2,1,LTE_DSSS,30720000.0,10.0,0.0,train
263,65,Combined_LTE_DSSS_frame_158,3,1,LTE_DSSS,30720000.0,10.0,0.0,train
264,66,Combined_LTE_DSSS_frame_159,0,1,LTE_DSSS,30720000.0,10.0,5.0,val
265,66,Combined_LTE_DSSS_frame_159,1,1,LTE_DSSS,30720000.0,10.0,5.0,val
266,66,Combined_LTE_DSSS_frame_159,2,1,LTE_DSSS,30720000.0,10.0,5.0,val
267,66,Combined_LTE_DSSS_frame_159,3,1,LTE_DSSS,30720000.0,10.0,5.0,val
268,67,Combined_LTE_DSSS_frame_16,0,1,LTE_DSSS,7680000.0,10.0,5.0,test
269,67,Combined_LTE_DSSS_frame_16,1,1,LTE_DSSS,7680000.0,10.0,5.0,test
270,67,Combined_LTE_DSSS_frame_16,2,1,LTE_DSSS,7680000.0,10.0,5.0,test
271,67,Combined_LTE_DSSS_frame_16,3,1,LTE_DSSS,7680000.0,10.0,5.0,test
272,68,Combined_LTE_DSSS_frame_160,0,1,LTE_DSSS,30720000.0,10.0,5.0,test
273,68,Combined_LTE_DSSS_frame_160,1,1,LTE_DSSS,30720000.0,10.0,5.0,test
274,68,Combined_LTE_DSSS_frame_160,2,1,LTE_DSSS,30720000.0,10.0,5.0,test
275,68,Combined_LTE_DSSS_frame_160,3,1,LTE_DSSS,30720000.0,10.0,5.0,test
276,69,Combined_LTE_DSSS_frame_161,0,1,LTE_DSSS,30720000.0,10.0,10.0,train
277,69,Combined_LTE_DSSS_frame_161,1,1,LTE_DSSS,30720000.0,10.0,10.0,train
278,69,Combined_LTE_DSSS_frame_161,2,1,LTE_DSSS,30720000.0,10.0,10.0,train
279,69,Combined_LTE_DSSS_frame_161,3,1,LTE_DSSS,30720000.0,10.0,10.0,train
280,70,Combined_LTE_DSSS_frame_162,0,1,LTE_DSSS,30720000.0,10.0,10.0,train
281,70,Combined_LTE_DSSS_frame_162,1,1,LTE_DSSS,30720000.0,10.0,10.0,train
282,70,Combined_LTE_DSSS_frame_162,2,1,LTE_DSSS,30720000.0,10.0,10.0,train
283,70,Combined_LTE_DSSS_frame_162,3,1,LTE_DSSS,30720000.0,10.0,10.0,train
284,71,Combined_LTE_DSSS_frame_163,0,1,LTE_DSSS,30720000.0,0.0,0.0,train
285,71,Combined_LTE_DSSS_frame_163,1,1,LTE_DSSS,30720000.0,0.0,0.0,train
286,71,Combined_LTE_DSSS_frame_163,2,1,LTE_DSSS,30720000.0,0.0,0.0,train
287,71,Combined_LTE_DSSS_frame_163,3,1,LTE_DSSS,30720000.0,0.0,0.0,train
288,72,Combined_LTE_DSSS_frame_164,0,1,LTE_DSSS,30720000.0,0.0,0.0,train
289,72,Combined_LTE_DSSS_frame_164,1,1,LTE_DSSS,30720000.0,0.0,0.0,train
290,72,Combined_LTE_DSSS_frame_164,2,1,LTE_DSSS,30720000.0,0.0,0.0,train
291,72,Combined_LTE_DSSS_frame_164,3,1,LTE_DSSS,30720000.0,0.0,0.0,train
292,73,Combined_LTE_DSSS_frame_165,0,1,LTE_DSSS,30720000.0,0.0,5.0,test
293,73,Combined_LTE_DSSS_frame_165,1,1,LTE_DSSS,30720000.0,0.0,5.0,test
294,73,Combined_LTE_DSSS_frame_165,2,1,LTE_DSSS,30720000.0,0.0,5.0,test
295,73,Combined_LTE_DSSS_frame_165,3,1,LTE_DSSS,30720000.0,0.0,5.0,test
296,74,Combined_LTE_DSSS_frame_166,0,1,LTE_DSSS,30720000.0,0.0,5.0,train
297,74,Combined_LTE_DSSS_frame_166,1,1,LTE_DSSS,30720000.0,0.0,5.0,train
298,74,Combined_LTE_DSSS_frame_166,2,1,LTE_DSSS,30720000.0,0.0,5.0,train
299,74,Combined_LTE_DSSS_frame_166,3,1,LTE_DSSS,30720000.0,0.0,5.0,train
300,75,Combined_LTE_DSSS_frame_167,0,1,LTE_DSSS,30720000.0,0.0,10.0,test
301,75,Combined_LTE_DSSS_frame_167,1,1,LTE_DSSS,30720000.0,0.0,10.0,test
302,75,Combined_LTE_DSSS_frame_167,2,1,LTE_DSSS,30720000.0,0.0,10.0,test
303,75,Combined_LTE_DSSS_frame_167,3,1,LTE_DSSS,30720000.0,0.0,10.0,test
304,76,Combined_LTE_DSSS_frame_168,0,1,LTE_DSSS,30720000.0,0.0,10.0,train
305,76,Combined_LTE_DSSS_frame_168,1,1,LTE_DSSS,30720000.0,0.0,10.0,train
306,76,Combined_LTE_DSSS_frame_168,2,1,LTE_DSSS,30720000.0,0.0,10.0,train
307,76,Combined_LTE_DSSS_frame_168,3,1,LTE_DSSS,30720000.0,0.0,10.0,train
308,77,Combined_LTE_DSSS_frame_169,0,1,LTE_DSSS,30720000.0,5.0,0.0,val
309,77,Combined_LTE_DSSS_frame_169,1,1,LTE_DSSS,30720000.0,5.0,0.0,val
310,77,Combined_LTE_DSSS_frame_169,2,1,LTE_DSSS,30720000.0,5.0,0.0,val
311,77,Combined_LTE_DSSS_frame_169,3,1,LTE_DSSS,30720000.0,5.0,0.0,val
312,78,Combined_LTE_DSSS_frame_17,0,1,LTE_DSSS,7680000.0,10.0,10.0,train
313,78,Combined_LTE_DSSS_frame_17,1,1,LTE_DSSS,7680000.0,10.0,10.0,train
314,78,Combined_LTE_DSSS_frame_17,2,1,LTE_DSSS,7680000.0,10.0,10.0,train
315,78,Combined_LTE_DSSS_frame_17,3,1,LTE_DSSS,7680000.0,10.0,10.0,train
316,79,Combined_LTE_DSSS_frame_170,0,1,LTE_DSSS,30720000.0,5.0,0.0,test
317,79,Combined_LTE_DSSS_frame_170,1,1,LTE_DSSS,30720000.0,5.0,0.0,test
318,79,Combined_LTE_DSSS_frame_170,2,1,LTE_DSSS,30720000.0,5.0,0.0,test
319,79,Combined_LTE_DSSS_frame_170,3,1,LTE_DSSS,30720000.0,5.0,0.0,test
320,80,Combined_LTE_DSSS_frame_171,0,1,LTE_DSSS,30720000.0,5.0,5.0,train
321,80,Combined_LTE_DSSS_frame_171,1,1,LTE_DSSS,30720000.0,5.0,5.0,train
322,80,Combined_LTE_DSSS_frame_171,2,1,LTE_DSSS,30720000.0,5.0,5.0,train
323,80,Combined_LTE_DSSS_frame_171,3,1,LTE_DSSS,30720000.0,5.0,5.0,train
324,81,Combined_LTE_DSSS_frame_172,0,1,LTE_DSSS,30720000.0,5.0,5.0,train
325,81,Combined_LTE_DSSS_frame_172,1,1,LTE_DSSS,30720000.0,5.0,5.0,train
326,81,Combined_LTE_DSSS_frame_172,2,1,LTE_DSSS,30720000.0,5.0,5.0,train
327,81,Combined_LTE_DSSS_frame_172,3,1,LTE_DSSS,30720000.0,5.0,5.0,train
328,82,Combined_LTE_DSSS_frame_173,0,1,LTE_DSSS,30720000.0,5.0,10.0,test
329,82,Combined_LTE_DSSS_frame_173,1,1,LTE_DSSS,30720000.0,5.0,10.0,test
330,82,Combined_LTE_DSSS_frame_173,2,1,LTE_DSSS,30720000.0,5.0,10.0,test
331,82,Combined_LTE_DSSS_frame_173,3,1,LTE_DSSS,30720000.0,5.0,10.0,test
332,83,Combined_LTE_DSSS_frame_174,0,1,LTE_DSSS,30720000.0,5.0,10.0,train
333,83,Combined_LTE_DSSS_frame_174,1,1,LTE_DSSS,30720000.0,5.0,10.0,train
334,83,Combined_LTE_DSSS_frame_174,2,1,LTE_DSSS,30720000.0,5.0,10.0,train
335,83,Combined_LTE_DSSS_frame_174,3,1,LTE_DSSS,30720000.0,5.0,10.0,train
336,84,Combined_LTE_DSSS_frame_175,0,1,LTE_DSSS,30720000.0,10.0,0.0,val
337,84,Combined_LTE_DSSS_frame_175,1,1,LTE_DSSS,30720000.0,10.0,0.0,val
338,84,Combined_LTE_DSSS_frame_175,2,1,LTE_DSSS,30720000.0,10.0,0.0,val
339,84,Combined_LTE_DSSS_frame_175,3,1,LTE_DSSS,30720000.0,10.0,0.0,val
340,85,Combined_LTE_DSSS_frame_176,0,1,LTE_DSSS,30720000.0,10.0,0.0,train
341,85,Combined_LTE_DSSS_frame_176,1,1,LTE_DSSS,30720000.0,10.0,0.0,train
342,85,Combined_LTE_DSSS_frame_176,2,1,LTE_DSSS,30720000.0,10.0,0.0,train
343,85,Combined_LTE_DSSS_frame_176,3,1,LTE_DSSS,30720000.0,10.0,0.0,train
344,86,Combined_LTE_DSSS_frame_177,0,1,LTE_DSSS,30720000.0,10.0,5.0,train
345,86,Combined_LTE_DSSS_frame_177,1,1,LTE_DSSS,30720000.0,10.0,5.0,train
346,86,Combined_LTE_DSSS_frame_177,2,1,LTE_DSSS,30720000.0,10.0,5.0,train
347,86,Combined_LTE_DSSS_frame_177,3,1,LTE_DSSS,30720000.0,10.0,5.0,train
348,87,Combined_LTE_DSSS_frame_178,0,1,LTE_DSSS,30720000.0,10.0,5.0,train
349,87,Combined_LTE_DSSS_frame_178,1,1,LTE_DSSS,30720000.0,10.0,5.0,train
350,87,Combined_LTE_DSSS_frame_178,2,1,LTE_DSSS,30720000.0,10.0,5.0,train
351,87,Combined_LTE_DSSS_frame_178,3,1,LTE_DSSS,30720000.0,10.0,5.0,train
352,88,Combined_LTE_DSSS_frame_179,0,1,LTE_DSSS,30720000.0,10.0,10.0,train
353,88,Combined_LTE_DSSS_frame_179,1,1,LTE_DSSS,30720000.0,10.0,10.0,train
354,88,Combined_LTE_DSSS_frame_179,2,1,LTE_DSSS,30720000.0,10.0,10.0,train
355,88,Combined_LTE_DSSS_frame_179,3,1,LTE_DSSS,30720000.0,10.0,10.0,train
356,89,Combined_LTE_DSSS_frame_18,0,1,LTE_DSSS,7680000.0,10.0,10.0,train
357,89,Combined_LTE_DSSS_frame_18,1,1,LTE_DSSS,7680000.0,10.0,10.0,train
358,89,Combined_LTE_DSSS_frame_18,2,1,LTE_DSSS,7680000.0,10.0,10.0,train
359,89,Combined_LTE_DSSS_frame_18,3,1,LTE_DSSS,7680000.0,10.0,10.0,train
360,90,Combined_LTE_DSSS_frame_180,0,1,LTE_DSSS,30720000.0,10.0,10.0,val
361,90,Combined_LTE_DSSS_frame_180,1,1,LTE_DSSS,30720000.0,10.0,10.0,val
362,90,Combined_LTE_DSSS_frame_180,2,1,LTE_DSSS,30720000.0,10.0,10.0,val
363,90,Combined_LTE_DSSS_frame_180,3,1,LTE_DSSS,30720000.0,10.0,10.0,val
364,91,Combined_LTE_DSSS_frame_181,0,1,LTE_DSSS,30720000.0,0.0,0.0,train
365,91,Combined_LTE_DSSS_frame_181,1,1,LTE_DSSS,30720000.0,0.0,0.0,train
366,91,Combined_LTE_DSSS_frame_181,2,1,LTE_DSSS,30720000.0,0.0,0.0,train
367,91,Combined_LTE_DSSS_frame_181,3,1,LTE_DSSS,30720000.0,0.0,0.0,train
368,92,Combined_LTE_DSSS_frame_182,0,1,LTE_DSSS,30720000.0,0.0,0.0,test
369,92,Combined_LTE_DSSS_frame_182,1,1,LTE_DSSS,30720000.0,0.0,0.0,test
370,92,Combined_LTE_DSSS_frame_182,2,1,LTE_DSSS,30720000.0,0.0,0.0,test
371,92,Combined_LTE_DSSS_frame_182,3,1,LTE_DSSS,30720000.0,0.0,0.0,test
372,93,Combined_LTE_DSSS_frame_183,0,1,LTE_DSSS,30720000.0,0.0,5.0,val
373,93,Combined_LTE_DSSS_frame_183,1,1,LTE_DSSS,30720000.0,0.0,5.0,val
374,93,Combined_LTE_DSSS_frame_183,2,1,LTE_DSSS,30720000.0,0.0,5.0,val
375,93,Combined_LTE_DSSS_frame_183,3,1,LTE_DSSS,30720000.0,0.0,5.0,val
376,94,Combined_LTE_DSSS_frame_184,0,1,LTE_DSSS,30720000.0,0.0,5.0,train
377,94,Combined_LTE_DSSS_frame_184,1,1,LTE_DSSS,30720000.0,0.0,5.0,train
378,94,Combined_LTE_DSSS_frame_184,2,1,LTE_DSSS,30720000.0,0.0,5.0,train
379,94,Combined_LTE_DSSS_frame_184,3,1,LTE_DSSS,30720000.0,0.0,5.0,train
380,95,Combined_LTE_DSSS_frame_185,0,1,LTE_DSSS,30720000.0,0.0,10.0,train
381,95,Combined_LTE_DSSS_frame_185,1,1,LTE_DSSS,30720000.0,0.0,10.0,train
382,95,Combined_LTE_DSSS_frame_185,2,1,LTE_DSSS,30720000.0,0.0,10.0,train
383,95,Combined_LTE_DSSS_frame_185,3,1,LTE_DSSS,30720000.0,0.0,10.0,train
384,96,Combined_LTE_DSSS_frame_186,0,1,LTE_DSSS,30720000.0,0.0,10.0,train
385,96,Combined_LTE_DSSS_frame_186,1,1,LTE_DSSS,30720000.0,0.0,10.0,train
386,96,Combined_LTE_DSSS_frame_186,2,1,LTE_DSSS,30720000.0,0.0,10.0,train
387,96,Combined_LTE_DSSS_frame_186,3,1,LTE_DSSS,30720000.0,0.0,10.0,train
388,97,Combined_LTE_DSSS_frame_187,0,1,LTE_DSSS,30720000.0,5.0,0.0,val
389,97,Combined_LTE_DSSS_frame_187,1,1,LTE_DSSS,30720000.0,5.0,0.0,val
390,97,Combined_LTE_DSSS_frame_187,2,1,LTE_DSSS,30720000.0,5.0,0.0,val
391,97,Combined_LTE_DSSS_frame_187,3,1,LTE_DSSS,30720000.0,5.0,0.0,val
392,98,Combined_LTE_DSSS_frame_188,0,1,LTE_DSSS,30720000.0,5.0,0.0,train
393,98,Combined_LTE_DSSS_frame_188,1,1,LTE_DSSS,30720000.0,5.0,0.0,train
394,98,Combined_LTE_DSSS_frame_188,2,1,LTE_DSSS,30720000.0,5.0,0.0,train
395,98,Combined_LTE_DSSS_frame_188,3,1,LTE_DSSS,30720000.0,5.0,0.0,train
396,99,Combined_LTE_DSSS_frame_189,0,1,LTE_DSSS,30720000.0,5.0,5.0,train
397,99,Combined_LTE_DSSS_frame_189,1,1,LTE_DSSS,30720000.0,5.0,5.0,train
398,99,Combined_LTE_DSSS_frame_189,2,1,LTE_DSSS,30720000.0,5.0,5.0,train
399,99,Combined_LTE_DSSS_frame_189,3,1,LTE_DSSS,30720000.0,5.0,5.0,train
400,100,Combined_LTE_DSSS_frame_19,0,1,LTE_DSSS,7680000.0,0.0,0.0,train
401,100,Combined_LTE_DSSS_frame_19,1,1,LTE_DSSS,7680000.0,0.0,0.0,train
402,100,Combined_LTE_DSSS_frame_19,2,1,LTE_DSSS,7680000.0,0.0,0.0,train
403,100,Combined_LTE_DSSS_frame_19,3,1,LTE_DSSS,7680000.0,0.0,0.0,train
404,101,Combined_LTE_DSSS_frame_190,0,1,LTE_DSSS,30720000.0,5.0,5.0,test
405,101,Combined_LTE_DSSS_frame_190,1,1,LTE_DSSS,30720000.0,5.0,5.0,test
406,101,Combined_LTE_DSSS_frame_190,2,1,LTE_DSSS,30720000.0,5.0,5.0,test
407,101,Combined_LTE_DSSS_frame_190,3,1,LTE_DSSS,30720000.0,5.0,5.0,test
408,102,Combined_LTE_DSSS_frame_191,0,1,LTE_DSSS,30720000.0,5.0,10.0,train
409,102,Combined_LTE_DSSS_frame_191,1,1,LTE_DSSS,30720000.0,5.0,10.0,train
410,102,Combined_LTE_DSSS_frame_191,2,1,LTE_DSSS,30720000.0,5.0,10.0,train
411,102,Combined_LTE_DSSS_frame_191,3,1,LTE_DSSS,30720000.0,5.0,10.0,train
412,103,Combined_LTE_DSSS_frame_192,0,1,LTE_DSSS,30720000.0,5.0,10.0,train
413,103,Combined_LTE_DSSS_frame_192,1,1,LTE_DSSS,30720000.0,5.0,10.0,train
414,103,Combined_LTE_DSSS_frame_192,2,1,LTE_DSSS,30720000.0,5.0,10.0,train
415,103,Combined_LTE_DSSS_frame_192,3,1,LTE_DSSS,30720000.0,5.0,10.0,train
416,104,Combined_LTE_DSSS_frame_193,0,1,LTE_DSSS,30720000.0,10.0,0.0,train
417,104,Combined_LTE_DSSS_frame_193,1,1,LTE_DSSS,30720000.0,10.0,0.0,train
418,104,Combined_LTE_DSSS_frame_193,2,1,LTE_DSSS,30720000.0,10.0,0.0,train
419,104,Combined_LTE_DSSS_frame_193,3,1,LTE_DSSS,30720000.0,10.0,0.0,train
420,105,Combined_LTE_DSSS_frame_194,0,1,LTE_DSSS,30720000.0,10.0,0.0,train
421,105,Combined_LTE_DSSS_frame_194,1,1,LTE_DSSS,30720000.0,10.0,0.0,train
422,105,Combined_LTE_DSSS_frame_194,2,1,LTE_DSSS,30720000.0,10.0,0.0,train
423,105,Combined_LTE_DSSS_frame_194,3,1,LTE_DSSS,30720000.0,10.0,0.0,train
424,106,Combined_LTE_DSSS_frame_195,0,1,LTE_DSSS,30720000.0,10.0,5.0,train
425,106,Combined_LTE_DSSS_frame_195,1,1,LTE_DSSS,30720000.0,10.0,5.0,train
426,106,Combined_LTE_DSSS_frame_195,2,1,LTE_DSSS,30720000.0,10.0,5.0,train
427,106,Combined_LTE_DSSS_frame_195,3,1,LTE_DSSS,30720000.0,10.0,5.0,train
428,107,Combined_LTE_DSSS_frame_196,0,1,LTE_DSSS,30720000.0,10.0,5.0,train
429,107,Combined_LTE_DSSS_frame_196,1,1,LTE_DSSS,30720000.0,10.0,5.0,train
430,107,Combined_LTE_DSSS_frame_196,2,1,LTE_DSSS,30720000.0,10.0,5.0,train
431,107,Combined_LTE_DSSS_frame_196,3,1,LTE_DSSS,30720000.0,10.0,5.0,train
432,108,Combined_LTE_DSSS_frame_197,0,1,LTE_DSSS,30720000.0,10.0,10.0,test
433,108,Combined_LTE_DSSS_frame_197,1,1,LTE_DSSS,30720000.0,10.0,10.0,test
434,108,Combined_LTE_DSSS_frame_197,2,1,LTE_DSSS,30720000.0,10.0,10.0,test
435,108,Combined_LTE_DSSS_frame_197,3,1,LTE_DSSS,30720000.0,10.0,10.0,test
436,109,Combined_LTE_DSSS_frame_198,0,1,LTE_DSSS,30720000.0,10.0,10.0,test
437,109,Combined_LTE_DSSS_frame_198,1,1,LTE_DSSS,30720000.0,10.0,10.0,test
438,109,Combined_LTE_DSSS_frame_198,2,1,LTE_DSSS,30720000.0,10.0,10.0,test
439,109,Combined_LTE_DSSS_frame_198,3,1,LTE_DSSS,30720000.0,10.0,10.0,test
440,110,Combined_LTE_DSSS_frame_199,0,1,LTE_DSSS,30720000.0,0.0,0.0,train
441,110,Combined_LTE_DSSS_frame_199,1,1,LTE_DSSS,30720000.0,0.0,0.0,train
442,110,Combined_LTE_DSSS_frame_199,2,1,LTE_DSSS,30720000.0,0.0,0.0,train
443,110,Combined_LTE_DSSS_frame_199,3,1,LTE_DSSS,30720000.0,0.0,0.0,train
444,111,Combined_LTE_DSSS_frame_2,0,1,LTE_DSSS,7680000.0,0.0,0.0,test
445,111,Combined_LTE_DSSS_frame_2,1,1,LTE_DSSS,7680000.0,0.0,0.0,test
446,111,Combined_LTE_DSSS_frame_2,2,1,LTE_DSSS,7680000.0,0.0,0.0,test
447,111,Combined_LTE_DSSS_frame_2,3,1,LTE_DSSS,7680000.0,0.0,0.0,test
448,112,Combined_LTE_DSSS_frame_20,0,1,LTE_DSSS,7680000.0,0.0,0.0,train
449,112,Combined_LTE_DSSS_frame_20,1,1,LTE_DSSS,7680000.0,0.0,0.0,train
450,112,Combined_LTE_DSSS_frame_20,2,1,LTE_DSSS,7680000.0,0.0,0.0,train
451,112,Combined_LTE_DSSS_frame_20,3,1,LTE_DSSS,7680000.0,0.0,0.0,train
452,113,Combined_LTE_DSSS_frame_200,0,1,LTE_DSSS,30720000.0,0.0,0.0,test
453,113,Combined_LTE_DSSS_frame_200,1,1,LTE_DSSS,30720000.0,0.0,0.0,test
454,113,Combined_LTE_DSSS_frame_200,2,1,LTE_DSSS,30720000.0,0.0,0.0,test
455,113,Combined_LTE_DSSS_frame_200,3,1,LTE_DSSS,30720000.0,0.0,0.0,test
456,114,Combined_LTE_DSSS_frame_201,0,1,LTE_DSSS,30720000.0,0.0,5.0,train
457,114,Combined_LTE_DSSS_frame_201,1,1,LTE_DSSS,30720000.0,0.0,5.0,train
458,114,Combined_LTE_DSSS_frame_201,2,1,LTE_DSSS,30720000.0,0.0,5.0,train
459,114,Combined_LTE_DSSS_frame_201,3,1,LTE_DSSS,30720000.0,0.0,5.0,train
460,115,Combined_LTE_DSSS_frame_202,0,1,LTE_DSSS,30720000.0,0.0,5.0,train
461,115,Combined_LTE_DSSS_frame_202,1,1,LTE_DSSS,30720000.0,0.0,5.0,train
462,115,Combined_LTE_DSSS_frame_202,2,1,LTE_DSSS,30720000.0,0.0,5.0,train
463,115,Combined_LTE_DSSS_frame_202,3,1,LTE_DSSS,30720000.0,0.0,5.0,train
464,116,Combined_LTE_DSSS_frame_203,0,1,LTE_DSSS,30720000.0,0.0,10.0,test
465,116,Combined_LTE_DSSS_frame_203,1,1,LTE_DSSS,30720000.0,0.0,10.0,test
466,116,Combined_LTE_DSSS_frame_203,2,1,LTE_DSSS,30720000.0,0.0,10.0,test
467,116,Combined_LTE_DSSS_frame_203,3,1,LTE_DSSS,30720000.0,0.0,10.0,test
468,117,Combined_LTE_DSSS_frame_204,0,1,LTE_DSSS,30720000.0,0.0,10.0,test
469,117,Combined_LTE_DSSS_frame_204,1,1,LTE_DSSS,30720000.0,0.0,10.0,test
470,117,Combined_LTE_DSSS_frame_204,2,1,LTE_DSSS,30720000.0,0.0,10.0,test
471,117,Combined_LTE_DSSS_frame_204,3,1,LTE_DSSS,30720000.0,0.0,10.0,test
472,118,Combined_LTE_DSSS_frame_205,0,1,LTE_DSSS,30720000.0,5.0,0.0,val
473,118,Combined_LTE_DSSS_frame_205,1,1,LTE_DSSS,30720000.0,5.0,0.0,val
474,118,Combined_LTE_DSSS_frame_205,2,1,LTE_DSSS,30720000.0,5.0,0.0,val
475,118,Combined_LTE_DSSS_frame_205,3,1,LTE_DSSS,30720000.0,5.0,0.0,val
476,119,Combined_LTE_DSSS_frame_206,0,1,LTE_DSSS,30720000.0,5.0,0.0,train
477,119,Combined_LTE_DSSS_frame_206,1,1,LTE_DSSS,30720000.0,5.0,0.0,train
478,119,Combined_LTE_DSSS_frame_206,2,1,LTE_DSSS,30720000.0,5.0,0.0,train
479,119,Combined_LTE_DSSS_frame_206,3,1,LTE_DSSS,30720000.0,5.0,0.0,train
480,120,Combined_LTE_DSSS_frame_207,0,1,LTE_DSSS,30720000.0,5.0,5.0,train
481,120,Combined_LTE_DSSS_frame_207,1,1,LTE_DSSS,30720000.0,5.0,5.0,train
482,120,Combined_LTE_DSSS_frame_207,2,1,LTE_DSSS,30720000.0,5.0,5.0,train
483,120,Combined_LTE_DSSS_frame_207,3,1,LTE_DSSS,30720000.0,5.0,5.0,train
484,121,Combined_LTE_DSSS_frame_208,0,1,LTE_DSSS,30720000.0,5.0,5.0,train
485,121,Combined_LTE_DSSS_frame_208,1,1,LTE_DSSS,30720000.0,5.0,5.0,train
486,121,Combined_LTE_DSSS_frame_208,2,1,LTE_DSSS,30720000.0,5.0,5.0,train
487,121,Combined_LTE_DSSS_frame_208,3,1,LTE_DSSS,30720000.0,5.0,5.0,train
488,122,Combined_LTE_DSSS_frame_209,0,1,LTE_DSSS,30720000.0,5.0,10.0,train
489,122,Combined_LTE_DSSS_frame_209,1,1,LTE_DSSS,30720000.0,5.0,10.0,train
490,122,Combined_LTE_DSSS_frame_209,2,1,LTE_DSSS,30720000.0,5.0,10.0,train
491,122,Combined_LTE_DSSS_frame_209,3,1,LTE_DSSS,30720000.0,5.0,10.0,train
492,123,Combined_LTE_DSSS_frame_21,0,1,LTE_DSSS,7680000.0,0.0,5.0,train
493,123,Combined_LTE_DSSS_frame_21,1,1,LTE_DSSS,7680000.0,0.0,5.0,train
494,123,Combined_LTE_DSSS_frame_21,2,1,LTE_DSSS,7680000.0,0.0,5.0,train
495,123,Combined_LTE_DSSS_frame_21,3,1,LTE_DSSS,7680000.0,0.0,5.0,train
496,124,Combined_LTE_DSSS_frame_210,0,1,LTE_DSSS,30720000.0,5.0,10.0,train
497,124,Combined_LTE_DSSS_frame_210,1,1,LTE_DSSS,30720000.0,5.0,10.0,train
498,124,Combined_LTE_DSSS_frame_210,2,1,LTE_DSSS,30720000.0,5.0,10.0,train
499,124,Combined_LTE_DSSS_frame_210,3,1,LTE_DSSS,30720000.0,5.0,10.0,train
500,125,Combined_LTE_DSSS_frame_211,0,1,LTE_DSSS,30720000.0,10.0,0.0,train
501,125,Combined_LTE_DSSS_frame_211,1,1,LTE_DSSS,30720000.0,10.0,0.0,train
502,125,Combined_LTE_DSSS_frame_211,2,1,LTE_DSSS,30720000.0,10.0,0.0,train
503,125,Combined_LTE_DSSS_frame_211,3,1,LTE_DSSS,30720000.0,10.0,0.0,train
504,126,Combined_LTE_DSSS_frame_212,0,1,LTE_DSSS,30720000.0,10.0,0.0,train
505,126,Combined_LTE_DSSS_frame_212,1,1,LTE_DSSS,30720000.0,10.0,0.0,train
506,126,Combined_LTE_DSSS_frame_212,2,1,LTE_DSSS,30720000.0,10.0,0.0,train
507,126,Combined_LTE_DSSS_frame_212,3,1,LTE_DSSS,30720000.0,10.0,0.0,train
508,127,Combined_LTE_DSSS_frame_213,0,1,LTE_DSSS,30720000.0,10.0,5.0,train
509,127,Combined_LTE_DSSS_frame_213,1,1,LTE_DSSS,30720000.0,10.0,5.0,train
510,127,Combined_LTE_DSSS_frame_213,2,1,LTE_DSSS,30720000.0,10.0,5.0,train
511,127,Combined_LTE_DSSS_frame_213,3,1,LTE_DSSS,30720000.0,10.0,5.0,train
512,128,Combined_LTE_DSSS_frame_214,0,1,LTE_DSSS,30720000.0,10.0,5.0,train
513,128,Combined_LTE_DSSS_frame_214,1,1,LTE_DSSS,30720000.0,10.0,5.0,train
514,128,Combined_LTE_DSSS_frame_214,2,1,LTE_DSSS,30720000.0,10.0,5.0,train
515,128,Combined_LTE_DSSS_frame_214,3,1,LTE_DSSS,30720000.0,10.0,5.0,train
516,129,Combined_LTE_DSSS_frame_215,0,1,LTE_DSSS,30720000.0,10.0,10.0,train
517,129,Combined_LTE_DSSS_frame_215,1,1,LTE_DSSS,30720000.0,10.0,10.0,train
518,129,Combined_LTE_DSSS_frame_215,2,1,LTE_DSSS,30720000.0,10.0,10.0,train
519,129,Combined_LTE_DSSS_frame_215,3,1,LTE_DSSS,30720000.0,10.0,10.0,train
520,130,Combined_LTE_DSSS_frame_216,0,1,LTE_DSSS,30720000.0,10.0,10.0,train
521,130,Combined_LTE_DSSS_frame_216,1,1,LTE_DSSS,30720000.0,10.0,10.0,train
522,130,Combined_LTE_DSSS_frame_216,2,1,LTE_DSSS,30720000.0,10.0,10.0,train
523,130,Combined_LTE_DSSS_frame_216,3,1,LTE_DSSS,30720000.0,10.0,10.0,train
524,131,Combined_LTE_DSSS_frame_217,0,1,LTE_DSSS,30720000.0,0.0,0.0,train
525,131,Combined_LTE_DSSS_frame_217,1,1,LTE_DSSS,30720000.0,0.0,0.0,train
526,131,Combined_LTE_DSSS_frame_217,2,1,LTE_DSSS,30720000.0,0.0,0.0,train
527,131,Combined_LTE_DSSS_frame_217,3,1,LTE_DSSS,30720000.0,0.0,0.0,train
528,132,Combined_LTE_DSSS_frame_218,0,1,LTE_DSSS,30720000.0,0.0,0.0,val
529,132,Combined_LTE_DSSS_frame_218,1,1,LTE_DSSS,30720000.0,0.0,0.0,val
530,132,Combined_LTE_DSSS_frame_218,2,1,LTE_DSSS,30720000.0,0.0,0.0,val
531,132,Combined_LTE_DSSS_frame_218,3,1,LTE_DSSS,30720000.0,0.0,0.0,val
532,133,Combined_LTE_DSSS_frame_219,0,1,LTE_DSSS,30720000.0,0.0,5.0,train
533,133,Combined_LTE_DSSS_frame_219,1,1,LTE_DSSS,30720000.0,0.0,5.0,train
534,133,Combined_LTE_DSSS_frame_219,2,1,LTE_DSSS,30720000.0,0.0,5.0,train
535,133,Combined_LTE_DSSS_frame_219,3,1,LTE_DSSS,30720000.0,0.0,5.0,train
536,134,Combined_LTE_DSSS_frame_22,0,1,LTE_DSSS,7680000.0,0.0,5.0,train
537,134,Combined_LTE_DSSS_frame_22,1,1,LTE_DSSS,7680000.0,0.0,5.0,train
538,134,Combined_LTE_DSSS_frame_22,2,1,LTE_DSSS,7680000.0,0.0,5.0,train
539,134,Combined_LTE_DSSS_frame_22,3,1,LTE_DSSS,7680000.0,0.0,5.0,train
540,135,Combined_LTE_DSSS_frame_220,0,1,LTE_DSSS,30720000.0,0.0,5.0,train
541,135,Combined_LTE_DSSS_frame_220,1,1,LTE_DSSS,30720000.0,0.0,5.0,train
542,135,Combined_LTE_DSSS_frame_220,2,1,LTE_DSSS,30720000.0,0.0,5.0,train
543,135,Combined_LTE_DSSS_frame_220,3,1,LTE_DSSS,30720000.0,0.0,5.0,train
544,136,Combined_LTE_DSSS_frame_221,0,1,LTE_DSSS,30720000.0,0.0,10.0,train
545,136,Combined_LTE_DSSS_frame_221,1,1,LTE_DSSS,30720000.0,0.0,10.0,train
546,136,Combined_LTE_DSSS_frame_221,2,1,LTE_DSSS,30720000.0,0.0,10.0,train
547,136,Combined_LTE_DSSS_frame_221,3,1,LTE_DSSS,30720000.0,0.0,10.0,train
548,137,Combined_LTE_DSSS_frame_222,0,1,LTE_DSSS,30720000.0,0.0,10.0,train
549,137,Combined_LTE_DSSS_frame_222,1,1,LTE_DSSS,30720000.0,0.0,10.0,train
550,137,Combined_LTE_DSSS_frame_222,2,1,LTE_DSSS,30720000.0,0.0,10.0,train
551,137,Combined_LTE_DSSS_frame_222,3,1,LTE_DSSS,30720000.0,0.0,10.0,train
552,138,Combined_LTE_DSSS_frame_223,0,1,LTE_DSSS,30720000.0,5.0,0.0,train
553,138,Combined_LTE_DSSS_frame_223,1,1,LTE_DSSS,30720000.0,5.0,0.0,train
554,138,Combined_LTE_DSSS_frame_223,2,1,LTE_DSSS,30720000.0,5.0,0.0,train
555,138,Combined_LTE_DSSS_frame_223,3,1,LTE_DSSS,30720000.0,5.0,0.0,train
556,139,Combined_LTE_DSSS_frame_224,0,1,LTE_DSSS,30720000.0,5.0,0.0,train
557,139,Combined_LTE_DSSS_frame_224,1,1,LTE_DSSS,30720000.0,5.0,0.0,train
558,139,Combined_LTE_DSSS_frame_224,2,1,LTE_DSSS,30720000.0,5.0,0.0,train
559,139,Combined_LTE_DSSS_frame_224,3,1,LTE_DSSS,30720000.0,5.0,0.0,train
560,140,Combined_LTE_DSSS_frame_225,0,1,LTE_DSSS,30720000.0,5.0,5.0,test
561,140,Combined_LTE_DSSS_frame_225,1,1,LTE_DSSS,30720000.0,5.0,5.0,test
562,140,Combined_LTE_DSSS_frame_225,2,1,LTE_DSSS,30720000.0,5.0,5.0,test
563,140,Combined_LTE_DSSS_frame_225,3,1,LTE_DSSS,30720000.0,5.0,5.0,test
564,141,Combined_LTE_DSSS_frame_226,0,1,LTE_DSSS,30720000.0,5.0,5.0,train
565,141,Combined_LTE_DSSS_frame_226,1,1,LTE_DSSS,30720000.0,5.0,5.0,train
566,141,Combined_LTE_DSSS_frame_226,2,1,LTE_DSSS,30720000.0,5.0,5.0,train
567,141,Combined_LTE_DSSS_frame_226,3,1,LTE_DSSS,30720000.0,5.0,5.0,train
568,142,Combined_LTE_DSSS_frame_227,0,1,LTE_DSSS,30720000.0,5.0,10.0,train
569,142,Combined_LTE_DSSS_frame_227,1,1,LTE_DSSS,30720000.0,5.0,10.0,train
570,142,Combined_LTE_DSSS_frame_227,2,1,LTE_DSSS,30720000.0,5.0,10.0,train
571,142,Combined_LTE_DSSS_frame_227,3,1,LTE_DSSS,30720000.0,5.0,10.0,train
572,143,Combined_LTE_DSSS_frame_228,0,1,LTE_DSSS,30720000.0,5.0,10.0,val
573,143,Combined_LTE_DSSS_frame_228,1,1,LTE_DSSS,30720000.0,5.0,10.0,val
574,143,Combined_LTE_DSSS_frame_228,2,1,LTE_DSSS,30720000.0,5.0,10.0,val
575,143,Combined_LTE_DSSS_frame_228,3,1,LTE_DSSS,30720000.0,5.0,10.0,val
576,144,Combined_LTE_DSSS_frame_229,0,1,LTE_DSSS,30720000.0,10.0,0.0,val
577,144,Combined_LTE_DSSS_frame_229,1,1,LTE_DSSS,30720000.0,10.0,0.0,val
578,144,Combined_LTE_DSSS_frame_229,2,1,LTE_DSSS,30720000.0,10.0,0.0,val
579,144,Combined_LTE_DSSS_frame_229,3,1,LTE_DSSS,30720000.0,10.0,0.0,val
580,145,Combined_LTE_DSSS_frame_23,0,1,LTE_DSSS,7680000.0,0.0,10.0,train
581,145,Combined_LTE_DSSS_frame_23,1,1,LTE_DSSS,7680000.0,0.0,10.0,train
582,145,Combined_LTE_DSSS_frame_23,2,1,LTE_DSSS,7680000.0,0.0,10.0,train
583,145,Combined_LTE_DSSS_frame_23,3,1,LTE_DSSS,7680000.0,0.0,10.0,train
584,146,Combined_LTE_DSSS_frame_230,0,1,LTE_DSSS,30720000.0,10.0,0.0,test
585,146,Combined_LTE_DSSS_frame_230,1,1,LTE_DSSS,30720000.0,10.0,0.0,test
586,146,Combined_LTE_DSSS_frame_230,2,1,LTE_DSSS,30720000.0,10.0,0.0,test
587,146,Combined_LTE_DSSS_frame_230,3,1,LTE_DSSS,30720000.0,10.0,0.0,test
588,147,Combined_LTE_DSSS_frame_231,0,1,LTE_DSSS,30720000.0,10.0,5.0,val
589,147,Combined_LTE_DSSS_frame_231,1,1,LTE_DSSS,30720000.0,10.0,5.0,val
590,147,Combined_LTE_DSSS_frame_231,2,1,LTE_DSSS,30720000.0,10.0,5.0,val
591,147,Combined_LTE_DSSS_frame_231,3,1,LTE_DSSS,30720000.0,10.0,5.0,val
592,148,Combined_LTE_DSSS_frame_232,0,1,LTE_DSSS,30720000.0,10.0,5.0,train
593,148,Combined_LTE_DSSS_frame_232,1,1,LTE_DSSS,30720000.0,10.0,5.0,train
594,148,Combined_LTE_DSSS_frame_232,2,1,LTE_DSSS,30720000.0,10.0,5.0,train
595,148,Combined_LTE_DSSS_frame_232,3,1,LTE_DSSS,30720000.0,10.0,5.0,train
596,149,Combined_LTE_DSSS_frame_233,0,1,LTE_DSSS,30720000.0,10.0,10.0,train
597,149,Combined_LTE_DSSS_frame_233,1,1,LTE_DSSS,30720000.0,10.0,10.0,train
598,149,Combined_LTE_DSSS_frame_233,2,1,LTE_DSSS,30720000.0,10.0,10.0,train
599,149,Combined_LTE_DSSS_frame_233,3,1,LTE_DSSS,30720000.0,10.0,10.0,train
600,150,Combined_LTE_DSSS_frame_234,0,1,LTE_DSSS,30720000.0,10.0,10.0,train
601,150,Combined_LTE_DSSS_frame_234,1,1,LTE_DSSS,30720000.0,10.0,10.0,train
602,150,Combined_LTE_DSSS_frame_234,2,1,LTE_DSSS,30720000.0,10.0,10.0,train
603,150,Combined_LTE_DSSS_frame_234,3,1,LTE_DSSS,30720000.0,10.0,10.0,train
604,151,Combined_LTE_DSSS_frame_235,0,1,LTE_DSSS,30720000.0,0.0,0.0,train
605,151,Combined_LTE_DSSS_frame_235,1,1,LTE_DSSS,30720000.0,0.0,0.0,train
606,151,Combined_LTE_DSSS_frame_235,2,1,LTE_DSSS,30720000.0,0.0,0.0,train
607,151,Combined_LTE_DSSS_frame_235,3,1,LTE_DSSS,30720000.0,0.0,0.0,train
608,152,Combined_LTE_DSSS_frame_236,0,1,LTE_DSSS,30720000.0,0.0,0.0,train
609,152,Combined_LTE_DSSS_frame_236,1,1,LTE_DSSS,30720000.0,0.0,0.0,train
610,152,Combined_LTE_DSSS_frame_236,2,1,LTE_DSSS,30720000.0,0.0,0.0,train
611,152,Combined_LTE_DSSS_frame_236,3,1,LTE_DSSS,30720000.0,0.0,0.0,train
612,153,Combined_LTE_DSSS_frame_237,0,1,LTE_DSSS,30720000.0,0.0,5.0,train
613,153,Combined_LTE_DSSS_frame_237,1,1,LTE_DSSS,30720000.0,0.0,5.0,train
614,153,Combined_LTE_DSSS_frame_237,2,1,LTE_DSSS,30720000.0,0.0,5.0,train
615,153,Combined_LTE_DSSS_frame_237,3,1,LTE_DSSS,30720000.0,0.0,5.0,train
616,154,Combined_LTE_DSSS_frame_238,0,1,LTE_DSSS,30720000.0,0.0,5.0,val
617,154,Combined_LTE_DSSS_frame_238,1,1,LTE_DSSS,30720000.0,0.0,5.0,val
618,154,Combined_LTE_DSSS_frame_238,2,1,LTE_DSSS,30720000.0,0.0,5.0,val
619,154,Combined_LTE_DSSS_frame_238,3,1,LTE_DSSS,30720000.0,0.0,5.0,val
620,155,Combined_LTE_DSSS_frame_239,0,1,LTE_DSSS,30720000.0,0.0,10.0,test
621,155,Combined_LTE_DSSS_frame_239,1,1,LTE_DSSS,30720000.0,0.0,10.0,test
622,155,Combined_LTE_DSSS_frame_239,2,1,LTE_DSSS,30720000.0,0.0,10.0,test
623,155,Combined_LTE_DSSS_frame_239,3,1,LTE_DSSS,30720000.0,0.0,10.0,test
624,156,Combined_LTE_DSSS_frame_24,0,1,LTE_DSSS,7680000.0,0.0,10.0,train
625,156,Combined_LTE_DSSS_frame_24,1,1,LTE_DSSS,7680000.0,0.0,10.0,train
626,156,Combined_LTE_DSSS_frame_24,2,1,LTE_DSSS,7680000.0,0.0,10.0,train
627,156,Combined_LTE_DSSS_frame_24,3,1,LTE_DSSS,7680000.0,0.0,10.0,train
628,157,Combined_LTE_DSSS_frame_240,0,1,LTE_DSSS,30720000.0,0.0,10.0,val
629,157,Combined_LTE_DSSS_frame_240,1,1,LTE_DSSS,30720000.0,0.0,10.0,val
630,157,Combined_LTE_DSSS_frame_240,2,1,LTE_DSSS,30720000.0,0.0,10.0,val
631,157,Combined_LTE_DSSS_frame_240,3,1,LTE_DSSS,30720000.0,0.0,10.0,val
632,158,Combined_LTE_DSSS_frame_241,0,1,LTE_DSSS,30720000.0,5.0,0.0,test
633,158,Combined_LTE_DSSS_frame_241,1,1,LTE_DSSS,30720000.0,5.0,0.0,test
634,158,Combined_LTE_DSSS_frame_241,2,1,LTE_DSSS,30720000.0,5.0,0.0,test
635,158,Combined_LTE_DSSS_frame_241,3,1,LTE_DSSS,30720000.0,5.0,0.0,test
636,159,Combined_LTE_DSSS_frame_242,0,1,LTE_DSSS,30720000.0,5.0,0.0,train
637,159,Combined_LTE_DSSS_frame_242,1,1,LTE_DSSS,30720000.0,5.0,0.0,train
638,159,Combined_LTE_DSSS_frame_242,2,1,LTE_DSSS,30720000.0,5.0,0.0,train
639,159,Combined_LTE_DSSS_frame_242,3,1,LTE_DSSS,30720000.0,5.0,0.0,train
640,160,Combined_LTE_DSSS_frame_243,0,1,LTE_DSSS,30720000.0,5.0,5.0,train
641,160,Combined_LTE_DSSS_frame_243,1,1,LTE_DSSS,30720000.0,5.0,5.0,train
642,160,Combined_LTE_DSSS_frame_243,2,1,LTE_DSSS,30720000.0,5.0,5.0,train
643,160,Combined_LTE_DSSS_frame_243,3,1,LTE_DSSS,30720000.0,5.0,5.0,train
644,161,Combined_LTE_DSSS_frame_244,0,1,LTE_DSSS,30720000.0,5.0,5.0,train
645,161,Combined_LTE_DSSS_frame_244,1,1,LTE_DSSS,30720000.0,5.0,5.0,train
646,161,Combined_LTE_DSSS_frame_244,2,1,LTE_DSSS,30720000.0,5.0,5.0,train
647,161,Combined_LTE_DSSS_frame_244,3,1,LTE_DSSS,30720000.0,5.0,5.0,train
648,162,Combined_LTE_DSSS_frame_245,0,1,LTE_DSSS,30720000.0,5.0,10.0,train
649,162,Combined_LTE_DSSS_frame_245,1,1,LTE_DSSS,30720000.0,5.0,10.0,train
650,162,Combined_LTE_DSSS_frame_245,2,1,LTE_DSSS,30720000.0,5.0,10.0,train
651,162,Combined_LTE_DSSS_frame_245,3,1,LTE_DSSS,30720000.0,5.0,10.0,train
652,163,Combined_LTE_DSSS_frame_246,0,1,LTE_DSSS,30720000.0,5.0,10.0,train
653,163,Combined_LTE_DSSS_frame_246,1,1,LTE_DSSS,30720000.0,5.0,10.0,train
654,163,Combined_LTE_DSSS_frame_246,2,1,LTE_DSSS,30720000.0,5.0,10.0,train
655,163,Combined_LTE_DSSS_frame_246,3,1,LTE_DSSS,30720000.0,5.0,10.0,train
656,164,Combined_LTE_DSSS_frame_247,0,1,LTE_DSSS,30720000.0,10.0,0.0,train
657,164,Combined_LTE_DSSS_frame_247,1,1,LTE_DSSS,30720000.0,10.0,0.0,train
658,164,Combined_LTE_DSSS_frame_247,2,1,LTE_DSSS,30720000.0,10.0,0.0,train
659,164,Combined_LTE_DSSS_frame_247,3,1,LTE_DSSS,30720000.0,10.0,0.0,train
660,165,Combined_LTE_DSSS_frame_248,0,1,LTE_DSSS,30720000.0,10.0,0.0,test
661,165,Combined_LTE_DSSS_frame_248,1,1,LTE_DSSS,30720000.0,10.0,0.0,test
662,165,Combined_LTE_DSSS_frame_248,2,1,LTE_DSSS,30720000.0,10.0,0.0,test
663,165,Combined_LTE_DSSS_frame_248,3,1,LTE_DSSS,30720000.0,10.0,0.0,test
664,166,Combined_LTE_DSSS_frame_249,0,1,LTE_DSSS,30720000.0,10.0,5.0,train
665,166,Combined_LTE_DSSS_frame_249,1,1,LTE_DSSS,30720000.0,10.0,5.0,train
666,166,Combined_LTE_DSSS_frame_249,2,1,LTE_DSSS,30720000.0,10.0,5.0,train
667,166,Combined_LTE_DSSS_frame_249,3,1,LTE_DSSS,30720000.0,10.0,5.0,train
668,167,Combined_LTE_DSSS_frame_25,0,1,LTE_DSSS,7680000.0,5.0,0.0,test
669,167,Combined_LTE_DSSS_frame_25,1,1,LTE_DSSS,7680000.0,5.0,0.0,test
670,167,Combined_LTE_DSSS_frame_25,2,1,LTE_DSSS,7680000.0,5.0,0.0,test
671,167,Combined_LTE_DSSS_frame_25,3,1,LTE_DSSS,7680000.0,5.0,0.0,test
672,168,Combined_LTE_DSSS_frame_250,0,1,LTE_DSSS,30720000.0,10.0,5.0,test
673,168,Combined_LTE_DSSS_frame_250,1,1,LTE_DSSS,30720000.0,10.0,5.0,test
674,168,Combined_LTE_DSSS_frame_250,2,1,LTE_DSSS,30720000.0,10.0,5.0,test
675,168,Combined_LTE_DSSS_frame_250,3,1,LTE_DSSS,30720000.0,10.0,5.0,test
676,169,Combined_LTE_DSSS_frame_251,0,1,LTE_DSSS,30720000.0,10.0,10.0,train
677,169,Combined_LTE_DSSS_frame_251,1,1,LTE_DSSS,30720000.0,10.0,10.0,train
678,169,Combined_LTE_DSSS_frame_251,2,1,LTE_DSSS,30720000.0,10.0,10.0,train
679,169,Combined_LTE_DSSS_frame_251,3,1,LTE_DSSS,30720000.0,10.0,10.0,train
680,170,Combined_LTE_DSSS_frame_252,0,1,LTE_DSSS,30720000.0,10.0,10.0,train
681,170,Combined_LTE_DSSS_frame_252,1,1,LTE_DSSS,30720000.0,10.0,10.0,train
682,170,Combined_LTE_DSSS_frame_252,2,1,LTE_DSSS,30720000.0,10.0,10.0,train
683,170,Combined_LTE_DSSS_frame_252,3,1,LTE_DSSS,30720000.0,10.0,10.0,train
684,171,Combined_LTE_DSSS_frame_253,0,1,LTE_DSSS,30720000.0,0.0,0.0,train
685,171,Combined_LTE_DSSS_frame_253,1,1,LTE_DSSS,30720000.0,0.0,0.0,train
686,171,Combined_LTE_DSSS_frame_253,2,1,LTE_DSSS,30720000.0,0.0,0.0,train
687,171,Combined_LTE_DSSS_frame_253,3,1,LTE_DSSS,30720000.0,0.0,0.0,train
688,172,Combined_LTE_DSSS_frame_254,0,1,LTE_DSSS,30720000.0,0.0,0.0,test
689,172,Combined_LTE_DSSS_frame_254,1,1,LTE_DSSS,30720000.0,0.0,0.0,test
690,172,Combined_LTE_DSSS_frame_254,2,1,LTE_DSSS,30720000.0,0.0,0.0,test
691,172,Combined_LTE_DSSS_frame_254,3,1,LTE_DSSS,30720000.0,0.0,0.0,test
692,173,Combined_LTE_DSSS_frame_255,0,1,LTE_DSSS,30720000.0,0.0,5.0,val
693,173,Combined_LTE_DSSS_frame_255,1,1,LTE_DSSS,30720000.0,0.0,5.0,val
694,173,Combined_LTE_DSSS_frame_255,2,1,LTE_DSSS,30720000.0,0.0,5.0,val
695,173,Combined_LTE_DSSS_frame_255,3,1,LTE_DSSS,30720000.0,0.0,5.0,val
696,174,Combined_LTE_DSSS_frame_256,0,1,LTE_DSSS,30720000.0,0.0,5.0,train
697,174,Combined_LTE_DSSS_frame_256,1,1,LTE_DSSS,30720000.0,0.0,5.0,train
698,174,Combined_LTE_DSSS_frame_256,2,1,LTE_DSSS,30720000.0,0.0,5.0,train
699,174,Combined_LTE_DSSS_frame_256,3,1,LTE_DSSS,30720000.0,0.0,5.0,train
700,175,Combined_LTE_DSSS_frame_257,0,1,LTE_DSSS,30720000.0,0.0,10.0,train
701,175,Combined_LTE_DSSS_frame_257,1,1,LTE_DSSS,30720000.0,0.0,10.0,train
702,175,Combined_LTE_DSSS_frame_257,2,1,LTE_DSSS,30720000.0,0.0,10.0,train
703,175,Combined_LTE_DSSS_frame_257,3,1,LTE_DSSS,30720000.0,0.0,10.0,train
704,176,Combined_LTE_DSSS_frame_258,0,1,LTE_DSSS,30720000.0,0.0,10.0,train
705,176,Combined_LTE_DSSS_frame_258,1,1,LTE_DSSS,30720000.0,0.0,10.0,train
706,176,Combined_LTE_DSSS_frame_258,2,1,LTE_DSSS,30720000.0,0.0,10.0,train
707,176,Combined_LTE_DSSS_frame_258,3,1,LTE_DSSS,30720000.0,0.0,10.0,train
708,177,Combined_LTE_DSSS_frame_259,0,1,LTE_DSSS,30720000.0,5.0,0.0,train
709,177,Combined_LTE_DSSS_frame_259,1,1,LTE_DSSS,30720000.0,5.0,0.0,train
710,177,Combined_LTE_DSSS_frame_259,2,1,LTE_DSSS,30720000.0,5.0,0.0,train
711,177,Combined_LTE_DSSS_frame_259,3,1,LTE_DSSS,30720000.0,5.0,0.0,train
712,178,Combined_LTE_DSSS_frame_26,0,1,LTE_DSSS,7680000.0,5.0,0.0,train
713,178,Combined_LTE_DSSS_frame_26,1,1,LTE_DSSS,7680000.0,5.0,0.0,train
714,178,Combined_LTE_DSSS_frame_26,2,1,LTE_DSSS,7680000.0,5.0,0.0,train
715,178,Combined_LTE_DSSS_frame_26,3,1,LTE_DSSS,7680000.0,5.0,0.0,train
716,179,Combined_LTE_DSSS_frame_260,0,1,LTE_DSSS,30720000.0,5.0,0.0,test
717,179,Combined_LTE_DSSS_frame_260,1,1,LTE_DSSS,30720000.0,5.0,0.0,test
718,179,Combined_LTE_DSSS_frame_260,2,1,LTE_DSSS,30720000.0,5.0,0.0,test
719,179,Combined_LTE_DSSS_frame_260,3,1,LTE_DSSS,30720000.0,5.0,0.0,test
720,180,Combined_LTE_DSSS_frame_261,0,1,LTE_DSSS,30720000.0,5.0,5.0,train
721,180,Combined_LTE_DSSS_frame_261,1,1,LTE_DSSS,30720000.0,5.0,5.0,train
722,180,Combined_LTE_DSSS_frame_261,2,1,LTE_DSSS,30720000.0,5.0,5.0,train
723,180,Combined_LTE_DSSS_frame_261,3,1,LTE_DSSS,30720000.0,5.0,5.0,train
724,181,Combined_LTE_DSSS_frame_262,0,1,LTE_DSSS,30720000.0,5.0,5.0,test
725,181,Combined_LTE_DSSS_frame_262,1,1,LTE_DSSS,30720000.0,5.0,5.0,test
726,181,Combined_LTE_DSSS_frame_262,2,1,LTE_DSSS,30720000.0,5.0,5.0,test
727,181,Combined_LTE_DSSS_frame_262,3,1,LTE_DSSS,30720000.0,5.0,5.0,test
728,182,Combined_LTE_DSSS_frame_263,0,1,LTE_DSSS,30720000.0,5.0,10.0,train
729,182,Combined_LTE_DSSS_frame_263,1,1,LTE_DSSS,30720000.0,5.0,10.0,train
730,182,Combined_LTE_DSSS_frame_263,2,1,LTE_DSSS,30720000.0,5.0,10.0,train
731,182,Combined_LTE_DSSS_frame_263,3,1,LTE_DSSS,30720000.0,5.0,10.0,train
732,183,Combined_LTE_DSSS_frame_264,0,1,LTE_DSSS,30720000.0,5.0,10.0,test
733,183,Combined_LTE_DSSS_frame_264,1,1,LTE_DSSS,30720000.0,5.0,10.0,test
734,183,Combined_LTE_DSSS_frame_264,2,1,LTE_DSSS,30720000.0,5.0,10.0,test
735,183,Combined_LTE_DSSS_frame_264,3,1,LTE_DSSS,30720000.0,5.0,10.0,test
736,184,Combined_LTE_DSSS_frame_265,0,1,LTE_DSSS,30720000.0,10.0,0.0,train
737,184,Combined_LTE_DSSS_frame_265,1,1,LTE_DSSS,30720000.0,10.0,0.0,train
738,184,Combined_LTE_DSSS_frame_265,2,1,LTE_DSSS,30720000.0,10.0,0.0,train
739,184,Combined_LTE_DSSS_frame_265,3,1,LTE_DSSS,30720000.0,10.0,0.0,train
740,185,Combined_LTE_DSSS_frame_266,0,1,LTE_DSSS,30720000.0,10.0,0.0,test
741,185,Combined_LTE_DSSS_frame_266,1,1,LTE_DSSS,30720000.0,10.0,0.0,test
742,185,Combined_LTE_DSSS_frame_266,2,1,LTE_DSSS,30720000.0,10.0,0.0,test
743,185,Combined_LTE_DSSS_frame_266,3,1,LTE_DSSS,30720000.0,10.0,0.0,test
744,186,Combined_LTE_DSSS_frame_267,0,1,LTE_DSSS,30720000.0,10.0,5.0,train
745,186,Combined_LTE_DSSS_frame_267,1,1,LTE_DSSS,30720000.0,10.0,5.0,train
746,186,Combined_LTE_DSSS_frame_267,2,1,LTE_DSSS,30720000.0,10.0,5.0,train
747,186,Combined_LTE_DSSS_frame_267,3,1,LTE_DSSS,30720000.0,10.0,5.0,train
748,187,Combined_LTE_DSSS_frame_268,0,1,LTE_DSSS,30720000.0,10.0,5.0,train
749,187,Combined_LTE_DSSS_frame_268,1,1,LTE_DSSS,30720000.0,10.0,5.0,train
750,187,Combined_LTE_DSSS_frame_268,2,1,LTE_DSSS,30720000.0,10.0,5.0,train
751,187,Combined_LTE_DSSS_frame_268,3,1,LTE_DSSS,30720000.0,10.0,5.0,train
752,188,Combined_LTE_DSSS_frame_269,0,1,LTE_DSSS,30720000.0,10.0,10.0,train
753,188,Combined_LTE_DSSS_frame_269,1,1,LTE_DSSS,30720000.0,10.0,10.0,train
754,188,Combined_LTE_DSSS_frame_269,2,1,LTE_DSSS,30720000.0,10.0,10.0,train
755,188,Combined_LTE_DSSS_frame_269,3,1,LTE_DSSS,30720000.0,10.0,10.0,train
756,189,Combined_LTE_DSSS_frame_27,0,1,LTE_DSSS,7680000.0,5.0,5.0,train
757,189,Combined_LTE_DSSS_frame_27,1,1,LTE_DSSS,7680000.0,5.0,5.0,train
758,189,Combined_LTE_DSSS_frame_27,2,1,LTE_DSSS,7680000.0,5.0,5.0,train
759,189,Combined_LTE_DSSS_frame_27,3,1,LTE_DSSS,7680000.0,5.0,5.0,train
760,190,Combined_LTE_DSSS_frame_270,0,1,LTE_DSSS,30720000.0,10.0,10.0,train
761,190,Combined_LTE_DSSS_frame_270,1,1,LTE_DSSS,30720000.0,10.0,10.0,train
762,190,Combined_LTE_DSSS_frame_270,2,1,LTE_DSSS,30720000.0,10.0,10.0,train
763,190,Combined_LTE_DSSS_frame_270,3,1,LTE_DSSS,30720000.0,10.0,10.0,train
764,191,Combined_LTE_DSSS_frame_271,0,1,LTE_DSSS,30720000.0,0.0,0.0,train
765,191,Combined_LTE_DSSS_frame_271,1,1,LTE_DSSS,30720000.0,0.0,0.0,train
766,191,Combined_LTE_DSSS_frame_271,2,1,LTE_DSSS,30720000.0,0.0,0.0,train
767,191,Combined_LTE_DSSS_frame_271,3,1,LTE_DSSS,30720000.0,0.0,0.0,train
768,192,Combined_LTE_DSSS_frame_272,0,1,LTE_DSSS,30720000.0,0.0,0.0,train
769,192,Combined_LTE_DSSS_frame_272,1,1,LTE_DSSS,30720000.0,0.0,0.0,train
770,192,Combined_LTE_DSSS_frame_272,2,1,LTE_DSSS,30720000.0,0.0,0.0,train
771,192,Combined_LTE_DSSS_frame_272,3,1,LTE_DSSS,30720000.0,0.0,0.0,train
772,193,Combined_LTE_DSSS_frame_273,0,1,LTE_DSSS,30720000.0,0.0,5.0,train
773,193,Combined_LTE_DSSS_frame_273,1,1,LTE_DSSS,30720000.0,0.0,5.0,train
774,193,Combined_LTE_DSSS_frame_273,2,1,LTE_DSSS,30720000.0,0.0,5.0,train
775,193,Combined_LTE_DSSS_frame_273,3,1,LTE_DSSS,30720000.0,0.0,5.0,train
776,194,Combined_LTE_DSSS_frame_274,0,1,LTE_DSSS,30720000.0,0.0,5.0,val
777,194,Combined_LTE_DSSS_frame_274,1,1,LTE_DSSS,30720000.0,0.0,5.0,val
778,194,Combined_LTE_DSSS_frame_274,2,1,LTE_DSSS,30720000.0,0.0,5.0,val
779,194,Combined_LTE_DSSS_frame_274,3,1,LTE_DSSS,30720000.0,0.0,5.0,val
780,195,Combined_LTE_DSSS_frame_275,0,1,LTE_DSSS,30720000.0,0.0,10.0,test
781,195,Combined_LTE_DSSS_frame_275,1,1,LTE_DSSS,30720000.0,0.0,10.0,test
782,195,Combined_LTE_DSSS_frame_275,2,1,LTE_DSSS,30720000.0,0.0,10.0,test
783,195,Combined_LTE_DSSS_frame_275,3,1,LTE_DSSS,30720000.0,0.0,10.0,test
784,196,Combined_LTE_DSSS_frame_276,0,1,LTE_DSSS,30720000.0,0.0,10.0,train
785,196,Combined_LTE_DSSS_frame_276,1,1,LTE_DSSS,30720000.0,0.0,10.0,train
786,196,Combined_LTE_DSSS_frame_276,2,1,LTE_DSSS,30720000.0,0.0,10.0,train
787,196,Combined_LTE_DSSS_frame_276,3,1,LTE_DSSS,30720000.0,0.0,10.0,train
788,197,Combined_LTE_DSSS_frame_277,0,1,LTE_DSSS,30720000.0,5.0,0.0,train
789,197,Combined_LTE_DSSS_frame_277,1,1,LTE_DSSS,30720000.0,5.0,0.0,train
790,197,Combined_LTE_DSSS_frame_277,2,1,LTE_DSSS,30720000.0,5.0,0.0,train
791,197,Combined_LTE_DSSS_frame_277,3,1,LTE_DSSS,30720000.0,5.0,0.0,train
792,198,Combined_LTE_DSSS_frame_278,0,1,LTE_DSSS,30720000.0,5.0,0.0,train
793,198,Combined_LTE_DSSS_frame_278,1,1,LTE_DSSS,30720000.0,5.0,0.0,train
794,198,Combined_LTE_DSSS_frame_278,2,1,LTE_DSSS,30720000.0,5.0,0.0,train
795,198,Combined_LTE_DSSS_frame_278,3,1,LTE_DSSS,30720000.0,5.0,0.0,train
796,199,Combined_LTE_DSSS_frame_279,0,1,LTE_DSSS,30720000.0,5.0,5.0,train
797,199,Combined_LTE_DSSS_frame_279,1,1,LTE_DSSS,30720000.0,5.0,5.0,train
798,199,Combined_LTE_DSSS_frame_279,2,1,LTE_DSSS,30720000.0,5.0,5.0,train
799,199,Combined_LTE_DSSS_frame_279,3,1,LTE_DSSS,30720000.0,5.0,5.0,train
800,200,Combined_LTE_DSSS_frame_28,0,1,LTE_DSSS,7680000.0,5.0,5.0,train
801,200,Combined_LTE_DSSS_frame_28,1,1,LTE_DSSS,7680000.0,5.0,5.0,train
802,200,Combined_LTE_DSSS_frame_28,2,1,LTE_DSSS,7680000.0,5.0,5.0,train
803,200,Combined_LTE_DSSS_frame_28,3,1,LTE_DSSS,7680000.0,5.0,5.0,train
804,201,Combined_LTE_DSSS_frame_280,0,1,LTE_DSSS,30720000.0,5.0,5.0,train
805,201,Combined_LTE_DSSS_frame_280,1,1,LTE_DSSS,30720000.0,5.0,5.0,train
806,201,Combined_LTE_DSSS_frame_280,2,1,LTE_DSSS,30720000.0,5.0,5.0,train
807,201,Combined_LTE_DSSS_frame_280,3,1,LTE_DSSS,30720000.0,5.0,5.0,train
808,202,Combined_LTE_DSSS_frame_281,0,1,LTE_DSSS,30720000.0,5.0,10.0,val
809,202,Combined_LTE_DSSS_frame_281,1,1,LTE_DSSS,30720000.0,5.0,10.0,val
810,202,Combined_LTE_DSSS_frame_281,2,1,LTE_DSSS,30720000.0,5.0,10.0,val
811,202,Combined_LTE_DSSS_frame_281,3,1,LTE_DSSS,30720000.0,5.0,10.0,val
812,203,Combined_LTE_DSSS_frame_282,0,1,LTE_DSSS,30720000.0,5.0,10.0,train
813,203,Combined_LTE_DSSS_frame_282,1,1,LTE_DSSS,30720000.0,5.0,10.0,train
814,203,Combined_LTE_DSSS_frame_282,2,1,LTE_DSSS,30720000.0,5.0,10.0,train
815,203,Combined_LTE_DSSS_frame_282,3,1,LTE_DSSS,30720000.0,5.0,10.0,train
816,204,Combined_LTE_DSSS_frame_283,0,1,LTE_DSSS,30720000.0,10.0,0.0,test
817,204,Combined_LTE_DSSS_frame_283,1,1,LTE_DSSS,30720000.0,10.0,0.0,test
818,204,Combined_LTE_DSSS_frame_283,2,1,LTE_DSSS,30720000.0,10.0,0.0,test
819,204,Combined_LTE_DSSS_frame_283,3,1,LTE_DSSS,30720000.0,10.0,0.0,test
820,205,Combined_LTE_DSSS_frame_284,0,1,LTE_DSSS,30720000.0,10.0,0.0,train
821,205,Combined_LTE_DSSS_frame_284,1,1,LTE_DSSS,30720000.0,10.0,0.0,train
822,205,Combined_LTE_DSSS_frame_284,2,1,LTE_DSSS,30720000.0,10.0,0.0,train
823,205,Combined_LTE_DSSS_frame_284,3,1,LTE_DSSS,30720000.0,10.0,0.0,train
824,206,Combined_LTE_DSSS_frame_285,0,1,LTE_DSSS,30720000.0,10.0,5.0,val
825,206,Combined_LTE_DSSS_frame_285,1,1,LTE_DSSS,30720000.0,10.0,5.0,val
826,206,Combined_LTE_DSSS_frame_285,2,1,LTE_DSSS,30720000.0,10.0,5.0,val
827,206,Combined_LTE_DSSS_frame_285,3,1,LTE_DSSS,30720000.0,10.0,5.0,val
828,207,Combined_LTE_DSSS_frame_286,0,1,LTE_DSSS,30720000.0,10.0,5.0,test
829,207,Combined_LTE_DSSS_frame_286,1,1,LTE_DSSS,30720000.0,10.0,5.0,test
830,207,Combined_LTE_DSSS_frame_286,2,1,LTE_DSSS,30720000.0,10.0,5.0,test
831,207,Combined_LTE_DSSS_frame_286,3,1,LTE_DSSS,30720000.0,10.0,5.0,test
832,208,Combined_LTE_DSSS_frame_287,0,1,LTE_DSSS,30720000.0,10.0,10.0,train
833,208,Combined_LTE_DSSS_frame_287,1,1,LTE_DSSS,30720000.0,10.0,10.0,train
834,208,Combined_LTE_DSSS_frame_287,2,1,LTE_DSSS,30720000.0,10.0,10.0,train
835,208,Combined_LTE_DSSS_frame_287,3,1,LTE_DSSS,30720000.0,10.0,10.0,train
836,209,Combined_LTE_DSSS_frame_288,0,1,LTE_DSSS,30720000.0,10.0,10.0,val
837,209,Combined_LTE_DSSS_frame_288,1,1,LTE_DSSS,30720000.0,10.0,10.0,val
838,209,Combined_LTE_DSSS_frame_288,2,1,LTE_DSSS,30720000.0,10.0,10.0,val
839,209,Combined_LTE_DSSS_frame_288,3,1,LTE_DSSS,30720000.0,10.0,10.0,val
840,210,Combined_LTE_DSSS_frame_29,0,1,LTE_DSSS,7680000.0,5.0,10.0,train
841,210,Combined_LTE_DSSS_frame_29,1,1,LTE_DSSS,7680000.0,5.0,10.0,train
842,210,Combined_LTE_DSSS_frame_29,2,1,LTE_DSSS,7680000.0,5.0,10.0,train
843,210,Combined_LTE_DSSS_frame_29,3,1,LTE_DSSS,7680000.0,5.0,10.0,train
844,211,Combined_LTE_DSSS_frame_3,0,1,LTE_DSSS,7680000.0,0.0,5.0,train
845,211,Combined_LTE_DSSS_frame_3,1,1,LTE_DSSS,7680000.0,0.0,5.0,train
846,211,Combined_LTE_DSSS_frame_3,2,1,LTE_DSSS,7680000.0,0.0,5.0,train
847,211,Combined_LTE_DSSS_frame_3,3,1,LTE_DSSS,7680000.0,0.0,5.0,train
848,212,Combined_LTE_DSSS_frame_30,0,1,LTE_DSSS,7680000.0,5.0,10.0,train
849,212,Combined_LTE_DSSS_frame_30,1,1,LTE_DSSS,7680000.0,5.0,10.0,train
850,212,Combined_LTE_DSSS_frame_30,2,1,LTE_DSSS,7680000.0,5.0,10.0,train
851,212,Combined_LTE_DSSS_frame_30,3,1,LTE_DSSS,7680000.0,5.0,10.0,train
852,213,Combined_LTE_DSSS_frame_31,0,1,LTE_DSSS,7680000.0,10.0,0.0,test
853,213,Combined_LTE_DSSS_frame_31,1,1,LTE_DSSS,7680000.0,10.0,0.0,test
854,213,Combined_LTE_DSSS_frame_31,2,1,LTE_DSSS,7680000.0,10.0,0.0,test
855,213,Combined_LTE_DSSS_frame_31,3,1,LTE_DSSS,7680000.0,10.0,0.0,test
856,214,Combined_LTE_DSSS_frame_32,0,1,LTE_DSSS,7680000.0,10.0,0.0,train
857,214,Combined_LTE_DSSS_frame_32,1,1,LTE_DSSS,7680000.0,10.0,0.0,train
858,214,Combined_LTE_DSSS_frame_32,2,1,LTE_DSSS,7680000.0,10.0,0.0,train
859,214,Combined_LTE_DSSS_frame_32,3,1,LTE_DSSS,7680000.0,10.0,0.0,train
860,215,Combined_LTE_DSSS_frame_33,0,1,LTE_DSSS,7680000.0,10.0,5.0,train
861,215,Combined_LTE_DSSS_frame_33,1,1,LTE_DSSS,7680000.0,10.0,5.0,train
862,215,Combined_LTE_DSSS_frame_33,2,1,LTE_DSSS,7680000.0,10.0,5.0,train
863,215,Combined_LTE_DSSS_frame_33,3,1,LTE_DSSS,7680000.0,10.0,5.0,train
864,216,Combined_LTE_DSSS_frame_34,0,1,LTE_DSSS,7680000.0,10.0,5.0,val
865,216,Combined_LTE_DSSS_frame_34,1,1,LTE_DSSS,7680000.0,10.0,5.0,val
866,216,Combined_LTE_DSSS_frame_34,2,1,LTE_DSSS,7680000.0,10.0,5.0,val
867,216,Combined_LTE_DSSS_frame_34,3,1,LTE_DSSS,7680000.0,10.0,5.0,val
868,217,Combined_LTE_DSSS_frame_35,0,1,LTE_DSSS,7680000.0,10.0,10.0,train
869,217,Combined_LTE_DSSS_frame_35,1,1,LTE_DSSS,7680000.0,10.0,10.0,train
870,217,Combined_LTE_DSSS_frame_35,2,1,LTE_DSSS,7680000.0,10.0,10.0,train
871,217,Combined_LTE_DSSS_frame_35,3,1,LTE_DSSS,7680000.0,10.0,10.0,train
872,218,Combined_LTE_DSSS_frame_36,0,1,LTE_DSSS,7680000.0,10.0,10.0,train
873,218,Combined_LTE_DSSS_frame_36,1,1,LTE_DSSS,7680000.0,10.0,10.0,train
874,218,Combined_LTE_DSSS_frame_36,2,1,LTE_DSSS,7680000.0,10.0,10.0,train
875,218,Combined_LTE_DSSS_frame_36,3,1,LTE_DSSS,7680000.0,10.0,10.0,train
876,219,Combined_LTE_DSSS_frame_37,0,1,LTE_DSSS,7680000.0,0.0,0.0,train
877,219,Combined_LTE_DSSS_frame_37,1,1,LTE_DSSS,7680000.0,0.0,0.0,train
878,219,Combined_LTE_DSSS_frame_37,2,1,LTE_DSSS,7680000.0,0.0,0.0,train
879,219,Combined_LTE_DSSS_frame_37,3,1,LTE_DSSS,7680000.0,0.0,0.0,train
880,220,Combined_LTE_DSSS_frame_38,0,1,LTE_DSSS,7680000.0,0.0,0.0,train
881,220,Combined_LTE_DSSS_frame_38,1,1,LTE_DSSS,7680000.0,0.0,0.0,train
882,220,Combined_LTE_DSSS_frame_38,2,1,LTE_DSSS,7680000.0,0.0,0.0,train
883,220,Combined_LTE_DSSS_frame_38,3,1,LTE_DSSS,7680000.0,0.0,0.0,train
884,221,Combined_LTE_DSSS_frame_39,0,1,LTE_DSSS,7680000.0,0.0,5.0,train
885,221,Combined_LTE_DSSS_frame_39,1,1,LTE_DSSS,7680000.0,0.0,5.0,train
886,221,Combined_LTE_DSSS_frame_39,2,1,LTE_DSSS,7680000.0,0.0,5.0,train
887,221,Combined_LTE_DSSS_frame_39,3,1,LTE_DSSS,7680000.0,0.0,5.0,train
888,222,Combined_LTE_DSSS_frame_4,0,1,LTE_DSSS,7680000.0,0.0,5.0,test
889,222,Combined_LTE_DSSS_frame_4,1,1,LTE_DSSS,7680000.0,0.0,5.0,test
890,222,Combined_LTE_DSSS_frame_4,2,1,LTE_DSSS,7680000.0,0.0,5.0,test
891,222,Combined_LTE_DSSS_frame_4,3,1,LTE_DSSS,7680000.0,0.0,5.0,test
892,223,Combined_LTE_DSSS_frame_40,0,1,LTE_DSSS,7680000.0,0.0,5.0,train
893,223,Combined_LTE_DSSS_frame_40,1,1,LTE_DSSS,7680000.0,0.0,5.0,train
894,223,Combined_LTE_DSSS_frame_40,2,1,LTE_DSSS,7680000.0,0.0,5.0,train
895,223,Combined_LTE_DSSS_frame_40,3,1,LTE_DSSS,7680000.0,0.0,5.0,train
896,224,Combined_LTE_DSSS_frame_41,0,1,LTE_DSSS,7680000.0,0.0,10.0,val
897,224,Combined_LTE_DSSS_frame_41,1,1,LTE_DSSS,7680000.0,0.0,10.0,val
898,224,Combined_LTE_DSSS_frame_41,2,1,LTE_DSSS,7680000.0,0.0,10.0,val
899,224,Combined_LTE_DSSS_frame_41,3,1,LTE_DSSS,7680000.0,0.0,10.0,val
900,225,Combined_LTE_DSSS_frame_42,0,1,LTE_DSSS,7680000.0,0.0,10.0,train
901,225,Combined_LTE_DSSS_frame_42,1,1,LTE_DSSS,7680000.0,0.0,10.0,train
902,225,Combined_LTE_DSSS_frame_42,2,1,LTE_DSSS,7680000.0,0.0,10.0,train
903,225,Combined_LTE_DSSS_frame_42,3,1,LTE_DSSS,7680000.0,0.0,10.0,train
904,226,Combined_LTE_DSSS_frame_43,0,1,LTE_DSSS,7680000.0,5.0,0.0,train
905,226,Combined_LTE_DSSS_frame_43,1,1,LTE_DSSS,7680000.0,5.0,0.0,train
906,226,Combined_LTE_DSSS_frame_43,2,1,LTE_DSSS,7680000.0,5.0,0.0,train
907,226,Combined_LTE_DSSS_frame_43,3,1,LTE_DSSS,7680000.0,5.0,0.0,train
908,227,Combined_LTE_DSSS_frame_44,0,1,LTE_DSSS,7680000.0,5.0,0.0,train
909,227,Combined_LTE_DSSS_frame_44,1,1,LTE_DSSS,7680000.0,5.0,0.0,train
910,227,Combined_LTE_DSSS_frame_44,2,1,LTE_DSSS,7680000.0,5.0,0.0,train
911,227,Combined_LTE_DSSS_frame_44,3,1,LTE_DSSS,7680000.0,5.0,0.0,train
912,228,Combined_LTE_DSSS_frame_45,0,1,LTE_DSSS,7680000.0,5.0,5.0,train
913,228,Combined_LTE_DSSS_frame_45,1,1,LTE_DSSS,7680000.0,5.0,5.0,train
914,228,Combined_LTE_DSSS_frame_45,2,1,LTE_DSSS,7680000.0,5.0,5.0,train
915,228,Combined_LTE_DSSS_frame_45,3,1,LTE_DSSS,7680000.0,5.0,5.0,train
916,229,Combined_LTE_DSSS_frame_46,0,1,LTE_DSSS,7680000.0,5.0,5.0,train
917,229,Combined_LTE_DSSS_frame_46,1,1,LTE_DSSS,7680000.0,5.0,5.0,train
918,229,Combined_LTE_DSSS_frame_46,2,1,LTE_DSSS,7680000.0,5.0,5.0,train
919,229,Combined_LTE_DSSS_frame_46,3,1,LTE_DSSS,7680000.0,5.0,5.0,train
920,230,Combined_LTE_DSSS_frame_47,0,1,LTE_DSSS,7680000.0,5.0,10.0,train
921,230,Combined_LTE_DSSS_frame_47,1,1,LTE_DSSS,7680000.0,5.0,10.0,train
922,230,Combined_LTE_DSSS_frame_47,2,1,LTE_DSSS,7680000.0,5.0,10.0,train
923,230,Combined_LTE_DSSS_frame_47,3,1,LTE_DSSS,7680000.0,5.0,10.0,train
924,231,Combined_LTE_DSSS_frame_48,0,1,LTE_DSSS,7680000.0,5.0,10.0,val
925,231,Combined_LTE_DSSS_frame_48,1,1,LTE_DSSS,7680000.0,5.0,10.0,val
926,231,Combined_LTE_DSSS_frame_48,2,1,LTE_DSSS,7680000.0,5.0,10.0,val
927,231,Combined_LTE_DSSS_frame_48,3,1,LTE_DSSS,7680000.0,5.0,10.0,val
928,232,Combined_LTE_DSSS_frame_49,0,1,LTE_DSSS,7680000.0,10.0,0.0,train
929,232,Combined_LTE_DSSS_frame_49,1,1,LTE_DSSS,7680000.0,10.0,0.0,train
930,232,Combined_LTE_DSSS_frame_49,2,1,LTE_DSSS,7680000.0,10.0,0.0,train
931,232,Combined_LTE_DSSS_frame_49,3,1,LTE_DSSS,7680000.0,10.0,0.0,train
932,233,Combined_LTE_DSSS_frame_5,0,1,LTE_DSSS,7680000.0,0.0,10.0,train
933,233,Combined_LTE_DSSS_frame_5,1,1,LTE_DSSS,7680000.0,0.0,10.0,train
934,233,Combined_LTE_DSSS_frame_5,2,1,LTE_DSSS,7680000.0,0.0,10.0,train
935,233,Combined_LTE_DSSS_frame_5,3,1,LTE_DSSS,7680000.0,0.0,10.0,train
936,234,Combined_LTE_DSSS_frame_50,0,1,LTE_DSSS,7680000.0,10.0,0.0,train
937,234,Combined_LTE_DSSS_frame_50,1,1,LTE_DSSS,7680000.0,10.0,0.0,train
938,234,Combined_LTE_DSSS_frame_50,2,1,LTE_DSSS,7680000.0,10.0,0.0,train
939,234,Combined_LTE_DSSS_frame_50,3,1,LTE_DSSS,7680000.0,10.0,0.0,train
940,235,Combined_LTE_DSSS_frame_51,0,1,LTE_DSSS,7680000.0,10.0,5.0,train
941,235,Combined_LTE_DSSS_frame_51,1,1,LTE_DSSS,7680000.0,10.0,5.0,train
942,235,Combined_LTE_DSSS_frame_51,2,1,LTE_DSSS,7680000.0,10.0,5.0,train
943,235,Combined_LTE_DSSS_frame_51,3,1,LTE_DSSS,7680000.0,10.0,5.0,train
944,236,Combined_LTE_DSSS_frame_52,0,1,LTE_DSSS,7680000.0,10.0,5.0,test
945,236,Combined_LTE_DSSS_frame_52,1,1,LTE_DSSS,7680000.0,10.0,5.0,test
946,236,Combined_LTE_DSSS_frame_52,2,1,LTE_DSSS,7680000.0,10.0,5.0,test
947,236,Combined_LTE_DSSS_frame_52,3,1,LTE_DSSS,7680000.0,10.0,5.0,test
948,237,Combined_LTE_DSSS_frame_53,0,1,LTE_DSSS,7680000.0,10.0,10.0,test
949,237,Combined_LTE_DSSS_frame_53,1,1,LTE_DSSS,7680000.0,10.0,10.0,test
950,237,Combined_LTE_DSSS_frame_53,2,1,LTE_DSSS,7680000.0,10.0,10.0,test
951,237,Combined_LTE_DSSS_frame_53,3,1,LTE_DSSS,7680000.0,10.0,10.0,test
952,238,Combined_LTE_DSSS_frame_54,0,1,LTE_DSSS,7680000.0,10.0,10.0,train
953,238,Combined_LTE_DSSS_frame_54,1,1,LTE_DSSS,7680000.0,10.0,10.0,train
954,238,Combined_LTE_DSSS_frame_54,2,1,LTE_DSSS,7680000.0,10.0,10.0,train
955,238,Combined_LTE_DSSS_frame_54,3,1,LTE_DSSS,7680000.0,10.0,10.0,train
956,239,Combined_LTE_DSSS_frame_55,0,1,LTE_DSSS,7680000.0,0.0,0.0,val
957,239,Combined_LTE_DSSS_frame_55,1,1,LTE_DSSS,7680000.0,0.0,0.0,val
958,239,Combined_LTE_DSSS_frame_55,2,1,LTE_DSSS,7680000.0,0.0,0.0,val
959,239,Combined_LTE_DSSS_frame_55,3,1,LTE_DSSS,7680000.0,0.0,0.0,val
960,240,Combined_LTE_DSSS_frame_56,0,1,LTE_DSSS,7680000.0,0.0,0.0,train
961,240,Combined_LTE_DSSS_frame_56,1,1,LTE_DSSS,7680000.0,0.0,0.0,train
962,240,Combined_LTE_DSSS_frame_56,2,1,LTE_DSSS,7680000.0,0.0,0.0,train
963,240,Combined_LTE_DSSS_frame_56,3,1,LTE_DSSS,7680000.0,0.0,0.0,train
964,241,Combined_LTE_DSSS_frame_57,0,1,LTE_DSSS,7680000.0,0.0,5.0,train
965,241,Combined_LTE_DSSS_frame_57,1,1,LTE_DSSS,7680000.0,0.0,5.0,train
966,241,Combined_LTE_DSSS_frame_57,2,1,LTE_DSSS,7680000.0,0.0,5.0,train
967,241,Combined_LTE_DSSS_frame_57,3,1,LTE_DSSS,7680000.0,0.0,5.0,train
968,242,Combined_LTE_DSSS_frame_58,0,1,LTE_DSSS,7680000.0,0.0,5.0,train
969,242,Combined_LTE_DSSS_frame_58,1,1,LTE_DSSS,7680000.0,0.0,5.0,train
970,242,Combined_LTE_DSSS_frame_58,2,1,LTE_DSSS,7680000.0,0.0,5.0,train
971,242,Combined_LTE_DSSS_frame_58,3,1,LTE_DSSS,7680000.0,0.0,5.0,train
972,243,Combined_LTE_DSSS_frame_59,0,1,LTE_DSSS,7680000.0,0.0,10.0,train
973,243,Combined_LTE_DSSS_frame_59,1,1,LTE_DSSS,7680000.0,0.0,10.0,train
974,243,Combined_LTE_DSSS_frame_59,2,1,LTE_DSSS,7680000.0,0.0,10.0,train
975,243,Combined_LTE_DSSS_frame_59,3,1,LTE_DSSS,7680000.0,0.0,10.0,train
976,244,Combined_LTE_DSSS_frame_6,0,1,LTE_DSSS,7680000.0,0.0,10.0,train
977,244,Combined_LTE_DSSS_frame_6,1,1,LTE_DSSS,7680000.0,0.0,10.0,train
978,244,Combined_LTE_DSSS_frame_6,2,1,LTE_DSSS,7680000.0,0.0,10.0,train
979,244,Combined_LTE_DSSS_frame_6,3,1,LTE_DSSS,7680000.0,0.0,10.0,train
980,245,Combined_LTE_DSSS_frame_60,0,1,LTE_DSSS,7680000.0,0.0,10.0,train
981,245,Combined_LTE_DSSS_frame_60,1,1,LTE_DSSS,7680000.0,0.0,10.0,train
982,245,Combined_LTE_DSSS_frame_60,2,1,LTE_DSSS,7680000.0,0.0,10.0,train
983,245,Combined_LTE_DSSS_frame_60,3,1,LTE_DSSS,7680000.0,0.0,10.0,train
984,246,Combined_LTE_DSSS_frame_61,0,1,LTE_DSSS,7680000.0,5.0,0.0,train
985,246,Combined_LTE_DSSS_frame_61,1,1,LTE_DSSS,7680000.0,5.0,0.0,train
986,246,Combined_LTE_DSSS_frame_61,2,1,LTE_DSSS,7680000.0,5.0,0.0,train
987,246,Combined_LTE_DSSS_frame_61,3,1,LTE_DSSS,7680000.0,5.0,0.0,train
988,247,Combined_LTE_DSSS_frame_62,0,1,LTE_DSSS,7680000.0,5.0,0.0,train
989,247,Combined_LTE_DSSS_frame_62,1,1,LTE_DSSS,7680000.0,5.0,0.0,train
990,247,Combined_LTE_DSSS_frame_62,2,1,LTE_DSSS,7680000.0,5.0,0.0,train
991,247,Combined_LTE_DSSS_frame_62,3,1,LTE_DSSS,7680000.0,5.0,0.0,train
992,248,Combined_LTE_DSSS_frame_63,0,1,LTE_DSSS,7680000.0,5.0,5.0,train
993,248,Combined_LTE_DSSS_frame_63,1,1,LTE_DSSS,7680000.0,5.0,5.0,train
994,248,Combined_LTE_DSSS_frame_63,2,1,LTE_DSSS,7680000.0,5.0,5.0,train
995,248,Combined_LTE_DSSS_frame_63,3,1,LTE_DSSS,7680000.0,5.0,5.0,train
996,249,Combined_LTE_DSSS_frame_64,0,1,LTE_DSSS,7680000.0,5.0,5.0,train
997,249,Combined_LTE_DSSS_frame_64,1,1,LTE_DSSS,7680000.0,5.0,5.0,train
998,249,Combined_LTE_DSSS_frame_64,2,1,LTE_DSSS,7680000.0,5.0,5.0,train
999,249,Combined_LTE_DSSS_frame_64,3,1,LTE_DSSS,7680000.0,5.0,5.0,train
1000,250,Combined_LTE_DSSS_frame_65,0,1,LTE_DSSS,7680000.0,5.0,10.0,test
1001,250,Combined_LTE_DSSS_frame_65,1,1,LTE_DSSS,7680000.0,5.0,10.0,test
1002,250,Combined_LTE_DSSS_frame_65,2,1,LTE_DSSS,7680000.0,5.0,10.0,test
1003,250,Combined_LTE_DSSS_frame_65,3,1,LTE_DSSS,7680000.0,5.0,10.0,test
1004,251,Combined_LTE_DSSS_frame_66,0,1,LTE_DSSS,7680000.0,5.0,10.0,train
1005,251,Combined_LTE_DSSS_frame_66,1,1,LTE_DSSS,7680000.0,5.0,10.0,train
1006,251,Combined_LTE_DSSS_frame_66,2,1,LTE_DSSS,7680000.0,5.0,10.0,train
1007,251,Combined_LTE_DSSS_frame_66,3,1,LTE_DSSS,7680000.0,5.0,10.0,train
1008,252,Combined_LTE_DSSS_frame_67,0,1,LTE_DSSS,7680000.0,10.0,0.0,train
1009,252,Combined_LTE_DSSS_frame_67,1,1,LTE_DSSS,7680000.0,10.0,0.0,train
1010,252,Combined_LTE_DSSS_frame_67,2,1,LTE_DSSS,7680000.0,10.0,0.0,train
1011,252,Combined_LTE_DSSS_frame_67,3,1,LTE_DSSS,7680000.0,10.0,0.0,train
1012,253,Combined_LTE_DSSS_frame_68,0,1,LTE_DSSS,7680000.0,10.0,0.0,val
1013,253,Combined_LTE_DSSS_frame_68,1,1,LTE_DSSS,7680000.0,10.0,0.0,val
1014,253,Combined_LTE_DSSS_frame_68,2,1,LTE_DSSS,7680000.0,10.0,0.0,val
1015,253,Combined_LTE_DSSS_frame_68,3,1,LTE_DSSS,7680000.0,10.0,0.0,val
1016,254,Combined_LTE_DSSS_frame_69,0,1,LTE_DSSS,7680000.0,10.0,5.0,val
1017,254,Combined_LTE_DSSS_frame_69,1,1,LTE_DSSS,7680000.0,10.0,5.0,val
1018,254,Combined_LTE_DSSS_frame_69,2,1,LTE_DSSS,7680000.0,10.0,5.0,val
1019,254,Combined_LTE_DSSS_frame_69,3,1,LTE_DSSS,7680000.0,10.0,5.0,val
1020,255,Combined_LTE_DSSS_frame_7,0,1,LTE_DSSS,7680000.0,5.0,0.0,test
1021,255,Combined_LTE_DSSS_frame_7,1,1,LTE_DSSS,7680000.0,5.0,0.0,test
1022,255,Combined_LTE_DSSS_frame_7,2,1,LTE_DSSS,7680000.0,5.0,0.0,test
1023,255,Combined_LTE_DSSS_frame_7,3,1,LTE_DSSS,7680000.0,5.0,0.0,test
1024,256,Combined_LTE_DSSS_frame_70,0,1,LTE_DSSS,7680000.0,10.0,5.0,val
1025,256,Combined_LTE_DSSS_frame_70,1,1,LTE_DSSS,7680000.0,10.0,5.0,val
1026,256,Combined_LTE_DSSS_frame_70,2,1,LTE_DSSS,7680000.0,10.0,5.0,val
1027,256,Combined_LTE_DSSS_frame_70,3,1,LTE_DSSS,7680000.0,10.0,5.0,val
1028,257,Combined_LTE_DSSS_frame_71,0,1,LTE_DSSS,7680000.0,10.0,10.0,train
1029,257,Combined_LTE_DSSS_frame_71,1,1,LTE_DSSS,7680000.0,10.0,10.0,train
1030,257,Combined_LTE_DSSS_frame_71,2,1,LTE_DSSS,7680000.0,10.0,10.0,train
1031,257,Combined_LTE_DSSS_frame_71,3,1,LTE_DSSS,7680000.0,10.0,10.0,train
1032,258,Combined_LTE_DSSS_frame_72,0,1,LTE_DSSS,7680000.0,10.0,10.0,train
1033,258,Combined_LTE_DSSS_frame_72,1,1,LTE_DSSS,7680000.0,10.0,10.0,train
1034,258,Combined_LTE_DSSS_frame_72,2,1,LTE_DSSS,7680000.0,10.0,10.0,train
1035,258,Combined_LTE_DSSS_frame_72,3,1,LTE_DSSS,7680000.0,10.0,10.0,train
1036,259,Combined_LTE_DSSS_frame_73,0,1,LTE_DSSS,15360000.0,0.0,0.0,train
1037,259,Combined_LTE_DSSS_frame_73,1,1,LTE_DSSS,15360000.0,0.0,0.0,train
1038,259,Combined_LTE_DSSS_frame_73,2,1,LTE_DSSS,15360000.0,0.0,0.0,train
1039,259,Combined_LTE_DSSS_frame_73,3,1,LTE_DSSS,15360000.0,0.0,0.0,train
1040,260,Combined_LTE_DSSS_frame_74,0,1,LTE_DSSS,15360000.0,0.0,0.0,val
1041,260,Combined_LTE_DSSS_frame_74,1,1,LTE_DSSS,15360000.0,0.0,0.0,val
1042,260,Combined_LTE_DSSS_frame_74,2,1,LTE_DSSS,15360000.0,0.0,0.0,val
1043,260,Combined_LTE_DSSS_frame_74,3,1,LTE_DSSS,15360000.0,0.0,0.0,val
1044,261,Combined_LTE_DSSS_frame_75,0,1,LTE_DSSS,15360000.0,0.0,5.0,train
1045,261,Combined_LTE_DSSS_frame_75,1,1,LTE_DSSS,15360000.0,0.0,5.0,train
1046,261,Combined_LTE_DSSS_frame_75,2,1,LTE_DSSS,15360000.0,0.0,5.0,train
1047,261,Combined_LTE_DSSS_frame_75,3,1,LTE_DSSS,15360000.0,0.0,5.0,train
1048,262,Combined_LTE_DSSS_frame_76,0,1,LTE_DSSS,15360000.0,0.0,5.0,train
1049,262,Combined_LTE_DSSS_frame_76,1,1,LTE_DSSS,15360000.0,0.0,5.0,train
1050,262,Combined_LTE_DSSS_frame_76,2,1,LTE_DSSS,15360000.0,0.0,5.0,train
1051,262,Combined_LTE_DSSS_frame_76,3,1,LTE_DSSS,15360000.0,0.0,5.0,train
1052,263,Combined_LTE_DSSS_frame_77,0,1,LTE_DSSS,15360000.0,0.0,10.0,train
1053,263,Combined_LTE_DSSS_frame_77,1,1,LTE_DSSS,15360000.0,0.0,10.0,train
1054,263,Combined_LTE_DSSS_frame_77,2,1,LTE_DSSS,15360000.0,0.0,10.0,train
1055,263,Combined_LTE_DSSS_frame_77,3,1,LTE_DSSS,15360000.0,0.0,10.0,train
1056,264,Combined_LTE_DSSS_frame_78,0,1,LTE_DSSS,15360000.0,0.0,10.0,train
1057,264,Combined_LTE_DSSS_frame_78,1,1,LTE_DSSS,15360000.0,0.0,10.0,train
1058,264,Combined_LTE_DSSS_frame_78,2,1,LTE_DSSS,15360000.0,0.0,10.0,train
1059,264,Combined_LTE_DSSS_frame_78,3,1,LTE_DSSS,15360000.0,0.0,10.0,train
1060,265,Combined_LTE_DSSS_frame_79,0,1,LTE_DSSS,15360000.0,5.0,0.0,train
1061,265,Combined_LTE_DSSS_frame_79,1,1,LTE_DSSS,15360000.0,5.0,0.0,train
1062,265,Combined_LTE_DSSS_frame_79,2,1,LTE_DSSS,15360000.0,5.0,0.0,train
1063,265,Combined_LTE_DSSS_frame_79,3,1,LTE_DSSS,15360000.0,5.0,0.0,train
1064,266,Combined_LTE_DSSS_frame_8,0,1,LTE_DSSS,7680000.0,5.0,0.0,train
1065,266,Combined_LTE_DSSS_frame_8,1,1,LTE_DSSS,7680000.0,5.0,0.0,train
1066,266,Combined_LTE_DSSS_frame_8,2,1,LTE_DSSS,7680000.0,5.0,0.0,train
1067,266,Combined_LTE_DSSS_frame_8,3,1,LTE_DSSS,7680000.0,5.0,0.0,train
1068,267,Combined_LTE_DSSS_frame_80,0,1,LTE_DSSS,15360000.0,5.0,0.0,val
1069,267,Combined_LTE_DSSS_frame_80,1,1,LTE_DSSS,15360000.0,5.0,0.0,val
1070,267,Combined_LTE_DSSS_frame_80,2,1,LTE_DSSS,15360000.0,5.0,0.0,val
1071,267,Combined_LTE_DSSS_frame_80,3,1,LTE_DSSS,15360000.0,5.0,0.0,val
1072,268,Combined_LTE_DSSS_frame_81,0,1,LTE_DSSS,15360000.0,5.0,5.0,train
1073,268,Combined_LTE_DSSS_frame_81,1,1,LTE_DSSS,15360000.0,5.0,5.0,train
1074,268,Combined_LTE_DSSS_frame_81,2,1,LTE_DSSS,15360000.0,5.0,5.0,train
1075,268,Combined_LTE_DSSS_frame_81,3,1,LTE_DSSS,15360000.0,5.0,5.0,train
1076,269,Combined_LTE_DSSS_frame_82,0,1,LTE_DSSS,15360000.0,5.0,5.0,train
1077,269,Combined_LTE_DSSS_frame_82,1,1,LTE_DSSS,15360000.0,5.0,5.0,train
1078,269,Combined_LTE_DSSS_frame_82,2,1,LTE_DSSS,15360000.0,5.0,5.0,train
1079,269,Combined_LTE_DSSS_frame_82,3,1,LTE_DSSS,15360000.0,5.0,5.0,train
1080,270,Combined_LTE_DSSS_frame_83,0,1,LTE_DSSS,15360000.0,5.0,10.0,train
1081,270,Combined_LTE_DSSS_frame_83,1,1,LTE_DSSS,15360000.0,5.0,10.0,train
1082,270,Combined_LTE_DSSS_frame_83,2,1,LTE_DSSS,15360000.0,5.0,10.0,train
1083,270,Combined_LTE_DSSS_frame_83,3,1,LTE_DSSS,15360000.0,5.0,10.0,train
1084,271,Combined_LTE_DSSS_frame_84,0,1,LTE_DSSS,15360000.0,5.0,10.0,train
1085,271,Combined_LTE_DSSS_frame_84,1,1,LTE_DSSS,15360000.0,5.0,10.0,train
1086,271,Combined_LTE_DSSS_frame_84,2,1,LTE_DSSS,15360000.0,5.0,10.0,train
1087,271,Combined_LTE_DSSS_frame_84,3,1,LTE_DSSS,15360000.0,5.0,10.0,train
1088,272,Combined_LTE_DSSS_frame_85,0,1,LTE_DSSS,15360000.0,10.0,0.0,train
1089,272,Combined_LTE_DSSS_frame_85,1,1,LTE_DSSS,15360000.0,10.0,0.0,train
1090,272,Combined_LTE_DSSS_frame_85,2,1,LTE_DSSS,15360000.0,10.0,0.0,train
1091,272,Combined_LTE_DSSS_frame_85,3,1,LTE_DSSS,15360000.0,10.0,0.0,train
1092,273,Combined_LTE_DSSS_frame_86,0,1,LTE_DSSS,15360000.0,10.0,0.0,train
1093,273,Combined_LTE_DSSS_frame_86,1,1,LTE_DSSS,15360000.0,10.0,0.0,train
1094,273,Combined_LTE_DSSS_frame_86,2,1,LTE_DSSS,15360000.0,10.0,0.0,train
1095,273,Combined_LTE_DSSS_frame_86,3,1,LTE_DSSS,15360000.0,10.0,0.0,train
1096,274,Combined_LTE_DSSS_frame_87,0,1,LTE_DSSS,15360000.0,10.0,5.0,val
1097,274,Combined_LTE_DSSS_frame_87,1,1,LTE_DSSS,15360000.0,10.0,5.0,val
1098,274,Combined_LTE_DSSS_frame_87,2,1,LTE_DSSS,15360000.0,10.0,5.0,val
1099,274,Combined_LTE_DSSS_frame_87,3,1,LTE_DSSS,15360000.0,10.0,5.0,val
1100,275,Combined_LTE_DSSS_frame_88,0,1,LTE_DSSS,15360000.0,10.0,5.0,train
1101,275,Combined_LTE_DSSS_frame_88,1,1,LTE_DSSS,15360000.0,10.0,5.0,train
1102,275,Combined_LTE_DSSS_frame_88,2,1,LTE_DSSS,15360000.0,10.0,5.0,train
1103,275,Combined_LTE_DSSS_frame_88,3,1,LTE_DSSS,15360000.0,10.0,5.0,train
1104,276,Combined_LTE_DSSS_frame_89,0,1,LTE_DSSS,15360000.0,10.0,10.0,train
1105,276,Combined_LTE_DSSS_frame_89,1,1,LTE_DSSS,15360000.0,10.0,10.0,train
1106,276,Combined_LTE_DSSS_frame_89,2,1,LTE_DSSS,15360000.0,10.0,10.0,train
1107,276,Combined_LTE_DSSS_frame_89,3,1,LTE_DSSS,15360000.0,10.0,10.0,train
1108,277,Combined_LTE_DSSS_frame_9,0,1,LTE_DSSS,7680000.0,5.0,5.0,val
1109,277,Combined_LTE_DSSS_frame_9,1,1,LTE_DSSS,7680000.0,5.0,5.0,val
1110,277,Combined_LTE_DSSS_frame_9,2,1,LTE_DSSS,7680000.0,5.0,5.0,val
1111,277,Combined_LTE_DSSS_frame_9,3,1,LTE_DSSS,7680000.0,5.0,5.0,val
1112,278,Combined_LTE_DSSS_frame_90,0,1,LTE_DSSS,15360000.0,10.0,10.0,train
1113,278,Combined_LTE_DSSS_frame_90,1,1,LTE_DSSS,15360000.0,10.0,10.0,train
1114,278,Combined_LTE_DSSS_frame_90,2,1,LTE_DSSS,15360000.0,10.0,10.0,train
1115,278,Combined_LTE_DSSS_frame_90,3,1,LTE_DSSS,15360000.0,10.0,10.0,train
1116,279,Combined_LTE_DSSS_frame_91,0,1,LTE_DSSS,15360000.0,0.0,0.0,test
1117,279,Combined_LTE_DSSS_frame_91,1,1,LTE_DSSS,15360000.0,0.0,0.0,test
1118,279,Combined_LTE_DSSS_frame_91,2,1,LTE_DSSS,15360000.0,0.0,0.0,test
1119,279,Combined_LTE_DSSS_frame_91,3,1,LTE_DSSS,15360000.0,0.0,0.0,test
1120,280,Combined_LTE_DSSS_frame_92,0,1,LTE_DSSS,15360000.0,0.0,0.0,test
1121,280,Combined_LTE_DSSS_frame_92,1,1,LTE_DSSS,15360000.0,0.0,0.0,test
1122,280,Combined_LTE_DSSS_frame_92,2,1,LTE_DSSS,15360000.0,0.0,0.0,test
1123,280,Combined_LTE_DSSS_frame_92,3,1,LTE_DSSS,15360000.0,0.0,0.0,test
1124,281,Combined_LTE_DSSS_frame_93,0,1,LTE_DSSS,15360000.0,0.0,5.0,train
1125,281,Combined_LTE_DSSS_frame_93,1,1,LTE_DSSS,15360000.0,0.0,5.0,train
1126,281,Combined_LTE_DSSS_frame_93,2,1,LTE_DSSS,15360000.0,0.0,5.0,train
1127,281,Combined_LTE_DSSS_frame_93,3,1,LTE_DSSS,15360000.0,0.0,5.0,train
1128,282,Combined_LTE_DSSS_frame_94,0,1,LTE_DSSS,15360000.0,0.0,5.0,train
1129,282,Combined_LTE_DSSS_frame_94,1,1,LTE_DSSS,15360000.0,0.0,5.0,train
1130,282,Combined_LTE_DSSS_frame_94,2,1,LTE_DSSS,15360000.0,0.0,5.0,train
1131,282,Combined_LTE_DSSS_frame_94,3,1,LTE_DSSS,15360000.0,0.0,5.0,train
1132,283,Combined_LTE_DSSS_frame_95,0,1,LTE_DSSS,15360000.0,0.0,10.0,train
1133,283,Combined_LTE_DSSS_frame_95,1,1,LTE_DSSS,15360000.0,0.0,10.0,train
1134,283,Combined_LTE_DSSS_frame_95,2,1,LTE_DSSS,15360000.0,0.0,10.0,train
1135,283,Combined_LTE_DSSS_frame_95,3,1,LTE_DSSS,15360000.0,0.0,10.0,train
1136,284,Combined_LTE_DSSS_frame_96,0,1,LTE_DSSS,15360000.0,0.0,10.0,train
1137,284,Combined_LTE_DSSS_frame_96,1,1,LTE_DSSS,15360000.0,0.0,10.0,train
1138,284,Combined_LTE_DSSS_frame_96,2,1,LTE_DSSS,15360000.0,0.0,10.0,train
1139,284,Combined_LTE_DSSS_frame_96,3,1,LTE_DSSS,15360000.0,0.0,10.0,train
1140,285,Combined_LTE_DSSS_frame_97,0,1,LTE_DSSS,15360000.0,5.0,0.0,train
1141,285,Combined_LTE_DSSS_frame_97,1,1,LTE_DSSS,15360000.0,5.0,0.0,train
1142,285,Combined_LTE_DSSS_frame_97,2,1,LTE_DSSS,15360000.0,5.0,0.0,train
1143,285,Combined_LTE_DSSS_frame_97,3,1,LTE_DSSS,15360000.0,5.0,0.0,train
1144,286,Combined_LTE_DSSS_frame_98,0,1,LTE_DSSS,15360000.0,5.0,0.0,val
1145,286,Combined_LTE_DSSS_frame_98,1,1,LTE_DSSS,15360000.0,5.0,0.0,val
1146,286,Combined_LTE_DSSS_frame_98,2,1,LTE_DSSS,15360000.0,5.0,0.0,val
1147,286,Combined_LTE_DSSS_frame_98,3,1,LTE_DSSS,15360000.0,5.0,0.0,val
1148,287,Combined_LTE_DSSS_frame_99,0,1,LTE_DSSS,15360000.0,5.0,5.0,train
1149,287,Combined_LTE_DSSS_frame_99,1,1,LTE_DSSS,15360000.0,5.0,5.0,train
1150,287,Combined_LTE_DSSS_frame_99,2,1,LTE_DSSS,15360000.0,5.0,5.0,train
1151,287,Combined_LTE_DSSS_frame_99,3,1,LTE_DSSS,15360000.0,5.0,5.0,train
1152,288,OnlyLTE_frame_1,0,0,LTE,7680000.0,0.0,,train
1153,288,OnlyLTE_frame_1,1,0,LTE,7680000.0,0.0,,train
1154,288,OnlyLTE_frame_1,2,0,LTE,7680000.0,0.0,,train
1155,288,OnlyLTE_frame_1,3,0,LTE,7680000.0,0.0,,train
1156,289,OnlyLTE_frame_10,0,0,LTE,7680000.0,0.0,,train
1157,289,OnlyLTE_frame_10,1,0,LTE,7680000.0,0.0,,train
1158,289,OnlyLTE_frame_10,2,0,LTE,7680000.0,0.0,,train
1159,289,OnlyLTE_frame_10,3,0,LTE,7680000.0,0.0,,train
1160,290,OnlyLTE_frame_100,0,0,LTE,30720000.0,0.0,,train
1161,290,OnlyLTE_frame_100,1,0,LTE,30720000.0,0.0,,train
1162,290,OnlyLTE_frame_100,2,0,LTE,30720000.0,0.0,,train
1163,290,OnlyLTE_frame_100,3,0,LTE,30720000.0,0.0,,train
1164,291,OnlyLTE_frame_101,0,0,LTE,30720000.0,5.0,,train
1165,291,OnlyLTE_frame_101,1,0,LTE,30720000.0,5.0,,train
1166,291,OnlyLTE_frame_101,2,0,LTE,30720000.0,5.0,,train
1167,291,OnlyLTE_frame_101,3,0,LTE,30720000.0,5.0,,train
1168,292,OnlyLTE_frame_102,0,0,LTE,30720000.0,5.0,,train
1169,292,OnlyLTE_frame_102,1,0,LTE,30720000.0,5.0,,train
1170,292,OnlyLTE_frame_102,2,0,LTE,30720000.0,5.0,,train
1171,292,OnlyLTE_frame_102,3,0,LTE,30720000.0,5.0,,train
1172,293,OnlyLTE_frame_103,0,0,LTE,30720000.0,5.0,,test
1173,293,OnlyLTE_frame_103,1,0,LTE,30720000.0,5.0,,test
1174,293,OnlyLTE_frame_103,2,0,LTE,30720000.0,5.0,,test
1175,293,OnlyLTE_frame_103,3,0,LTE,30720000.0,5.0,,test
1176,294,OnlyLTE_frame_104,0,0,LTE,30720000.0,5.0,,val
1177,294,OnlyLTE_frame_104,1,0,LTE,30720000.0,5.0,,val
1178,294,OnlyLTE_frame_104,2,0,LTE,30720000.0,5.0,,val
1179,294,OnlyLTE_frame_104,3,0,LTE,30720000.0,5.0,,val
1180,295,OnlyLTE_frame_105,0,0,LTE,30720000.0,5.0,,train
1181,295,OnlyLTE_frame_105,1,0,LTE,30720000.0,5.0,,train
1182,295,OnlyLTE_frame_105,2,0,LTE,30720000.0,5.0,,train
1183,295,OnlyLTE_frame_105,3,0,LTE,30720000.0,5.0,,train
1184,296,OnlyLTE_frame_106,0,0,LTE,30720000.0,5.0,,train
1185,296,OnlyLTE_frame_106,1,0,LTE,30720000.0,5.0,,train
1186,296,OnlyLTE_frame_106,2,0,LTE,30720000.0,5.0,,train
1187,296,OnlyLTE_frame_106,3,0,LTE,30720000.0,5.0,,train
1188,297,OnlyLTE_frame_107,0,0,LTE,30720000.0,5.0,,test
1189,297,OnlyLTE_frame_107,1,0,LTE,30720000.0,5.0,,test
1190,297,OnlyLTE_frame_107,2,0,LTE,30720000.0,5.0,,test
1191,297,OnlyLTE_frame_107,3,0,LTE,30720000.0,5.0,,test
1192,298,OnlyLTE_frame_108,0,0,LTE,30720000.0,5.0,,val
1193,298,OnlyLTE_frame_108,1,0,LTE,30720000.0,5.0,,val
1194,298,OnlyLTE_frame_108,2,0,LTE,30720000.0,5.0,,val
1195,298,OnlyLTE_frame_108,3,0,LTE,30720000.0,5.0,,val
1196,299,OnlyLTE_frame_109,0,0,LTE,30720000.0,5.0,,train
1197,299,OnlyLTE_frame_109,1,0,LTE,30720000.0,5.0,,train
1198,299,OnlyLTE_frame_109,2,0,LTE,30720000.0,5.0,,train
1199,299,OnlyLTE_frame_109,3,0,LTE,30720000.0,5.0,,train
1200,300,OnlyLTE_frame_11,0,0,LTE,7680000.0,5.0,,train
1201,300,OnlyLTE_frame_11,1,0,LTE,7680000.0,5.0,,train
1202,300,OnlyLTE_frame_11,2,0,LTE,7680000.0,5.0,,train
1203,300,OnlyLTE_frame_11,3,0,LTE,7680000.0,5.0,,train
1204,301,OnlyLTE_frame_110,0,0,LTE,30720000.0,5.0,,train
1205,301,OnlyLTE_frame_110,1,0,LTE,30720000.0,5.0,,train
1206,301,OnlyLTE_frame_110,2,0,LTE,30720000.0,5.0,,train
1207,301,OnlyLTE_frame_110,3,0,LTE,30720000.0,5.0,,train
1208,302,OnlyLTE_frame_111,0,0,LTE,30720000.0,10.0,,train
1209,302,OnlyLTE_frame_111,1,0,LTE,30720000.0,10.0,,train
1210,302,OnlyLTE_frame_111,2,0,LTE,30720000.0,10.0,,train
1211,302,OnlyLTE_frame_111,3,0,LTE,30720000.0,10.0,,train
1212,303,OnlyLTE_frame_112,0,0,LTE,30720000.0,10.0,,val
1213,303,OnlyLTE_frame_112,1,0,LTE,30720000.0,10.0,,val
1214,303,OnlyLTE_frame_112,2,0,LTE,30720000.0,10.0,,val
1215,303,OnlyLTE_frame_112,3,0,LTE,30720000.0,10.0,,val
1216,304,OnlyLTE_frame_113,0,0,LTE,30720000.0,10.0,,val
1217,304,OnlyLTE_frame_113,1,0,LTE,30720000.0,10.0,,val
1218,304,OnlyLTE_frame_113,2,0,LTE,30720000.0,10.0,,val
1219,304,OnlyLTE_frame_113,3,0,LTE,30720000.0,10.0,,val
1220,305,OnlyLTE_frame_114,0,0,LTE,30720000.0,10.0,,train
1221,305,OnlyLTE_frame_114,1,0,LTE,30720000.0,10.0,,train
1222,305,OnlyLTE_frame_114,2,0,LTE,30720000.0,10.0,,train
1223,305,OnlyLTE_frame_114,3,0,LTE,30720000.0,10.0,,train
1224,306,OnlyLTE_frame_115,0,0,LTE,30720000.0,10.0,,val
1225,306,OnlyLTE_frame_115,1,0,LTE,30720000.0,10.0,,val
1226,306,OnlyLTE_frame_115,2,0,LTE,30720000.0,10.0,,val
1227,306,OnlyLTE_frame_115,3,0,LTE,30720000.0,10.0,,val
1228,307,OnlyLTE_frame_116,0,0,LTE,30720000.0,10.0,,test
1229,307,OnlyLTE_frame_116,1,0,LTE,30720000.0,10.0,,test
1230,307,OnlyLTE_frame_116,2,0,LTE,30720000.0,10.0,,test
1231,307,OnlyLTE_frame_116,3,0,LTE,30720000.0,10.0,,test
1232,308,OnlyLTE_frame_117,0,0,LTE,30720000.0,10.0,,train
1233,308,OnlyLTE_frame_117,1,0,LTE,30720000.0,10.0,,train
1234,308,OnlyLTE_frame_117,2,0,LTE,30720000.0,10.0,,train
1235,308,OnlyLTE_frame_117,3,0,LTE,30720000.0,10.0,,train
1236,309,OnlyLTE_frame_118,0,0,LTE,30720000.0,10.0,,train
1237,309,OnlyLTE_frame_118,1,0,LTE,30720000.0,10.0,,train
1238,309,OnlyLTE_frame_118,2,0,LTE,30720000.0,10.0,,train
1239,309,OnlyLTE_frame_118,3,0,LTE,30720000.0,10.0,,train
1240,310,OnlyLTE_frame_119,0,0,LTE,30720000.0,10.0,,test
1241,310,OnlyLTE_frame_119,1,0,LTE,30720000.0,10.0,,test
1242,310,OnlyLTE_frame_119,2,0,LTE,30720000.0,10.0,,test
1243,310,OnlyLTE_frame_119,3,0,LTE,30720000.0,10.0,,test
1244,311,OnlyLTE_frame_12,0,0,LTE,7680000.0,5.0,,train
1245,311,OnlyLTE_frame_12,1,0,LTE,7680000.0,5.0,,train
1246,311,OnlyLTE_frame_12,2,0,LTE,7680000.0,5.0,,train
1247,311,OnlyLTE_frame_12,3,0,LTE,7680000.0,5.0,,train
1248,312,OnlyLTE_frame_120,0,0,LTE,30720000.0,10.0,,val
1249,312,OnlyLTE_frame_120,1,0,LTE,30720000.0,10.0,,val
1250,312,OnlyLTE_frame_120,2,0,LTE,30720000.0,10.0,,val
1251,312,OnlyLTE_frame_120,3,0,LTE,30720000.0,10.0,,val
1252,313,OnlyLTE_frame_13,0,0,LTE,7680000.0,5.0,,train
1253,313,OnlyLTE_frame_13,1,0,LTE,7680000.0,5.0,,train
1254,313,OnlyLTE_frame_13,2,0,LTE,7680000.0,5.0,,train
1255,313,OnlyLTE_frame_13,3,0,LTE,7680000.0,5.0,,train
1256,314,OnlyLTE_frame_14,0,0,LTE,7680000.0,5.0,,test
1257,314,OnlyLTE_frame_14,1,0,LTE,7680000.0,5.0,,test
1258,314,OnlyLTE_frame_14,2,0,LTE,7680000.0,5.0,,test
1259,314,OnlyLTE_frame_14,3,0,LTE,7680000.0,5.0,,test
1260,315,OnlyLTE_frame_15,0,0,LTE,7680000.0,5.0,,val
1261,315,OnlyLTE_frame_15,1,0,LTE,7680000.0,5.0,,val
1262,315,OnlyLTE_frame_15,2,0,LTE,7680000.0,5.0,,val
1263,315,OnlyLTE_frame_15,3,0,LTE,7680000.0,5.0,,val
1264,316,OnlyLTE_frame_16,0,0,LTE,7680000.0,5.0,,test
1265,316,OnlyLTE_frame_16,1,0,LTE,7680000.0,5.0,,test
1266,316,OnlyLTE_frame_16,2,0,LTE,7680000.0,5.0,,test
1267,316,OnlyLTE_frame_16,3,0,LTE,7680000.0,5.0,,test
1268,317,OnlyLTE_frame_17,0,0,LTE,7680000.0,5.0,,train
1269,317,OnlyLTE_frame_17,1,0,LTE,7680000.0,5.0,,train
1270,317,OnlyLTE_frame_17,2,0,LTE,7680000.0,5.0,,train
1271,317,OnlyLTE_frame_17,3,0,LTE,7680000.0,5.0,,train
1272,318,OnlyLTE_frame_18,0,0,LTE,7680000.0,5.0,,train
1273,318,OnlyLTE_frame_18,1,0,LTE,7680000.0,5.0,,train
1274,318,OnlyLTE_frame_18,2,0,LTE,7680000.0,5.0,,train
1275,318,OnlyLTE_frame_18,3,0,LTE,7680000.0,5.0,,train
1276,319,OnlyLTE_frame_19,0,0,LTE,7680000.0,5.0,,train
1277,319,OnlyLTE_frame_19,1,0,LTE,7680000.0,5.0,,train
1278,319,OnlyLTE_frame_19,2,0,LTE,7680000.0,5.0,,train
1279,319,OnlyLTE_frame_19,3,0,LTE,7680000.0,5.0,,train
1280,320,OnlyLTE_frame_2,0,0,LTE,7680000.0,0.0,,test
1281,320,OnlyLTE_frame_2,1,0,LTE,7680000.0,0.0,,test
1282,320,OnlyLTE_frame_2,2,0,LTE,7680000.0,0.0,,test
1283,320,OnlyLTE_frame_2,3,0,LTE,7680000.0,0.0,,test
1284,321,OnlyLTE_frame_20,0,0,LTE,7680000.0,5.0,,train
1285,321,OnlyLTE_frame_20,1,0,LTE,7680000.0,5.0,,train
1286,321,OnlyLTE_frame_20,2,0,LTE,7680000.0,5.0,,train
1287,321,OnlyLTE_frame_20,3,0,LTE,7680000.0,5.0,,train
1288,322,OnlyLTE_frame_21,0,0,LTE,7680000.0,10.0,,train
1289,322,OnlyLTE_frame_21,1,0,LTE,7680000.0,10.0,,train
1290,322,OnlyLTE_frame_21,2,0,LTE,7680000.0,10.0,,train
1291,322,OnlyLTE_frame_21,3,0,LTE,7680000.0,10.0,,train
1292,323,OnlyLTE_frame_22,0,0,LTE,7680000.0,10.0,,train
1293,323,OnlyLTE_frame_22,1,0,LTE,7680000.0,10.0,,train
1294,323,OnlyLTE_frame_22,2,0,LTE,7680000.0,10.0,,train
1295,323,OnlyLTE_frame_22,3,0,LTE,7680000.0,10.0,,train
1296,324,OnlyLTE_frame_23,0,0,LTE,7680000.0,10.0,,train
1297,324,OnlyLTE_frame_23,1,0,LTE,7680000.0,10.0,,train
1298,324,OnlyLTE_frame_23,2,0,LTE,7680000.0,10.0,,train
1299,324,OnlyLTE_frame_23,3,0,LTE,7680000.0,10.0,,train
1300,325,OnlyLTE_frame_24,0,0,LTE,7680000.0,10.0,,train
1301,325,OnlyLTE_frame_24,1,0,LTE,7680000.0,10.0,,train
1302,325,OnlyLTE_frame_24,2,0,LTE,7680000.0,10.0,,train
1303,325,OnlyLTE_frame_24,3,0,LTE,7680000.0,10.0,,train
1304,326,OnlyLTE_frame_25,0,0,LTE,7680000.0,10.0,,test
1305,326,OnlyLTE_frame_25,1,0,LTE,7680000.0,10.0,,test
1306,326,OnlyLTE_frame_25,2,0,LTE,7680000.0,10.0,,test
1307,326,OnlyLTE_frame_25,3,0,LTE,7680000.0,10.0,,test
1308,327,OnlyLTE_frame_26,0,0,LTE,7680000.0,10.0,,train
1309,327,OnlyLTE_frame_26,1,0,LTE,7680000.0,10.0,,train
1310,327,OnlyLTE_frame_26,2,0,LTE,7680000.0,10.0,,train
1311,327,OnlyLTE_frame_26,3,0,LTE,7680000.0,10.0,,train
1312,328,OnlyLTE_frame_27,0,0,LTE,7680000.0,10.0,,train
1313,328,OnlyLTE_frame_27,1,0,LTE,7680000.0,10.0,,train
1314,328,OnlyLTE_frame_27,2,0,LTE,7680000.0,10.0,,train
1315,328,OnlyLTE_frame_27,3,0,LTE,7680000.0,10.0,,train
1316,329,OnlyLTE_frame_28,0,0,LTE,7680000.0,10.0,,train
1317,329,OnlyLTE_frame_28,1,0,LTE,7680000.0,10.0,,train
1318,329,OnlyLTE_frame_28,2,0,LTE,7680000.0,10.0,,train
1319,329,OnlyLTE_frame_28,3,0,LTE,7680000.0,10.0,,train
1320,330,OnlyLTE_frame_29,0,0,LTE,7680000.0,10.0,,train
1321,330,OnlyLTE_frame_29,1,0,LTE,7680000.0,10.0,,train
1322,330,OnlyLTE_frame_29,2,0,LTE,7680000.0,10.0,,train
1323,330,OnlyLTE_frame_29,3,0,LTE,7680000.0,10.0,,train
1324,331,OnlyLTE_frame_3,0,0,LTE,7680000.0,0.0,,train
1325,331,OnlyLTE_frame_3,1,0,LTE,7680000.0,0.0,,train
1326,331,OnlyLTE_frame_3,2,0,LTE,7680000.0,0.0,,train
1327,331,OnlyLTE_frame_3,3,0,LTE,7680000.0,0.0,,train
1328,332,OnlyLTE_frame_30,0,0,LTE,7680000.0,10.0,,train
1329,332,OnlyLTE_frame_30,1,0,LTE,7680000.0,10.0,,train
1330,332,OnlyLTE_frame_30,2,0,LTE,7680000.0,10.0,,train
1331,332,OnlyLTE_frame_30,3,0,LTE,7680000.0,10.0,,train
1332,333,OnlyLTE_frame_31,0,0,LTE,15360000.0,0.0,,test
1333,333,OnlyLTE_frame_31,1,0,LTE,15360000.0,0.0,,test
1334,333,OnlyLTE_frame_31,2,0,LTE,15360000.0,0.0,,test
1335,333,OnlyLTE_frame_31,3,0,LTE,15360000.0,0.0,,test
1336,334,OnlyLTE_frame_32,0,0,LTE,15360000.0,0.0,,train
1337,334,OnlyLTE_frame_32,1,0,LTE,15360000.0,0.0,,train
1338,334,OnlyLTE_frame_32,2,0,LTE,15360000.0,0.0,,train
1339,334,OnlyLTE_frame_32,3,0,LTE,15360000.0,0.0,,train
1340,335,OnlyLTE_frame_33,0,0,LTE,15360000.0,0.0,,train
1341,335,OnlyLTE_frame_33,1,0,LTE,15360000.0,0.0,,train
1342,335,OnlyLTE_frame_33,2,0,LTE,15360000.0,0.0,,train
1343,335,OnlyLTE_frame_33,3,0,LTE,15360000.0,0.0,,train
1344,336,OnlyLTE_frame_34,0,0,LTE,15360000.0,0.0,,val
1345,336,OnlyLTE_frame_34,1,0,LTE,15360000.0,0.0,,val
1346,336,OnlyLTE_frame_34,2,0,LTE,15360000.0,0.0,,val
1347,336,OnlyLTE_frame_34,3,0,LTE,15360000.0,0.0,,val
1348,337,OnlyLTE_frame_35,0,0,LTE,15360000.0,0.0,,train
1349,337,OnlyLTE_frame_35,1,0,LTE,15360000.0,0.0,,train
1350,337,OnlyLTE_frame_35,2,0,LTE,15360000.0,0.0,,train
1351,337,OnlyLTE_frame_35,3,0,LTE,15360000.0,0.0,,train
1352,338,OnlyLTE_frame_36,0,0,LTE,15360000.0,0.0,,train
1353,338,OnlyLTE_frame_36,1,0,LTE,15360000.0,0.0,,train
1354,338,OnlyLTE_frame_36,2,0,LTE,15360000.0,0.0,,train
1355,338,OnlyLTE_frame_36,3,0,LTE,15360000.0,0.0,,train
1356,339,OnlyLTE_frame_37,0,0,LTE,15360000.0,0.0,,train
1357,339,OnlyLTE_frame_37,1,0,LTE,15360000.0,0.0,,train
1358,339,OnlyLTE_frame_37,2,0,LTE,15360000.0,0.0,,train
1359,339,OnlyLTE_frame_37,3,0,LTE,15360000.0,0.0,,train
1360,340,OnlyLTE_frame_38,0,0,LTE,15360000.0,0.0,,train
1361,340,OnlyLTE_frame_38,1,0,LTE,15360000.0,0.0,,train
1362,340,OnlyLTE_frame_38,2,0,LTE,15360000.0,0.0,,train
1363,340,OnlyLTE_frame_38,3,0,LTE,15360000.0,0.0,,train
1364,341,OnlyLTE_frame_39,0,0,LTE,15360000.0,0.0,,train
1365,341,OnlyLTE_frame_39,1,0,LTE,15360000.0,0.0,,train
1366,341,OnlyLTE_frame_39,2,0,LTE,15360000.0,0.0,,train
1367,341,OnlyLTE_frame_39,3,0,LTE,15360000.0,0.0,,train
1368,342,OnlyLTE_frame_4,0,0,LTE,7680000.0,0.0,,test
1369,342,OnlyLTE_frame_4,1,0,LTE,7680000.0,0.0,,test
1370,342,OnlyLTE_frame_4,2,0,LTE,7680000.0,0.0,,test
1371,342,OnlyLTE_frame_4,3,0,LTE,7680000.0,0.0,,test
1372,343,OnlyLTE_frame_40,0,0,LTE,15360000.0,0.0,,train
1373,343,OnlyLTE_frame_40,1,0,LTE,15360000.0,0.0,,train
1374,343,OnlyLTE_frame_40,2,0,LTE,15360000.0,0.0,,train
1375,343,OnlyLTE_frame_40,3,0,LTE,15360000.0,0.0,,train
1376,344,OnlyLTE_frame_41,0,0,LTE,15360000.0,5.0,,val
1377,344,OnlyLTE_frame_41,1,0,LTE,15360000.0,5.0,,val
1378,344,OnlyLTE_frame_41,2,0,LTE,15360000.0,5.0,,val
1379,344,OnlyLTE_frame_41,3,0,LTE,15360000.0,5.0,,val
1380,345,OnlyLTE_frame_42,0,0,LTE,15360000.0,5.0,,train
1381,345,OnlyLTE_frame_42,1,0,LTE,15360000.0,5.0,,train
1382,345,OnlyLTE_frame_42,2,0,LTE,15360000.0,5.0,,train
1383,345,OnlyLTE_frame_42,3,0,LTE,15360000.0,5.0,,train
1384,346,OnlyLTE_frame_43,0,0,LTE,15360000.0,5.0,,train
1385,346,OnlyLTE_frame_43,1,0,LTE,15360000.0,5.0,,train
1386,346,OnlyLTE_frame_43,2,0,LTE,15360000.0,5.0,,train
1387,346,OnlyLTE_frame_43,3,0,LTE,15360000.0,5.0,,train
1388,347,OnlyLTE_frame_44,0,0,LTE,15360000.0,5.0,,train
1389,347,OnlyLTE_frame_44,1,0,LTE,15360000.0,5.0,,train
1390,347,OnlyLTE_frame_44,2,0,LTE,15360000.0,5.0,,train
1391,347,OnlyLTE_frame_44,3,0,LTE,15360000.0,5.0,,train
1392,348,OnlyLTE_frame_45,0,0,LTE,15360000.0,5.0,,train
1393,348,OnlyLTE_frame_45,1,0,LTE,15360000.0,5.0,,train
1394,348,OnlyLTE_frame_45,2,0,LTE,15360000.0,5.0,,train
1395,348,OnlyLTE_frame_45,3,0,LTE,15360000.0,5.0,,train
1396,349,OnlyLTE_frame_46,0,0,LTE,15360000.0,5.0,,train
1397,349,OnlyLTE_frame_46,1,0,LTE,15360000.0,5.0,,train
1398,349,OnlyLTE_frame_46,2,0,LTE,15360000.0,5.0,,train
1399,349,OnlyLTE_frame_46,3,0,LTE,15360000.0,5.0,,train
1400,350,OnlyLTE_frame_47,0,0,LTE,15360000.0,5.0,,train
1401,350,OnlyLTE_frame_47,1,0,LTE,15360000.0,5.0,,train
1402,350,OnlyLTE_frame_47,2,0,LTE,15360000.0,5.0,,train
1403,350,OnlyLTE_frame_47,3,0,LTE,15360000.0,5.0,,train
1404,351,OnlyLTE_frame_48,0,0,LTE,15360000.0,5.0,,val
1405,351,OnlyLTE_frame_48,1,0,LTE,15360000.0,5.0,,val
1406,351,OnlyLTE_frame_48,2,0,LTE,15360000.0,5.0,,val
1407,351,OnlyLTE_frame_48,3,0,LTE,15360000.0,5.0,,val
1408,352,OnlyLTE_frame_49,0,0,LTE,15360000.0,5.0,,train
1409,352,OnlyLTE_frame_49,1,0,LTE,15360000.0,5.0,,train
1410,352,OnlyLTE_frame_49,2,0,LTE,15360000.0,5.0,,train
1411,352,OnlyLTE_frame_49,3,0,LTE,15360000.0,5.0,,train
1412,353,OnlyLTE_frame_5,0,0,LTE,7680000.0,0.0,,train
1413,353,OnlyLTE_frame_5,1,0,LTE,7680000.0,0.0,,train
1414,353,OnlyLTE_frame_5,2,0,LTE,7680000.0,0.0,,train
1415,353,OnlyLTE_frame_5,3,0,LTE,7680000.0,0.0,,train
1416,354,OnlyLTE_frame_50,0,0,LTE,15360000.0,5.0,,train
1417,354,OnlyLTE_frame_50,1,0,LTE,15360000.0,5.0,,train
1418,354,OnlyLTE_frame_50,2,0,LTE,15360000.0,5.0,,train
1419,354,OnlyLTE_frame_50,3,0,LTE,15360000.0,5.0,,train
1420,355,OnlyLTE_frame_51,0,0,LTE,15360000.0,10.0,,train
1421,355,OnlyLTE_frame_51,1,0,LTE,15360000.0,10.0,,train
1422,355,OnlyLTE_frame_51,2,0,LTE,15360000.0,10.0,,train
1423,355,OnlyLTE_frame_51,3,0,LTE,15360000.0,10.0,,train
1424,356,OnlyLTE_frame_52,0,0,LTE,15360000.0,10.0,,test
1425,356,OnlyLTE_frame_52,1,0,LTE,15360000.0,10.0,,test
1426,356,OnlyLTE_frame_52,2,0,LTE,15360000.0,10.0,,test
1427,356,OnlyLTE_frame_52,3,0,LTE,15360000.0,10.0,,test
1428,357,OnlyLTE_frame_53,0,0,LTE,15360000.0,10.0,,test
1429,357,OnlyLTE_frame_53,1,0,LTE,15360000.0,10.0,,test
1430,357,OnlyLTE_frame_53,2,0,LTE,15360000.0,10.0,,test
1431,357,OnlyLTE_frame_53,3,0,LTE,15360000.0,10.0,,test
1432,358,OnlyLTE_frame_54,0,0,LTE,15360000.0,10.0,,train
1433,358,OnlyLTE_frame_54,1,0,LTE,15360000.0,10.0,,train
1434,358,OnlyLTE_frame_54,2,0,LTE,15360000.0,10.0,,train
1435,358,OnlyLTE_frame_54,3,0,LTE,15360000.0,10.0,,train
1436,359,OnlyLTE_frame_55,0,0,LTE,15360000.0,10.0,,val
1437,359,OnlyLTE_frame_55,1,0,LTE,15360000.0,10.0,,val
1438,359,OnlyLTE_frame_55,2,0,LTE,15360000.0,10.0,,val
1439,359,OnlyLTE_frame_55,3,0,LTE,15360000.0,10.0,,val
1440,360,OnlyLTE_frame_56,0,0,LTE,15360000.0,10.0,,train
1441,360,OnlyLTE_frame_56,1,0,LTE,15360000.0,10.0,,train
1442,360,OnlyLTE_frame_56,2,0,LTE,15360000.0,10.0,,train
1443,360,OnlyLTE_frame_56,3,0,LTE,15360000.0,10.0,,train
1444,361,OnlyLTE_frame_57,0,0,LTE,15360000.0,10.0,,train
1445,361,OnlyLTE_frame_57,1,0,LTE,15360000.0,10.0,,train
1446,361,OnlyLTE_frame_57,2,0,LTE,15360000.0,10.0,,train
1447,361,OnlyLTE_frame_57,3,0,LTE,15360000.0,10.0,,train
1448,362,OnlyLTE_frame_58,0,0,LTE,15360000.0,10.0,,train
1449,362,OnlyLTE_frame_58,1,0,LTE,15360000.0,10.0,,train
1450,362,OnlyLTE_frame_58,2,0,LTE,15360000.0,10.0,,train
1451,362,OnlyLTE_frame_58,3,0,LTE,15360000.0,10.0,,train
1452,363,OnlyLTE_frame_59,0,0,LTE,15360000.0,10.0,,train
1453,363,OnlyLTE_frame_59,1,0,LTE,15360000.0,10.0,,train
1454,363,OnlyLTE_frame_59,2,0,LTE,15360000.0,10.0,,train
1455,363,OnlyLTE_frame_59,3,0,LTE,15360000.0,10.0,,train
1456,364,OnlyLTE_frame_6,0,0,LTE,7680000.0,0.0,,train
1457,364,OnlyLTE_frame_6,1,0,LTE,7680000.0,0.0,,train
1458,364,OnlyLTE_frame_6,2,0,LTE,7680000.0,0.0,,train
1459,364,OnlyLTE_frame_6,3,0,LTE,7680000.0,0.0,,train
1460,365,OnlyLTE_frame_60,0,0,LTE,15360000.0,10.0,,train
1461,365,OnlyLTE_frame_60,1,0,LTE,15360000.0,10.0,,train
1462,365,OnlyLTE_frame_60,2,0,LTE,15360000.0,10.0,,train
1463,365,OnlyLTE_frame_60,3,0,LTE,15360000.0,10.0,,train
1464,366,OnlyLTE_frame_61,0,0,LTE,30720000.0,0.0,,train
1465,366,OnlyLTE_frame_61,1,0,LTE,30720000.0,0.0,,train
1466,366,OnlyLTE_frame_61,2,0,LTE,30720000.0,0.0,,train
1467,366,OnlyLTE_frame_61,3,0,LTE,30720000.0,0.0,,train
1468,367,OnlyLTE_frame_62,0,0,LTE,30720000.0,0.0,,train
1469,367,OnlyLTE_frame_62,1,0,LTE,30720000.0,0.0,,train
1470,367,OnlyLTE_frame_62,2,0,LTE,30720000.0,0.0,,train
1471,367,OnlyLTE_frame_62,3,0,LTE,30720000.0,0.0,,train
1472,368,OnlyLTE_frame_63,0,0,LTE,30720000.0,0.0,,train
1473,368,OnlyLTE_frame_63,1,0,LTE,30720000.0,0.0,,train
1474,368,OnlyLTE_frame_63,2,0,LTE,30720000.0,0.0,,train
1475,368,OnlyLTE_frame_63,3,0,LTE,30720000.0,0.0,,train
1476,369,OnlyLTE_frame_64,0,0,LTE,30720000.0,0.0,,train
1477,369,OnlyLTE_frame_64,1,0,LTE,30720000.0,0.0,,train
1478,369,OnlyLTE_frame_64,2,0,LTE,30720000.0,0.0,,train
1479,369,OnlyLTE_frame_64,3,0,LTE,30720000.0,0.0,,train
1480,370,OnlyLTE_frame_65,0,0,LTE,30720000.0,0.0,,test
1481,370,OnlyLTE_frame_65,1,0,LTE,30720000.0,0.0,,test
1482,370,OnlyLTE_frame_65,2,0,LTE,30720000.0,0.0,,test
1483,370,OnlyLTE_frame_65,3,0,LTE,30720000.0,0.0,,test
1484,371,OnlyLTE_frame_66,0,0,LTE,30720000.0,0.0,,train
1485,371,OnlyLTE_frame_66,1,0,LTE,30720000.0,0.0,,train
1486,371,OnlyLTE_frame_66,2,0,LTE,30720000.0,0.0,,train
1487,371,OnlyLTE_frame_66,3,0,LTE,30720000.0,0.0,,train
1488,372,OnlyLTE_frame_67,0,0,LTE,30720000.0,0.0,,train
1489,372,OnlyLTE_frame_67,1,0,LTE,30720000.0,0.0,,train
1490,372,OnlyLTE_frame_67,2,0,LTE,30720000.0,0.0,,train
1491,372,OnlyLTE_frame_67,3,0,LTE,30720000.0,0.0,,train
1492,373,OnlyLTE_frame_68,0,0,LTE,30720000.0,0.0,,val
1493,373,OnlyLTE_frame_68,1,0,LTE,30720000.0,0.0,,val
1494,373,OnlyLTE_frame_68,2,0,LTE,30720000.0,0.0,,val
1495,373,OnlyLTE_frame_68,3,0,LTE,30720000.0,0.0,,val
1496,374,OnlyLTE_frame_69,0,0,LTE,30720000.0,0.0,,val
1497,374,OnlyLTE_frame_69,1,0,LTE,30720000.0,0.0,,val
1498,374,OnlyLTE_frame_69,2,0,LTE,30720000.0,0.0,,val
1499,374,OnlyLTE_frame_69,3,0,LTE,30720000.0,0.0,,val
1500,375,OnlyLTE_frame_7,0,0,LTE,7680000.0,0.0,,test
1501,375,OnlyLTE_frame_7,1,0,LTE,7680000.0,0.0,,test
1502,375,OnlyLTE_frame_7,2,0,LTE,7680000.0,0.0,,test
1503,375,OnlyLTE_frame_7,3,0,LTE,7680000.0,0.0,,test
1504,376,OnlyLTE_frame_70,0,0,LTE,30720000.0,0.0,,val
1505,376,OnlyLTE_frame_70,1,0,LTE,30720000.0,0.0,,val
1506,376,OnlyLTE_frame_70,2,0,LTE,30720000.0,0.0,,val
1507,376,OnlyLTE_frame_70,3,0,LTE,30720000.0,0.0,,val
1508,377,OnlyLTE_frame_71,0,0,LTE,30720000.0,5.0,,train
1509,377,OnlyLTE_frame_71,1,0,LTE,30720000.0,5.0,,train
1510,377,OnlyLTE_frame_71,2,0,LTE,30720000.0,5.0,,train
1511,377,OnlyLTE_frame_71,3,0,LTE,30720000.0,5.0,,train
1512,378,OnlyLTE_frame_72,0,0,LTE,30720000.0,5.0,,train
1513,378,OnlyLTE_frame_72,1,0,LTE,30720000.0,5.0,,train
1514,378,OnlyLTE_frame_72,2,0,LTE,30720000.0,5.0,,train
1515,378,OnlyLTE_frame_72,3,0,LTE,30720000.0,5.0,,train
1516,379,OnlyLTE_frame_73,0,0,LTE,30720000.0,5.0,,train
1517,379,OnlyLTE_frame_73,1,0,LTE,30720000.0,5.0,,train
1518,379,OnlyLTE_frame_73,2,0,LTE,30720000.0,5.0,,train
1519,379,OnlyLTE_frame_73,3,0,LTE,30720000.0,5.0,,train
1520,380,OnlyLTE_frame_74,0,0,LTE,30720000.0,5.0,,val
1521,380,OnlyLTE_frame_74,1,0,LTE,30720000.0,5.0,,val
1522,380,OnlyLTE_frame_74,2,0,LTE,30720000.0,5.0,,val
1523,380,OnlyLTE_frame_74,3,0,LTE,30720000.0,5.0,,val
1524,381,OnlyLTE_frame_75,0,0,LTE,30720000.0,5.0,,train
1525,381,OnlyLTE_frame_75,1,0,LTE,30720000.0,5.0,,train
1526,381,OnlyLTE_frame_75,2,0,LTE,30720000.0,5.0,,train
1527,381,OnlyLTE_frame_75,3,0,LTE,30720000.0,5.0,,train
1528,382,OnlyLTE_frame_76,0,0,LTE,30720000.0,5.0,,train
1529,382,OnlyLTE_frame_76,1,0,LTE,30720000.0,5.0,,train
1530,382,OnlyLTE_frame_76,2,0,LTE,30720000.0,5.0,,train
1531,382,OnlyLTE_frame_76,3,0,LTE,30720000.0,5.0,,train
1532,383,OnlyLTE_frame_77,0,0,LTE,30720000.0,5.0,,train
1533,383,OnlyLTE_frame_77,1,0,LTE,30720000.0,5.0,,train
1534,383,OnlyLTE_frame_77,2,0,LTE,30720000.0,5.0,,train
1535,383,OnlyLTE_frame_77,3,0,LTE,30720000.0,5.0,,train
1536,384,OnlyLTE_frame_78,0,0,LTE,30720000.0,5.0,,train
1537,384,OnlyLTE_frame_78,1,0,LTE,30720000.0,5.0,,train
1538,384,OnlyLTE_frame_78,2,0,LTE,30720000.0,5.0,,train
1539,384,OnlyLTE_frame_78,3,0,LTE,30720000.0,5.0,,train
1540,385,OnlyLTE_frame_79,0,0,LTE,30720000.0,5.0,,train
1541,385,OnlyLTE_frame_79,1,0,LTE,30720000.0,5.0,,train
1542,385,OnlyLTE_frame_79,2,0,LTE,30720000.0,5.0,,train
1543,385,OnlyLTE_frame_79,3,0,LTE,30720000.0,5.0,,train
1544,386,OnlyLTE_frame_8,0,0,LTE,7680000.0,0.0,,train
1545,386,OnlyLTE_frame_8,1,0,LTE,7680000.0,0.0,,train
1546,386,OnlyLTE_frame_8,2,0,LTE,7680000.0,0.0,,train
1547,386,OnlyLTE_frame_8,3,0,LTE,7680000.0,0.0,,train
1548,387,OnlyLTE_frame_80,0,0,LTE,30720000.0,5.0,,val
1549,387,OnlyLTE_frame_80,1,0,LTE,30720000.0,5.0,,val
1550,387,OnlyLTE_frame_80,2,0,LTE,30720000.0,5.0,,val
1551,387,OnlyLTE_frame_80,3,0,LTE,30720000.0,5.0,,val
1552,388,OnlyLTE_frame_81,0,0,LTE,30720000.0,10.0,,train
1553,388,OnlyLTE_frame_81,1,0,LTE,30720000.0,10.0,,train
1554,388,OnlyLTE_frame_81,2,0,LTE,30720000.0,10.0,,train
1555,388,OnlyLTE_frame_81,3,0,LTE,30720000.0,10.0,,train
1556,389,OnlyLTE_frame_82,0,0,LTE,30720000.0,10.0,,train
1557,389,OnlyLTE_frame_82,1,0,LTE,30720000.0,10.0,,train
1558,389,OnlyLTE_frame_82,2,0,LTE,30720000.0,10.0,,train
1559,389,OnlyLTE_frame_82,3,0,LTE,30720000.0,10.0,,train
1560,390,OnlyLTE_frame_83,0,0,LTE,30720000.0,10.0,,train
1561,390,OnlyLTE_frame_83,1,0,LTE,30720000.0,10.0,,train
1562,390,OnlyLTE_frame_83,2,0,LTE,30720000.0,10.0,,train
1563,390,OnlyLTE_frame_83,3,0,LTE,30720000.0,10.0,,train
1564,391,OnlyLTE_frame_84,0,0,LTE,30720000.0,10.0,,train
1565,391,OnlyLTE_frame_84,1,0,LTE,30720000.0,10.0,,train
1566,391,OnlyLTE_frame_84,2,0,LTE,30720000.0,10.0,,train
1567,391,OnlyLTE_frame_84,3,0,LTE,30720000.0,10.0,,train
1568,392,OnlyLTE_frame_85,0,0,LTE,30720000.0,10.0,,train
1569,392,OnlyLTE_frame_85,1,0,LTE,30720000.0,10.0,,train
1570,392,OnlyLTE_frame_85,2,0,LTE,30720000.0,10.0,,train
1571,392,OnlyLTE_frame_85,3,0,LTE,30720000.0,10.0,,train
1572,393,OnlyLTE_frame_86,0,0,LTE,30720000.0,10.0,,train
1573,393,OnlyLTE_frame_86,1,0,LTE,30720000.0,10.0,,train
1574,393,OnlyLTE_frame_86,2,0,LTE,30720000.0,10.0,,train
1575,393,OnlyLTE_frame_86,3,0,LTE,30720000.0,10.0,,train
1576,394,OnlyLTE_frame_87,0,0,LTE,30720000.0,10.0,,val
1577,394,OnlyLTE_frame_87,1,0,LTE,30720000.0,10.0,,val
1578,394,OnlyLTE_frame_87,2,0,LTE,30720000.0,10.0,,val
1579,394,OnlyLTE_frame_87,3,0,LTE,30720000.0,10.0,,val
1580,395,OnlyLTE_frame_88,0,0,LTE,30720000.0,10.0,,train
1581,395,OnlyLTE_frame_88,1,0,LTE,30720000.0,10.0,,train
1582,395,OnlyLTE_frame_88,2,0,LTE,30720000.0,10.0,,train
1583,395,OnlyLTE_frame_88,3,0,LTE,30720000.0,10.0,,train
1584,396,OnlyLTE_frame_89,0,0,LTE,30720000.0,10.0,,train
1585,396,OnlyLTE_frame_89,1,0,LTE,30720000.0,10.0,,train
1586,396,OnlyLTE_frame_89,2,0,LTE,30720000.0,10.0,,train
1587,396,OnlyLTE_frame_89,3,0,LTE,30720000.0,10.0,,train
1588,397,OnlyLTE_frame_9,0,0,LTE,7680000.0,0.0,,val
1589,397,OnlyLTE_frame_9,1,0,LTE,7680000.0,0.0,,val
1590,397,OnlyLTE_frame_9,2,0,LTE,7680000.0,0.0,,val
1591,397,OnlyLTE_frame_9,3,0,LTE,7680000.0,0.0,,val
1592,398,OnlyLTE_frame_90,0,0,LTE,30720000.0,10.0,,train
1593,398,OnlyLTE_frame_90,1,0,LTE,30720000.0,10.0,,train
1594,398,OnlyLTE_frame_90,2,0,LTE,30720000.0,10.0,,train
1595,398,OnlyLTE_frame_90,3,0,LTE,30720000.0,10.0,,train
1596,399,OnlyLTE_frame_91,0,0,LTE,30720000.0,0.0,,test
1597,399,OnlyLTE_frame_91,1,0,LTE,30720000.0,0.0,,test
1598,399,OnlyLTE_frame_91,2,0,LTE,30720000.0,0.0,,test
1599,399,OnlyLTE_frame_91,3,0,LTE,30720000.0,0.0,,test
1600,400,OnlyLTE_frame_92,0,0,LTE,30720000.0,0.0,,test
1601,400,OnlyLTE_frame_92,1,0,LTE,30720000.0,0.0,,test
1602,400,OnlyLTE_frame_92,2,0,LTE,30720000.0,0.0,,test
1603,400,OnlyLTE_frame_92,3,0,LTE,30720000.0,0.0,,test
1604,401,OnlyLTE_frame_93,0,0,LTE,30720000.0,0.0,,train
1605,401,OnlyLTE_frame_93,1,0,LTE,30720000.0,0.0,,train
1606,401,OnlyLTE_frame_93,2,0,LTE,30720000.0,0.0,,train
1607,401,OnlyLTE_frame_93,3,0,LTE,30720000.0,0.0,,train
1608,402,OnlyLTE_frame_94,0,0,LTE,30720000.0,0.0,,train
1609,402,OnlyLTE_frame_94,1,0,LTE,30720000.0,0.0,,train
1610,402,OnlyLTE_frame_94,2,0,LTE,30720000.0,0.0,,train
1611,402,OnlyLTE_frame_94,3,0,LTE,30720000.0,0.0,,train
1612,403,OnlyLTE_frame_95,0,0,LTE,30720000.0,0.0,,train
1613,403,OnlyLTE_frame_95,1,0,LTE,30720000.0,0.0,,train
1614,403,OnlyLTE_frame_95,2,0,LTE,30720000.0,0.0,,train
1615,403,OnlyLTE_frame_95,3,0,LTE,30720000.0,0.0,,train
1616,404,OnlyLTE_frame_96,0,0,LTE,30720000.0,0.0,,train
1617,404,OnlyLTE_frame_96,1,0,LTE,30720000.0,0.0,,train
1618,404,OnlyLTE_frame_96,2,0,LTE,30720000.0,0.0,,train
1619,404,OnlyLTE_frame_96,3,0,LTE,30720000.0,0.0,,train
1620,405,OnlyLTE_frame_97,0,0,LTE,30720000.0,0.0,,train
1621,405,OnlyLTE_frame_97,1,0,LTE,30720000.0,0.0,,train
1622,405,OnlyLTE_frame_97,2,0,LTE,30720000.0,0.0,,train
1623,405,OnlyLTE_frame_97,3,0,LTE,30720000.0,0.0,,train
1624,406,OnlyLTE_frame_98,0,0,LTE,30720000.0,0.0,,val
1625,406,OnlyLTE_frame_98,1,0,LTE,30720000.0,0.0,,val
1626,406,OnlyLTE_frame_98,2,0,LTE,30720000.0,0.0,,val
1627,406,OnlyLTE_frame_98,3,0,LTE,30720000.0,0.0,,val
1628,407,OnlyLTE_frame_99,0,0,LTE,30720000.0,0.0,,train
1629,407,OnlyLTE_frame_99,1,0,LTE,30720000.0,0.0,,train
1630,407,OnlyLTE_frame_99,2,0,LTE,30720000.0,0.0,,train
1631,407,OnlyLTE_frame_99,3,0,LTE,30720000.0,0.0,,train
